,country,year,d_riot,preds_proba,preds
0,Afghanistan,2017,0,0.6130493411843204,1
1,Afghanistan,2018,1,0.6125982924890832,1
2,Afghanistan,2019,0,0.8101382743359165,1
3,Afghanistan,2020,1,0.4974754220662546,0
4,Afghanistan,2021,1,0.8006416246011209,1
5,Afghanistan,2022,1,0.7963449292498002,1
6,Afghanistan,2023,1,0.7868650178561473,1
7,Albania,2018,1,0.6480407977364384,1
8,Albania,2019,1,0.7358468916498113,1
9,Albania,2020,1,0.7343771606499199,1
10,Albania,2021,1,0.7217856867075555,1
11,Albania,2022,0,0.7294494041424019,1
12,Albania,2023,0,0.43162769647623983,0
13,Algeria,2017,1,0.8980487984118084,1
14,Algeria,2018,1,0.9107666890211754,1
15,Algeria,2019,1,0.9134499208146176,1
16,Algeria,2020,1,0.8471752388511372,1
17,Algeria,2021,1,0.8894168987430553,1
18,Algeria,2022,1,0.8172231488966727,1
19,Algeria,2023,1,0.777586773669003,1
20,Angola,2017,1,0.20973949576558365,0
21,Angola,2018,0,0.4325704211102749,0
22,Angola,2019,1,0.5101673721412154,1
23,Angola,2020,1,0.5456025476666276,1
24,Angola,2021,1,0.6319927362392207,1
25,Angola,2022,1,0.7082965570737084,1
26,Angola,2023,1,0.5292303699583625,1
27,Argentina,2018,1,0.6893070269572069,1
28,Argentina,2019,1,0.7651344493363178,1
29,Argentina,2020,1,0.775376699282051,1
30,Argentina,2021,1,0.787109453863512,1
31,Argentina,2022,1,0.7730816369408089,1
32,Argentina,2023,1,0.7714992206094382,1
33,Armenia,2018,1,0.37679456925067756,0
34,Armenia,2019,1,0.6080779337246179,1
35,Armenia,2020,1,0.673181450824007,1
36,Armenia,2021,1,0.6397619668054553,1
37,Armenia,2022,0,0.6047552304000716,1
38,Armenia,2023,0,0.4211093706599528,0
39,Australia,2021,1,0.5975448987459473,1
40,Australia,2022,1,0.7043978606872341,1
41,Australia,2023,1,0.7002108219790096,1
42,Austria,2020,1,0.6211282932139773,1
43,Austria,2021,1,0.7116385674862187,1
44,Austria,2022,1,0.7052701616695637,1
45,Austria,2023,1,0.7101346539364174,1
46,Azerbaijan,2018,0,0.36918125611757024,0
47,Azerbaijan,2019,0,0.3754988858356093,0
48,Azerbaijan,2020,1,0.4175958993251008,0
49,Azerbaijan,2021,0,0.6298662747437258,1
50,Azerbaijan,2022,0,0.40624703599226464,0
51,Azerbaijan,2023,0,0.417066864465069,0
52,Bahrain,2017,1,0.6432532760509153,1
53,Bahrain,2018,1,0.6826280851104611,1
54,Bahrain,2019,1,0.5335663079380006,1
55,Bahrain,2020,1,0.5185203298123382,1
56,Bahrain,2021,1,0.5429533701042635,1
57,Bahrain,2022,1,0.6053003070168173,1
58,Bahrain,2023,1,0.6162792596172162,1
59,Bangladesh,2017,1,0.8665141523727047,1
60,Bangladesh,2018,1,0.8958208954228167,1
61,Bangladesh,2019,1,0.7247030583345953,1
62,Bangladesh,2020,1,0.7703806512703808,1
63,Bangladesh,2021,1,0.8652646356870515,1
64,Bangladesh,2022,1,0.8448673830051473,1
65,Bangladesh,2023,1,0.8408626773584582,1
66,Barbados,2018,0,0.46049370835312264,0
67,Barbados,2019,0,0.45253450257033534,0
68,Barbados,2020,0,0.4596528023188744,0
69,Barbados,2021,0,0.5013456259347133,1
70,Barbados,2022,0,0.47904016389822623,0
71,Barbados,2023,0,0.5064165254906019,1
72,Belarus,2018,0,0.3617223522596036,0
73,Belarus,2019,0,0.3694403975591215,0
74,Belarus,2020,1,0.40288579166447025,0
75,Belarus,2021,0,0.6014975877204041,1
76,Belarus,2022,0,0.3944921372770974,0
77,Belarus,2023,0,0.42091449701758354,0
78,Belgium,2020,1,0.6938598055260754,1
79,Belgium,2021,1,0.7406715958713871,1
80,Belgium,2022,1,0.7358324137353582,1
81,Belgium,2023,1,0.7345702070083725,1
82,Benin,2017,0,0.20943932638322554,0
83,Benin,2018,1,0.21409397996569868,0
84,Benin,2019,1,0.604314484405145,1
85,Benin,2020,1,0.6167434684166193,1
86,Benin,2021,1,0.6069391319713612,1
87,Benin,2022,1,0.6346555148874053,1
88,Benin,2023,1,0.6512282856965385,1
89,Bhutan,2020,0,0.5657675817465523,1
90,Bhutan,2021,0,0.6020376778474177,1
91,Bhutan,2022,0,0.586980990929697,1
92,Bhutan,2023,0,0.5671388967505419,1
93,Bolivia,2018,1,0.6699789474223571,1
94,Bolivia,2019,1,0.8336192895366672,1
95,Bolivia,2020,1,0.8013831484327338,1
96,Bolivia,2021,1,0.7779450051716714,1
97,Bolivia,2022,1,0.8041917918246326,1
98,Bolivia,2023,1,0.7990810540396149,1
99,Bosnia-Herzegovina,2018,1,0.43322520729364455,0
100,Bosnia-Herzegovina,2019,1,0.7069094813291275,1
101,Bosnia-Herzegovina,2020,0,0.6638146755505052,1
102,Bosnia-Herzegovina,2021,0,0.4326440523513202,0
103,Bosnia-Herzegovina,2022,0,0.4237598857683187,0
104,Bosnia-Herzegovina,2023,0,0.4328574444190663,0
105,Botswana,2017,0,0.09209400429099354,0
106,Botswana,2018,0,0.1653969082418793,0
107,Botswana,2019,0,0.22136890407680015,0
108,Botswana,2020,1,0.22562706877005795,0
109,Botswana,2021,0,0.5129543419576925,1
110,Botswana,2022,1,0.3381543393511381,0
111,Botswana,2023,1,0.5987631674830225,1
112,Brazil,2018,1,0.8019501441836302,1
113,Brazil,2019,1,0.9007512651050705,1
114,Brazil,2020,1,0.8679767091128904,1
115,Brazil,2021,1,0.8725690930600443,1
116,Brazil,2022,1,0.8722304325921759,1
117,Brazil,2023,1,0.831306957081362,1
118,Bulgaria,2018,1,0.4835954801726837,0
119,Bulgaria,2019,1,0.6681696540621946,1
120,Bulgaria,2020,1,0.6797471864386557,1
121,Bulgaria,2021,1,0.6821291564355076,1
122,Bulgaria,2022,0,0.6791207937848374,1
123,Bulgaria,2023,0,0.402532528071868,0
124,Burkina Faso,2017,1,0.8813414111816869,1
125,Burkina Faso,2018,1,0.8018203532491979,1
126,Burkina Faso,2019,1,0.8088594091427739,1
127,Burkina Faso,2020,1,0.7862145703180397,1
128,Burkina Faso,2021,1,0.7693395737141742,1
129,Burkina Faso,2022,1,0.7900850066118681,1
130,Burkina Faso,2023,1,0.7647920017499863,1
131,Burundi,2017,1,0.7988551900486753,1
132,Burundi,2018,1,0.757425441072443,1
133,Burundi,2019,1,0.7587099767556378,1
134,Burundi,2020,1,0.7359700104703004,1
135,Burundi,2021,1,0.7426368028272047,1
136,Burundi,2022,1,0.6861410062101325,1
137,Burundi,2023,1,0.677026393533678,1
138,Cambodia (Kampuchea),2017,1,0.7511593629167663,1
139,Cambodia (Kampuchea),2018,1,0.7353576333772058,1
140,Cambodia (Kampuchea),2019,0,0.7299815798414895,1
141,Cambodia (Kampuchea),2020,0,0.4470554122010272,0
142,Cambodia (Kampuchea),2021,0,0.44279658848933967,0
143,Cambodia (Kampuchea),2022,0,0.43723789822983433,0
144,Cambodia (Kampuchea),2023,0,0.5142456445892188,1
145,Cameroon,2017,1,0.7851138046574573,1
146,Cameroon,2018,1,0.7569314451661535,1
147,Cameroon,2019,1,0.7799756924582548,1
148,Cameroon,2020,1,0.7787542170277536,1
149,Cameroon,2021,1,0.7779445504736052,1
150,Cameroon,2022,1,0.817044259063219,1
151,Cameroon,2023,1,0.8224383517943546,1
152,Canada,2021,1,0.4426138465039825,0
153,Canada,2022,1,0.5689092773865577,1
154,Canada,2023,1,0.5720335084143019,1
155,Cabo Verde,2020,0,0.4427960788236476,0
156,Cabo Verde,2021,0,0.42412838539951125,0
157,Cabo Verde,2022,0,0.426845741513434,0
158,Cabo Verde,2023,0,0.4333758703352789,0
159,Central African Republic,2017,1,0.8695710986463145,1
160,Central African Republic,2018,1,0.8326501623353415,1
161,Central African Republic,2019,1,0.845436645177621,1
162,Central African Republic,2020,1,0.8184713830501411,1
163,Central African Republic,2021,1,0.7859669549377197,1
164,Central African Republic,2022,1,0.8247350686426667,1
165,Central African Republic,2023,1,0.79869635158338,1
166,Chad,2017,0,0.16708698756162865,0
167,Chad,2018,0,0.18869509356282238,0
168,Chad,2019,1,0.20817804373814716,0
169,Chad,2020,1,0.5216956249680791,1
170,Chad,2021,1,0.5376748890860004,1
171,Chad,2022,1,0.5808544919560221,1
172,Chad,2023,1,0.581520514774612,1
173,Chile,2018,1,0.7022832784388537,1
174,Chile,2019,1,0.7978911319362089,1
175,Chile,2020,1,0.7943426040207955,1
176,Chile,2021,1,0.81712795029186,1
177,Chile,2022,1,0.807708009353717,1
178,Chile,2023,1,0.8178333966248638,1
179,China,2018,1,0.5498498740729969,1
180,China,2019,1,0.683212111320113,1
181,China,2020,1,0.6893583455231183,1
182,China,2021,1,0.6889987129554156,1
183,China,2022,1,0.6705557498887895,1
184,China,2023,1,0.6944142447356985,1
185,Colombia,2018,1,0.8312844006856153,1
186,Colombia,2019,1,0.9019612887801285,1
187,Colombia,2020,1,0.8933004231699976,1
188,Colombia,2021,1,0.8890589305360335,1
189,Colombia,2022,1,0.8818989479901636,1
190,Colombia,2023,1,0.8876553045017823,1
191,Comoros,2020,0,0.42215505808078885,0
192,Comoros,2021,0,0.4084046903691856,0
193,Comoros,2022,1,0.4230559721564594,0
194,Comoros,2023,0,0.5561493956081145,1
195,Costa Rica,2018,1,0.709392116087733,1
196,Costa Rica,2019,1,0.7279886616411688,1
197,Costa Rica,2020,1,0.7269444960388225,1
198,Costa Rica,2021,1,0.7320168878068005,1
199,Costa Rica,2022,1,0.7364006519772431,1
200,Costa Rica,2023,1,0.7531838719613969,1
201,Croatia,2018,0,0.3886914314922561,0
202,Croatia,2019,0,0.4147879229178805,0
203,Croatia,2020,0,0.4586828736410163,0
204,Croatia,2021,1,0.40121148821622943,0
205,Croatia,2022,0,0.6099291520053676,1
206,Croatia,2023,0,0.36710855842194756,0
207,Cuba,2018,0,0.5684713242594728,1
208,Cuba,2019,0,0.5681246226338014,1
209,Cuba,2020,1,0.5724823060290589,1
210,Cuba,2021,1,0.6595551332629203,1
211,Cuba,2022,1,0.654242762270633,1
212,Cuba,2023,1,0.6559663343256803,1
213,Cyprus,2018,1,0.4302349289215788,0
214,Cyprus,2019,1,0.645197614718559,1
215,Cyprus,2020,1,0.6415965058268878,1
216,Cyprus,2021,1,0.639726737549641,1
217,Cyprus,2022,1,0.6448577144831572,1
218,Cyprus,2023,1,0.6524072018081074,1
219,Czechia,2020,0,0.3944512666622121,0
220,Czechia,2021,0,0.3794724484001666,0
221,Czechia,2022,0,0.36459930723194783,0
222,Czechia,2023,1,0.4187734761056482,0
223,DR Congo (Zaire),2017,1,0.8436118894367763,1
224,DR Congo (Zaire),2018,1,0.8303846880750578,1
225,DR Congo (Zaire),2019,1,0.8340923025431536,1
226,DR Congo (Zaire),2020,1,0.8108033469541469,1
227,DR Congo (Zaire),2021,1,0.7593206610793573,1
228,DR Congo (Zaire),2022,1,0.788554383611364,1
229,DR Congo (Zaire),2023,1,0.8127137001121788,1
230,Denmark,2020,1,0.6833836783332214,1
231,Denmark,2021,0,0.7462154142034281,1
232,Denmark,2022,0,0.5202460728756853,1
233,Denmark,2023,0,0.527487426587678,1
234,Djibouti,2017,0,0.09398868310902929,0
235,Djibouti,2018,0,0.07650136289913012,0
236,Djibouti,2019,0,0.08193155216526854,0
237,Djibouti,2020,0,0.09907921296611316,0
238,Djibouti,2021,0,0.14164390924510614,0
239,Djibouti,2022,0,0.15581844122986885,0
240,Djibouti,2023,1,0.16622783954026496,0
241,Dominican Republic,2018,1,0.7126963568912604,1
242,Dominican Republic,2019,1,0.8058251192157639,1
243,Dominican Republic,2020,0,0.7893187672049096,1
244,Dominican Republic,2021,1,0.599598737266047,1
245,Dominican Republic,2022,1,0.7835487992712278,1
246,Dominican Republic,2023,1,0.7874822079667398,1
247,East Timor,2020,0,0.2476027103668772,0
248,East Timor,2021,0,0.2558965290209279,0
249,East Timor,2022,0,0.26690972738510543,0
250,East Timor,2023,0,0.2883129614300315,0
251,Ecuador,2018,1,0.7757989416821989,1
252,Ecuador,2019,1,0.8300216066876464,1
253,Ecuador,2020,1,0.8272366356911276,1
254,Ecuador,2021,1,0.8357012732143048,1
255,Ecuador,2022,1,0.8430107562306097,1
256,Ecuador,2023,1,0.8648777177008153,1
257,Egypt,2017,1,0.9516554935406261,1
258,Egypt,2018,1,0.9283594174841251,1
259,Egypt,2019,1,0.8932877099390385,1
260,Egypt,2020,1,0.8673715070786009,1
261,Egypt,2021,1,0.8759829606372487,1
262,Egypt,2022,1,0.8812766287779159,1
263,Egypt,2023,0,0.8744042462160786,1
264,El Salvador,2018,1,0.6646429586283329,1
265,El Salvador,2019,1,0.7188332704754526,1
266,El Salvador,2020,1,0.7511896027453234,1
267,El Salvador,2021,1,0.738348868356871,1
268,El Salvador,2022,0,0.7620952309669183,1
269,El Salvador,2023,0,0.5750670582391479,1
270,Equatorial Guinea,2017,0,0.051002320418883106,0
271,Equatorial Guinea,2018,0,0.0666395634114675,0
272,Equatorial Guinea,2019,0,0.07462280257833699,0
273,Equatorial Guinea,2020,0,0.13208659912692547,0
274,Equatorial Guinea,2021,0,0.12473079142352532,0
275,Equatorial Guinea,2022,0,0.13684308751771218,0
276,Equatorial Guinea,2023,0,0.22876207705985208,0
277,Eritrea,2017,0,0.08482241932251339,0
278,Eritrea,2018,0,0.11713259383438271,0
279,Eritrea,2019,0,0.14155104661120269,0
280,Eritrea,2020,0,0.17532004488747627,0
281,Eritrea,2021,0,0.1775436429150445,0
282,Eritrea,2022,0,0.17556368918976073,0
283,Eritrea,2023,0,0.18632368686482254,0
284,Estonia,2020,0,0.3448602057040482,0
285,Estonia,2021,0,0.32623056221044083,0
286,Estonia,2022,0,0.31996362699653236,0
287,Estonia,2023,0,0.3233363216452062,0
288,Ethiopia,2017,1,0.6586664482565328,1
289,Ethiopia,2018,1,0.6783064621469839,1
290,Ethiopia,2019,1,0.7344448703973689,1
291,Ethiopia,2020,1,0.7429011922921568,1
292,Ethiopia,2021,1,0.7556678413433852,1
293,Ethiopia,2022,1,0.7497457410877053,1
294,Ethiopia,2023,1,0.7450719610843568,1
295,Fiji,2021,0,0.3978503469962493,0
296,Fiji,2022,0,0.428698056432043,0
297,Fiji,2023,0,0.4240868347356731,0
298,Finland,2020,1,0.5287099400696742,1
299,Finland,2021,0,0.7221895691310215,1
300,Finland,2022,0,0.4191802375234067,0
301,Finland,2023,0,0.4210287424630159,0
302,France,2020,1,0.7016648528123813,1
303,France,2021,1,0.7663163204491731,1
304,France,2022,1,0.7647200437374154,1
305,France,2023,1,0.7646788309571226,1
306,Gabon,2017,0,0.7703902474294901,1
307,Gabon,2018,1,0.5240820524307849,1
308,Gabon,2019,1,0.7553189440404671,1
309,Gabon,2020,1,0.7252322535912342,1
310,Gabon,2021,1,0.7176508405979956,1
311,Gabon,2022,1,0.7369809065855628,1
312,Gabon,2023,1,0.7642935884654923,1
313,Gambia,2017,1,0.46839254742728686,0
314,Gambia,2018,0,0.6155150939587863,1
315,Gambia,2019,0,0.4153254880024299,0
316,Gambia,2020,1,0.4327244359246449,0
317,Gambia,2021,1,0.6573254600869558,1
318,Gambia,2022,0,0.5992962936781743,1
319,Gambia,2023,0,0.3627693827293994,0
320,Georgia,2018,1,0.35073277791655366,0
321,Georgia,2019,1,0.5680096575871301,1
322,Georgia,2020,1,0.6116266385833928,1
323,Georgia,2021,1,0.5753961642480981,1
324,Georgia,2022,1,0.5760212612721308,1
325,Georgia,2023,1,0.5618417041806951,1
326,Germany,2020,1,0.7363549038220897,1
327,Germany,2021,1,0.7193136444965631,1
328,Germany,2022,1,0.7158352557215552,1
329,Germany,2023,1,0.7093649092522801,1
330,Ghana,2017,1,0.8726120489479277,1
331,Ghana,2018,1,0.8687958587528422,1
332,Ghana,2019,1,0.8322837223393382,1
333,Ghana,2020,1,0.8627210292028358,1
334,Ghana,2021,1,0.8566913007968608,1
335,Ghana,2022,1,0.8664428839237417,1
336,Ghana,2023,1,0.8366401983026964,1
337,Greece,2018,1,0.6219727436740523,1
338,Greece,2019,1,0.7607694241087286,1
339,Greece,2020,1,0.7269989829161704,1
340,Greece,2021,1,0.72886279400755,1
341,Greece,2022,1,0.7343928408144746,1
342,Greece,2023,1,0.7335513888795469,1
343,Guatemala,2018,1,0.7685111447243527,1
344,Guatemala,2019,1,0.8303140110653354,1
345,Guatemala,2020,1,0.8217790949245276,1
346,Guatemala,2021,1,0.8115819421967692,1
347,Guatemala,2022,1,0.8198365392296132,1
348,Guatemala,2023,1,0.8392252748017668,1
349,Guinea,2017,1,0.8571241237624159,1
350,Guinea,2018,1,0.8575600728117668,1
351,Guinea,2019,1,0.801144859009907,1
352,Guinea,2020,1,0.7507478498528188,1
353,Guinea,2021,1,0.7291374486876493,1
354,Guinea,2022,1,0.7240858774433643,1
355,Guinea,2023,1,0.7098911446910375,1
356,Guinea-Bissau,2017,0,0.17398545461905152,0
357,Guinea-Bissau,2018,0,0.23193268179391632,0
358,Guinea-Bissau,2019,0,0.23546939354083352,0
359,Guinea-Bissau,2020,0,0.2581588334090201,0
360,Guinea-Bissau,2021,0,0.25740190378610733,0
361,Guinea-Bissau,2022,0,0.33176855875175576,0
362,Guinea-Bissau,2023,0,0.3320372914888343,0
363,Guyana,2018,0,0.41792269950917516,0
364,Guyana,2019,0,0.32451373651593474,0
365,Guyana,2020,1,0.3626731960800686,0
366,Guyana,2021,1,0.6661115440126156,1
367,Guyana,2022,1,0.6968450793955258,1
368,Guyana,2023,1,0.7186653071539957,1
369,Haiti,2018,1,0.670082315241606,1
370,Haiti,2019,1,0.7726426188179514,1
371,Haiti,2020,1,0.779659100099936,1
372,Haiti,2021,1,0.800993300797374,1
373,Haiti,2022,1,0.8048752331470229,1
374,Haiti,2023,1,0.8103132360180733,1
375,Honduras,2018,1,0.7224091370493938,1
376,Honduras,2019,1,0.7852342706109787,1
377,Honduras,2020,1,0.7777629843682712,1
378,Honduras,2021,1,0.789479484620105,1
379,Honduras,2022,1,0.7539946617193184,1
380,Honduras,2023,1,0.7478576630359082,1
381,Hungary,2020,0,0.4751668128186673,0
382,Hungary,2021,0,0.49492932999607087,0
383,Hungary,2022,0,0.4961039878483937,0
384,Hungary,2023,1,0.496908468538825,0
385,Iceland,2020,0,0.6811811534240781,1
386,Iceland,2021,0,0.6668641519153151,1
387,Iceland,2022,0,0.6358268267013476,1
388,Iceland,2023,0,0.6361302701058339,1
389,India,2017,1,0.920425317724381,1
390,India,2018,1,0.9106992066863642,1
391,India,2019,1,0.8994556060470419,1
392,India,2020,1,0.8908686206568647,1
393,India,2021,1,0.8804789094495042,1
394,India,2022,1,0.871215126801923,1
395,India,2023,1,0.858666121594022,1
396,Indonesia,2017,1,0.933452361411147,1
397,Indonesia,2018,1,0.9226614951808949,1
398,Indonesia,2019,1,0.914395995726786,1
399,Indonesia,2020,1,0.9023391932960425,1
400,Indonesia,2021,1,0.9038569061795028,1
401,Indonesia,2022,1,0.8705398967669349,1
402,Indonesia,2023,1,0.8682464695363894,1
403,Iran,2017,1,0.8970154265166661,1
404,Iran,2018,1,0.8843162822506722,1
405,Iran,2019,1,0.8622014435581897,1
406,Iran,2020,1,0.8510463925669396,1
407,Iran,2021,1,0.8381936249547048,1
408,Iran,2022,1,0.8250577468377347,1
409,Iran,2023,1,0.8269275804093152,1
410,Iraq,2017,1,0.8865512719441846,1
411,Iraq,2018,1,0.8704511490167799,1
412,Iraq,2019,1,0.8712959195802925,1
413,Iraq,2020,1,0.8661117376879689,1
414,Iraq,2021,1,0.8718613052343569,1
415,Iraq,2022,1,0.868442047754747,1
416,Iraq,2023,1,0.8882077334649889,1
417,Ireland,2020,1,0.5970060845723812,1
418,Ireland,2021,0,0.7011797302445071,1
419,Ireland,2022,0,0.39896738883325045,0
420,Ireland,2023,1,0.4036692331349223,0
421,Israel,2017,1,0.8757068016060079,1
422,Israel,2018,1,0.8660675417809911,1
423,Israel,2019,1,0.8527990623698709,1
424,Israel,2020,1,0.8611791886423886,1
425,Israel,2021,1,0.8551957709429239,1
426,Israel,2022,1,0.8505429670541196,1
427,Israel,2023,1,0.8397069123857678,1
428,Italy,2020,1,0.6942958733822391,1
429,Italy,2021,1,0.7620985294068573,1
430,Italy,2022,1,0.7560341627200944,1
431,Italy,2023,1,0.7544588526498389,1
432,Ivory Coast,2017,1,0.9087173640639892,1
433,Ivory Coast,2018,1,0.8539021218064189,1
434,Ivory Coast,2019,1,0.8865646639195681,1
435,Ivory Coast,2020,1,0.8750697720982772,1
436,Ivory Coast,2021,1,0.8468984009313034,1
437,Ivory Coast,2022,1,0.8752410534846192,1
438,Ivory Coast,2023,1,0.8801081773369649,1
439,Jamaica,2018,1,0.45659528814225137,0
440,Jamaica,2019,1,0.6916975622041652,1
441,Jamaica,2020,1,0.6606479400326624,1
442,Jamaica,2021,1,0.695336819895149,1
443,Jamaica,2022,1,0.6670027627261915,1
444,Jamaica,2023,1,0.6705858375694647,1
445,Japan,2018,0,0.6972664949518448,1
446,Japan,2019,0,0.6898573848482619,1
447,Japan,2020,0,0.6997812699219059,1
448,Japan,2021,0,0.6958382530266644,1
449,Japan,2022,0,0.6958860917243779,1
450,Japan,2023,0,0.696260641814037,1
451,Jordan,2017,1,0.7880260922799187,1
452,Jordan,2018,1,0.771080277081426,1
453,Jordan,2019,1,0.749387319036767,1
454,Jordan,2020,1,0.7429329537225395,1
455,Jordan,2021,1,0.7348107731271536,1
456,Jordan,2022,1,0.7081223172436008,1
457,Jordan,2023,1,0.7002954416135114,1
458,Kazakhstan,2018,0,0.3295564868875372,0
459,Kazakhstan,2019,1,0.39600522727607873,0
460,Kazakhstan,2020,1,0.6193398932158563,1
461,Kazakhstan,2021,1,0.6035516526803615,1
462,Kazakhstan,2022,1,0.6400723943149021,1
463,Kazakhstan,2023,1,0.6402197292836276,1
464,Kenya,2017,1,0.9022918504405504,1
465,Kenya,2018,1,0.9214591164264686,1
466,Kenya,2019,1,0.9337079128547245,1
467,Kenya,2020,1,0.9345328771538564,1
468,Kenya,2021,1,0.879179678263172,1
469,Kenya,2022,1,0.8968920210550039,1
470,Kenya,2023,1,0.872019362099085,1
471,Kuwait,2017,0,0.2813316405037728,0
472,Kuwait,2018,0,0.28716894034453294,0
473,Kuwait,2019,0,0.30244062496487467,0
474,Kuwait,2020,0,0.3231640272281815,0
475,Kuwait,2021,0,0.35818683963776804,0
476,Kuwait,2022,0,0.32463416380372845,0
477,Kuwait,2023,0,0.34739693562855567,0
478,Kyrgyzstan,2018,1,0.5194356486010561,1
479,Kyrgyzstan,2019,1,0.735531892249026,1
480,Kyrgyzstan,2020,1,0.7510508404386372,1
481,Kyrgyzstan,2021,1,0.722247677290739,1
482,Kyrgyzstan,2022,1,0.672769432272494,1
483,Kyrgyzstan,2023,1,0.669110062117411,1
484,Laos,2017,0,0.28740337279598427,0
485,Laos,2018,0,0.38082478267573067,0
486,Laos,2019,0,0.39195561748214314,0
487,Laos,2020,0,0.41791456347107614,0
488,Laos,2021,0,0.44602595956586355,0
489,Laos,2022,0,0.4416495768135078,0
490,Laos,2023,0,0.44190110079205425,0
491,Latvia,2020,0,0.35379127672781796,0
492,Latvia,2021,0,0.34768481322638256,0
493,Latvia,2022,0,0.3430601715940047,0
494,Latvia,2023,0,0.38759457970970823,0
495,Lebanon,2017,1,0.8782774477949176,1
496,Lebanon,2018,1,0.8936903579977378,1
497,Lebanon,2019,1,0.8722201914958356,1
498,Lebanon,2020,1,0.8646232057739399,1
499,Lebanon,2021,1,0.8419562184703251,1
500,Lebanon,2022,1,0.8280941267525688,1
501,Lebanon,2023,1,0.8256876415620688,1
502,Lesotho,2017,0,0.1800730654549416,0
503,Lesotho,2018,0,0.20269622231319606,0
504,Lesotho,2019,0,0.20144211165652304,0
505,Lesotho,2020,1,0.18199801504872468,0
506,Lesotho,2021,1,0.5570568290597577,1
507,Lesotho,2022,1,0.5642148281104113,1
508,Lesotho,2023,0,0.5838726865881518,1
509,Liberia,2017,1,0.7818379020560912,1
510,Liberia,2018,1,0.7523463208651805,1
511,Liberia,2019,1,0.7522196834844643,1
512,Liberia,2020,1,0.708403844595516,1
513,Liberia,2021,1,0.6998608567222864,1
514,Liberia,2022,1,0.6909591362790088,1
515,Liberia,2023,1,0.6827602644400703,1
516,Libya,2017,1,0.8695723581130459,1
517,Libya,2018,1,0.8498842371959403,1
518,Libya,2019,1,0.8168829636976329,1
519,Libya,2020,1,0.844983846759765,1
520,Libya,2021,0,0.7857779445953191,1
521,Libya,2022,1,0.534890522878932,1
522,Libya,2023,1,0.7548411345177839,1
523,Lithuania,2020,0,0.35271853067287934,0
524,Lithuania,2021,0,0.3404114806708868,0
525,Lithuania,2022,0,0.3312286767687093,0
526,Lithuania,2023,0,0.3253085722047112,0
527,Luxembourg,2020,0,0.5378674580902072,1
528,Luxembourg,2021,0,0.44579928223871496,0
529,Luxembourg,2022,0,0.4247306202828375,0
530,Luxembourg,2023,0,0.42041501470328674,0
531,Madagascar,2017,1,0.8790636467920501,1
532,Madagascar,2018,1,0.8532326625653435,1
533,Madagascar,2019,1,0.8649471979644286,1
534,Madagascar,2020,1,0.8366233674294565,1
535,Madagascar,2021,1,0.8120358181708462,1
536,Madagascar,2022,1,0.8472844217652913,1
537,Madagascar,2023,1,0.8604100208593275,1
538,Malawi,2017,1,0.8309473940019294,1
539,Malawi,2018,1,0.738987516585675,1
540,Malawi,2019,1,0.7351711665064828,1
541,Malawi,2020,1,0.7626430528132392,1
542,Malawi,2021,1,0.7579238088640416,1
543,Malawi,2022,1,0.7594942577214024,1
544,Malawi,2023,1,0.7976802786150987,1
545,Malaysia,2018,1,0.5432900586605531,1
546,Malaysia,2019,1,0.8156402281081823,1
547,Malaysia,2020,0,0.8276147742277361,1
548,Malaysia,2021,0,0.5502934856847213,1
549,Malaysia,2022,0,0.5592169089483472,1
550,Malaysia,2023,0,0.5420425351142713,1
551,Maldives,2020,1,0.47666215671534984,0
552,Maldives,2021,0,0.6742236231926411,1
553,Maldives,2022,0,0.48388120044653804,0
554,Maldives,2023,1,0.4918718827652206,0
555,Mali,2017,1,0.4019702972650763,0
556,Mali,2018,1,0.666544801694297,1
557,Mali,2019,1,0.7229507788613596,1
558,Mali,2020,1,0.7353760673227081,1
559,Mali,2021,1,0.7069037820702087,1
560,Mali,2022,1,0.7518056172619214,1
561,Mali,2023,1,0.7737695814352544,1
562,Malta,2020,1,0.4890337057976486,0
563,Malta,2021,0,0.7257860667753876,1
564,Malta,2022,0,0.48864736766551853,0
565,Malta,2023,0,0.5059958021045025,1
566,Mauritania,2017,0,0.41509312697552114,0
567,Mauritania,2018,0,0.41171461363123035,0
568,Mauritania,2019,1,0.5609507150978923,1
569,Mauritania,2020,1,0.6588208411218326,1
570,Mauritania,2021,1,0.6425406391306789,1
571,Mauritania,2022,0,0.6733462125485705,1
572,Mauritania,2023,1,0.39368899037247546,0
573,Mauritius,2020,1,0.4927816518550456,0
574,Mauritius,2021,1,0.7070457330773798,1
575,Mauritius,2022,1,0.6720610564284728,1
576,Mauritius,2023,1,0.6878478341723211,1
577,Mexico,2018,1,0.8347495843079145,1
578,Mexico,2019,1,0.9044611009571042,1
579,Mexico,2020,1,0.9019953566028684,1
580,Mexico,2021,1,0.8705079831339191,1
581,Mexico,2022,1,0.8659318904618397,1
582,Mexico,2023,1,0.8793400203379178,1
583,Moldova,2018,0,0.42513774937654647,0
584,Moldova,2019,1,0.40867346155452006,0
585,Moldova,2020,1,0.6699320520755769,1
586,Moldova,2021,1,0.6803386902433639,1
587,Moldova,2022,0,0.6615666275951005,1
588,Moldova,2023,0,0.4665065751867951,0
589,Mongolia,2018,0,0.6599186720801108,1
590,Mongolia,2019,0,0.5527868816815772,1
591,Mongolia,2020,0,0.5671756803335893,1
592,Mongolia,2021,0,0.5911331129018029,1
593,Mongolia,2022,0,0.5704680145606017,1
594,Mongolia,2023,0,0.6001691936139222,1
595,Montenegro,2018,0,0.3486882888972509,0
596,Montenegro,2019,0,0.3904685290379295,0
597,Montenegro,2020,1,0.4047726905664519,0
598,Montenegro,2021,1,0.6402907710190091,1
599,Montenegro,2022,0,0.6426265391570639,1
600,Montenegro,2023,0,0.3335143238057206,0
601,Morocco,2017,1,0.8335018394774064,1
602,Morocco,2018,1,0.8558062556154328,1
603,Morocco,2019,1,0.8259501226370012,1
604,Morocco,2020,1,0.8077622190132779,1
605,Morocco,2021,1,0.8405528034511021,1
606,Morocco,2022,1,0.8392056581938782,1
607,Morocco,2023,1,0.8297110001738648,1
608,Mozambique,2017,1,0.8596986511363335,1
609,Mozambique,2018,1,0.697072612181038,1
610,Mozambique,2019,1,0.752773911612899,1
611,Mozambique,2020,1,0.7063465459328059,1
612,Mozambique,2021,1,0.7845271131120917,1
613,Mozambique,2022,1,0.8396372837075841,1
614,Mozambique,2023,1,0.6777865288147278,1
615,Myanmar (Burma),2017,1,0.9112035829369449,1
616,Myanmar (Burma),2018,1,0.8736659860877838,1
617,Myanmar (Burma),2019,1,0.8952031072057309,1
618,Myanmar (Burma),2020,1,0.8922126731003797,1
619,Myanmar (Burma),2021,1,0.7955308432833437,1
620,Myanmar (Burma),2022,0,0.7906787163694412,1
621,Myanmar (Burma),2023,0,0.5124438871502811,1
622,Namibia,2017,0,0.8018839751602165,1
623,Namibia,2018,0,0.44340429665192493,0
624,Namibia,2019,0,0.40101321191814077,0
625,Namibia,2020,0,0.4298642475913435,0
626,Namibia,2021,1,0.3991411530395536,0
627,Namibia,2022,1,0.6301382049814247,1
628,Namibia,2023,0,0.6187287880977519,1
629,Nepal,2017,1,0.9258044092838693,1
630,Nepal,2018,1,0.9399860423300087,1
631,Nepal,2019,1,0.9221916079762749,1
632,Nepal,2020,1,0.8996505627407929,1
633,Nepal,2021,1,0.8867691746586935,1
634,Nepal,2022,1,0.8752335800852564,1
635,Nepal,2023,1,0.8663205602534231,1
636,Netherlands,2020,1,0.7026538367425582,1
637,Netherlands,2021,1,0.7600582074373561,1
638,Netherlands,2022,1,0.7557160563960407,1
639,Netherlands,2023,1,0.7608110059370397,1
640,New Zealand,2021,0,0.6764509892724666,1
641,New Zealand,2022,1,0.6561569594363836,1
642,New Zealand,2023,0,0.7632247034086319,1
643,Nicaragua,2018,1,0.6557164218199341,1
644,Nicaragua,2019,1,0.6990223185772382,1
645,Nicaragua,2020,1,0.6392832653408194,1
646,Nicaragua,2021,0,0.572030417137892,1
647,Nicaragua,2022,0,0.40179241470582994,0
648,Nicaragua,2023,0,0.42234716986132825,0
649,Niger,2017,0,0.804802056625184,1
650,Niger,2018,1,0.5100684502539868,1
651,Niger,2019,1,0.7723070921480113,1
652,Niger,2020,1,0.731470142751622,1
653,Niger,2021,1,0.7169823575643672,1
654,Niger,2022,1,0.72973136763297,1
655,Niger,2023,1,0.7975422227961022,1
656,Nigeria,2017,1,0.9636032238531087,1
657,Nigeria,2018,1,0.9209919144368669,1
658,Nigeria,2019,1,0.9549673935559908,1
659,Nigeria,2020,1,0.8783233318928041,1
660,Nigeria,2021,1,0.8651719368436888,1
661,Nigeria,2022,1,0.9013185936343707,1
662,Nigeria,2023,1,0.9059878314057972,1
663,North Macedonia,2018,1,0.4346791447358323,0
664,North Macedonia,2019,0,0.633613157646256,1
665,North Macedonia,2020,0,0.41767610072714734,0
666,North Macedonia,2021,0,0.4124012052371095,0
667,North Macedonia,2022,0,0.45062248926901954,0
668,North Macedonia,2023,0,0.5048642065278841,1
669,Norway,2020,1,0.538011800043523,1
670,Norway,2021,0,0.7219454234555303,1
671,Norway,2022,0,0.4146894696554027,0
672,Norway,2023,0,0.42387693058345155,0
673,Oman,2017,0,0.4070418153027885,0
674,Oman,2018,0,0.4147838124148656,0
675,Oman,2019,0,0.4217537857273229,0
676,Oman,2020,0,0.43916373362429273,0
677,Oman,2021,1,0.45808479558805115,0
678,Oman,2022,0,0.5824799345502927,1
679,Oman,2023,0,0.38887824828390116,0
680,Pakistan,2017,1,0.9449539579015735,1
681,Pakistan,2018,1,0.9389370288136035,1
682,Pakistan,2019,1,0.9362191625757209,1
683,Pakistan,2020,1,0.9232902457202139,1
684,Pakistan,2021,1,0.9183475540069432,1
685,Pakistan,2022,1,0.915302098677021,1
686,Pakistan,2023,1,0.9080919417085619,1
687,Panama,2018,1,0.6909534771489583,1
688,Panama,2019,1,0.7856671264788045,1
689,Panama,2020,1,0.8027921977507418,1
690,Panama,2021,1,0.785202570368653,1
691,Panama,2022,1,0.7539486061271354,1
692,Panama,2023,1,0.7550483484606756,1
693,Papua New Guinea,2021,1,0.3989402740445457,0
694,Papua New Guinea,2022,1,0.7597207798806316,1
695,Papua New Guinea,2023,1,0.5805209644597733,1
696,Paraguay,2018,1,0.679743696510539,1
697,Paraguay,2019,1,0.7444381091753713,1
698,Paraguay,2020,1,0.7562449107568084,1
699,Paraguay,2021,1,0.7645089064778265,1
700,Paraguay,2022,1,0.7880261515434402,1
701,Paraguay,2023,1,0.7729168068588531,1
702,Peru,2018,1,0.7899994494567256,1
703,Peru,2019,1,0.8420429782111059,1
704,Peru,2020,1,0.8772496177117919,1
705,Peru,2021,1,0.8516949725710149,1
706,Peru,2022,1,0.8392034620284764,1
707,Peru,2023,1,0.8292477984689941,1
708,Philippines,2017,1,0.939874142577129,1
709,Philippines,2018,0,0.9385995405208327,1
710,Philippines,2019,1,0.6903278414735594,1
711,Philippines,2020,1,0.9315283496032538,1
712,Philippines,2021,0,0.9239354874461796,1
713,Philippines,2022,1,0.6353393760808502,1
714,Philippines,2023,1,0.8813848180213852,1
715,Poland,2020,1,0.5095967134865758,1
716,Poland,2021,1,0.7110077964642402,1
717,Poland,2022,1,0.6912640269877052,1
718,Poland,2023,1,0.6842336462660499,1
719,Portugal,2020,1,0.6529386359460174,1
720,Portugal,2021,0,0.7212670482181731,1
721,Portugal,2022,0,0.5122126413586816,1
722,Portugal,2023,0,0.5219891275982661,1
723,Qatar,2017,0,0.21609189692623187,0
724,Qatar,2018,0,0.23766436629588172,0
725,Qatar,2019,0,0.24757914470577602,0
726,Qatar,2020,0,0.224163593740751,0
727,Qatar,2021,0,0.2250153811789951,0
728,Qatar,2022,0,0.1978551772939845,0
729,Qatar,2023,0,0.2998201479030252,0
730,Congo,2017,0,0.372015411912333,0
731,Congo,2018,0,0.331377992866094,0
732,Congo,2019,0,0.32005501994721647,0
733,Congo,2020,0,0.4425811613514899,0
734,Congo,2021,1,0.4342289748011795,0
735,Congo,2022,1,0.5656924820243039,1
736,Congo,2023,0,0.5883188555665684,1
737,Romania,2018,0,0.6454451631489703,1
738,Romania,2019,1,0.5761583651175567,1
739,Romania,2020,1,0.8164881905735124,1
740,Romania,2021,1,0.7930662950782948,1
741,Romania,2022,0,0.7697332856802263,1
742,Romania,2023,0,0.5001916715333417,1
743,Russia (Soviet Union),2018,1,0.7234226560151893,1
744,Russia (Soviet Union),2019,1,0.7771208114398889,1
745,Russia (Soviet Union),2020,1,0.7837858167456158,1
746,Russia (Soviet Union),2021,1,0.7699706579782424,1
747,Russia (Soviet Union),2022,1,0.7646648599650917,1
748,Russia (Soviet Union),2023,1,0.7515771788374523,1
749,Rwanda,2017,0,0.24945591378592746,0
750,Rwanda,2018,0,0.21069468029811822,0
751,Rwanda,2019,0,0.229691781633403,0
752,Rwanda,2020,0,0.2503597982569711,0
753,Rwanda,2021,0,0.27041756290611024,0
754,Rwanda,2022,0,0.3203795590995701,0
755,Rwanda,2023,0,0.3032774959658906,0
756,Saudi Arabia,2017,0,0.34183935498304674,0
757,Saudi Arabia,2018,0,0.3679756314844472,0
758,Saudi Arabia,2019,0,0.3662599425675017,0
759,Saudi Arabia,2020,0,0.35949917104712714,0
760,Saudi Arabia,2021,0,0.3922978398539634,0
761,Saudi Arabia,2022,0,0.3422931052414924,0
762,Saudi Arabia,2023,0,0.3617649510643244,0
763,Senegal,2017,1,0.7867612411757895,1
764,Senegal,2018,1,0.7367966042035201,1
765,Senegal,2019,1,0.7774518141582059,1
766,Senegal,2020,1,0.760733862854515,1
767,Senegal,2021,1,0.7076332811385764,1
768,Senegal,2022,1,0.7499201932381365,1
769,Senegal,2023,1,0.7874714492271595,1
770,Serbia,2018,0,0.41965908089231974,0
771,Serbia,2019,1,0.39039034535859785,0
772,Serbia,2020,1,0.7132757357181143,1
773,Serbia,2021,0,0.7210803004411734,1
774,Serbia,2022,0,0.4395468048621093,0
775,Serbia,2023,0,0.41588568436453016,0
776,Sierra Leone,2017,1,0.8130767016463081,1
777,Sierra Leone,2018,1,0.8203793295272457,1
778,Sierra Leone,2019,1,0.7130899334700805,1
779,Sierra Leone,2020,1,0.7451332257062964,1
780,Sierra Leone,2021,1,0.6831296875223868,1
781,Sierra Leone,2022,1,0.701836972713557,1
782,Sierra Leone,2023,1,0.7473785609069756,1
783,Singapore,2020,0,0.4563728648125567,0
784,Singapore,2021,0,0.4389798496081977,0
785,Singapore,2022,0,0.46111522493634916,0
786,Singapore,2023,0,0.452641692852412,0
787,Slovakia,2020,1,0.3706626649873411,0
788,Slovakia,2021,0,0.6226050428922129,1
789,Slovakia,2022,0,0.399930868515966,0
790,Slovakia,2023,0,0.36803800890775706,0
791,Slovenia,2020,0,0.35497269508485896,0
792,Slovenia,2021,0,0.31523349478814294,0
793,Slovenia,2022,0,0.32333768993154105,0
794,Slovenia,2023,0,0.3235823556965416,0
795,Solomon Islands,2021,1,0.31069490891435947,0
796,Solomon Islands,2022,0,0.5488558779755613,1
797,Solomon Islands,2023,0,0.3353256458389239,0
798,Somalia,2017,1,0.894751813160795,1
799,Somalia,2018,1,0.8251404040346437,1
800,Somalia,2019,1,0.8583931494388413,1
801,Somalia,2020,1,0.8429981996418934,1
802,Somalia,2021,1,0.8383929171247786,1
803,Somalia,2022,1,0.8112925988612131,1
804,Somalia,2023,1,0.8235951668302218,1
805,South Africa,2017,1,0.9585160103435268,1
806,South Africa,2018,1,0.9620020784961416,1
807,South Africa,2019,1,0.9383467500451661,1
808,South Africa,2020,1,0.9343298353082503,1
809,South Africa,2021,1,0.9193040779363892,1
810,South Africa,2022,1,0.9090888685398695,1
811,South Africa,2023,1,0.8951913002371508,1
812,South Korea,2018,1,0.7332498110276044,1
813,South Korea,2019,1,0.7461798156069682,1
814,South Korea,2020,1,0.7498848490821601,1
815,South Korea,2021,1,0.7367019098759434,1
816,South Korea,2022,1,0.7322035773309191,1
817,South Korea,2023,1,0.7164908429448354,1
818,South Sudan,2017,1,0.7391111581583252,1
819,South Sudan,2018,1,0.7270733105369458,1
820,South Sudan,2019,1,0.7101208110267954,1
821,South Sudan,2020,1,0.7319512749687196,1
822,South Sudan,2021,1,0.7265994616056659,1
823,South Sudan,2022,1,0.7174257104546616,1
824,South Sudan,2023,1,0.6907806614542968,1
825,Spain,2020,1,0.6255812451826575,1
826,Spain,2021,1,0.7717230322852455,1
827,Spain,2022,1,0.7640297477807576,1
828,Spain,2023,1,0.7707027071577389,1
829,Sri Lanka,2017,1,0.9391759966507317,1
830,Sri Lanka,2018,1,0.9148707148026758,1
831,Sri Lanka,2019,1,0.9233265137839963,1
832,Sri Lanka,2020,1,0.9160822239117522,1
833,Sri Lanka,2021,1,0.903439298130543,1
834,Sri Lanka,2022,1,0.9147567689093283,1
835,Sri Lanka,2023,1,0.9053473228436331,1
836,Sudan,2017,1,0.8578253999810671,1
837,Sudan,2018,1,0.8552171109790028,1
838,Sudan,2019,1,0.8101417750601748,1
839,Sudan,2020,1,0.8021359640332134,1
840,Sudan,2021,1,0.8043125853089758,1
841,Sudan,2022,1,0.7881755499467844,1
842,Sudan,2023,1,0.7884844296477705,1
843,Suriname,2018,0,0.43684554077593085,0
844,Suriname,2019,0,0.39721422256078887,0
845,Suriname,2020,1,0.37775180802892294,0
846,Suriname,2021,1,0.649168057787969,1
847,Suriname,2022,1,0.7358759439281547,1
848,Suriname,2023,0,0.5876856184529928,1
849,Sweden,2020,1,0.6637229731174259,1
850,Sweden,2021,0,0.7339442437104853,1
851,Sweden,2022,1,0.5212497803216425,1
852,Sweden,2023,0,0.7281621319295283,1
853,Switzerland,2020,0,0.6441569960733878,1
854,Switzerland,2021,1,0.5637462278629599,1
855,Switzerland,2022,0,0.7095621436083857,1
856,Switzerland,2023,1,0.49694699355401,0
857,Syria,2017,1,0.65290459586695,1
858,Syria,2018,1,0.7373605495344655,1
859,Syria,2019,1,0.7001014011445903,1
860,Syria,2020,1,0.7012912717405881,1
861,Syria,2021,1,0.715957996927843,1
862,Syria,2022,1,0.6996598129871527,1
863,Syria,2023,1,0.6925130356826295,1
864,Tajikistan,2018,0,0.30405885680344813,0
865,Tajikistan,2019,1,0.2761741611195518,0
866,Tajikistan,2020,0,0.541381934346849,1
867,Tajikistan,2021,1,0.31087036516078864,0
868,Tajikistan,2022,0,0.5643105095967353,1
869,Tajikistan,2023,0,0.30723969487634384,0
870,Tanzania,2017,1,0.9109924911308216,1
871,Tanzania,2018,1,0.9222098896017472,1
872,Tanzania,2019,1,0.8746704904830962,1
873,Tanzania,2020,1,0.8946732174194751,1
874,Tanzania,2021,1,0.8516955915860229,1
875,Tanzania,2022,1,0.8095855512350131,1
876,Tanzania,2023,1,0.8557381365286734,1
877,Thailand,2017,1,0.893938607743192,1
878,Thailand,2018,0,0.8966278992583119,1
879,Thailand,2019,1,0.633784040825021,1
880,Thailand,2020,1,0.8401128912530105,1
881,Thailand,2021,1,0.8454425980800888,1
882,Thailand,2022,1,0.8035554108661768,1
883,Thailand,2023,0,0.8634662153518604,1
884,Togo,2017,1,0.5551582619147867,1
885,Togo,2018,1,0.6796965120569585,1
886,Togo,2019,0,0.7200871726104201,1
887,Togo,2020,1,0.4928968133157837,0
888,Togo,2021,1,0.6912739266962922,1
889,Togo,2022,1,0.7492522899195586,1
890,Togo,2023,0,0.7835941997221174,1
891,Trinidad and Tobago,2018,1,0.48107142831304195,0
892,Trinidad and Tobago,2019,1,0.7395613171797482,1
893,Trinidad and Tobago,2020,1,0.7093589857618753,1
894,Trinidad and Tobago,2021,1,0.722802126060512,1
895,Trinidad and Tobago,2022,1,0.6870986911393653,1
896,Trinidad and Tobago,2023,1,0.6794872720189302,1
897,Tunisia,2017,1,0.9211875514422232,1
898,Tunisia,2018,1,0.9408583777073123,1
899,Tunisia,2019,1,0.9541235564480426,1
900,Tunisia,2020,1,0.9449472120672651,1
901,Tunisia,2021,1,0.9265065139210193,1
902,Tunisia,2022,1,0.9065712635000152,1
903,Tunisia,2023,1,0.915162577813896,1
904,Turkey,2017,1,0.9125011785538498,1
905,Turkey,2018,1,0.9112243777251047,1
906,Turkey,2019,1,0.8988315384356816,1
907,Turkey,2020,1,0.8987119006635382,1
908,Turkey,2021,1,0.8880415261323833,1
909,Turkey,2022,1,0.8739677586029064,1
910,Turkey,2023,1,0.8710817852384063,1
911,Turkmenistan,2018,0,0.25300970964052405,0
912,Turkmenistan,2019,0,0.2737375743391858,0
913,Turkmenistan,2020,0,0.27298441590749556,0
914,Turkmenistan,2021,0,0.27631949924976373,0
915,Turkmenistan,2022,0,0.2727165923300885,0
916,Turkmenistan,2023,0,0.2737450480212644,0
917,Uganda,2017,1,0.7796505839264647,1
918,Uganda,2018,1,0.8074068567560491,1
919,Uganda,2019,1,0.8097078692251122,1
920,Uganda,2020,1,0.8230956122993904,1
921,Uganda,2021,1,0.8322296138411068,1
922,Uganda,2022,1,0.7923970249005206,1
923,Uganda,2023,1,0.7735112303656567,1
924,Ukraine,2018,1,0.5446146583050047,1
925,Ukraine,2019,1,0.7828559879975282,1
926,Ukraine,2020,1,0.8044062620122934,1
927,Ukraine,2021,1,0.7706221168935392,1
928,Ukraine,2022,1,0.7841386802518273,1
929,Ukraine,2023,0,0.7877459499026314,1
930,United Arab Emirates,2017,0,0.2952208662953716,0
931,United Arab Emirates,2018,0,0.3152425298502758,0
932,United Arab Emirates,2019,0,0.31735838974188785,0
933,United Arab Emirates,2020,0,0.3142567054103041,0
934,United Arab Emirates,2021,0,0.2747840000106225,0
935,United Arab Emirates,2022,0,0.22331527081475513,0
936,United Arab Emirates,2023,0,0.33099115777382176,0
937,United Kingdom,2020,1,0.7337408467845874,1
938,United Kingdom,2021,1,0.795380137697817,1
939,United Kingdom,2022,1,0.777876394929591,1
940,United Kingdom,2023,1,0.7735241080010291,1
941,United States of America,2020,1,0.6419525080114101,1
942,United States of America,2021,1,0.7844314312434867,1
943,United States of America,2022,1,0.774153057888038,1
944,United States of America,2023,1,0.7752314305509702,1
945,Uruguay,2018,1,0.6911265570742181,1
946,Uruguay,2019,1,0.7516046109523851,1
947,Uruguay,2020,0,0.7471743437526199,1
948,Uruguay,2021,0,0.547332063381154,1
949,Uruguay,2022,1,0.5516049557523451,1
950,Uruguay,2023,0,0.7431444782971395,1
951,Uzbekistan,2018,0,0.39988956487104077,0
952,Uzbekistan,2019,1,0.41871787684052164,0
953,Uzbekistan,2020,1,0.6568966262038053,1
954,Uzbekistan,2021,1,0.6204943971605543,1
955,Uzbekistan,2022,1,0.6230402638804203,1
956,Uzbekistan,2023,1,0.624799926869762,1
957,Venezuela,2018,1,0.7123717604633443,1
958,Venezuela,2019,1,0.7785594517070191,1
959,Venezuela,2020,1,0.7755724943713067,1
960,Venezuela,2021,1,0.7638525063433415,1
961,Venezuela,2022,1,0.7564704796244099,1
962,Venezuela,2023,1,0.7468287471520423,1
963,Vietnam,2017,1,0.27672600729791386,0
964,Vietnam,2018,1,0.5828561786929547,1
965,Vietnam,2019,1,0.5607205791891863,1
966,Vietnam,2020,0,0.5957663563271712,1
967,Vietnam,2021,0,0.32783245420444634,0
968,Vietnam,2022,0,0.3336162161854505,0
969,Vietnam,2023,0,0.3349528777854829,0
970,Yemen (North Yemen),2017,1,0.8526576536451924,1
971,Yemen (North Yemen),2018,1,0.837192424274994,1
972,Yemen (North Yemen),2019,1,0.8335254409939277,1
973,Yemen (North Yemen),2020,1,0.8214440817410186,1
974,Yemen (North Yemen),2021,1,0.8206331868477432,1
975,Yemen (North Yemen),2022,1,0.8164487535087955,1
976,Yemen (North Yemen),2023,1,0.8121729254489849,1
977,Zambia,2017,1,0.8817921211547252,1
978,Zambia,2018,1,0.8423132679436909,1
979,Zambia,2019,1,0.880172026118315,1
980,Zambia,2020,1,0.8480833592584186,1
981,Zambia,2021,1,0.8614412449905924,1
982,Zambia,2022,1,0.7976712684741027,1
983,Zambia,2023,1,0.779167662962159,1
984,Zimbabwe,2017,1,0.8980302421605412,1
985,Zimbabwe,2018,1,0.8981715023235037,1
986,Zimbabwe,2019,1,0.8459371988670763,1
987,Zimbabwe,2020,1,0.873455676986011,1
988,Zimbabwe,2021,1,0.8915653037140387,1
989,Zimbabwe,2022,1,0.889558565684875,1
990,Zimbabwe,2023,1,0.8410236986244886,1
991,eSwatini,2017,0,0.05697297860212696,0
992,eSwatini,2018,0,0.08684635507408406,0
993,eSwatini,2019,1,0.09237138593492657,0
994,eSwatini,2020,1,0.42859200684928356,0
995,eSwatini,2021,1,0.42173913341110186,0
996,eSwatini,2022,1,0.4196044961261072,0
997,eSwatini,2023,1,0.47093697466520773,0
