,country,year,d_osv,preds_proba,preds
0,United States of America,2017,1,0.32647840102951964,0
1,United States of America,2018,1,0.38047342714782995,0
2,United States of America,2019,0,0.37689948153397446,0
3,United States of America,2020,0,0.3103359883980131,0
4,United States of America,2021,0,0.31522484593492717,0
5,United States of America,2022,0,0.30311342107700395,0
6,United States of America,2023,0,0.3087376059786333,0
7,Canada,2017,0,0.020259880332255235,0
8,Canada,2018,0,0.026524624065905427,0
9,Canada,2019,0,0.02783228786563238,0
10,Canada,2020,0,0.03313867305459059,0
11,Canada,2021,0,0.048782392599109485,0
12,Canada,2022,0,0.052680991369531624,0
13,Canada,2023,0,0.05789155349107746,0
14,Cuba,2017,0,0.004091468028706107,0
15,Cuba,2018,0,0.00430752341474667,0
16,Cuba,2019,0,0.004101695391261271,0
17,Cuba,2020,0,0.00454138055408084,0
18,Cuba,2021,0,0.005346421607481076,0
19,Cuba,2022,0,0.024423385965960498,0
20,Cuba,2023,0,0.02446569418739281,0
21,Haiti,2017,1,0.08771051910244271,0
22,Haiti,2018,1,0.20009678716615092,0
23,Haiti,2019,1,0.2118267725990948,0
24,Haiti,2020,1,0.2568174163204807,0
25,Haiti,2021,1,0.29012856723478675,0
26,Haiti,2022,1,0.32584441391118985,0
27,Haiti,2023,1,0.3229626081836131,0
28,Dominican Republic,2017,0,0.00850367097623573,0
29,Dominican Republic,2018,0,0.01567839430186494,0
30,Dominican Republic,2019,0,0.023049858053066252,0
31,Dominican Republic,2020,0,0.016353679689528812,0
32,Dominican Republic,2021,0,0.019873459603287378,0
33,Dominican Republic,2022,0,0.022566495243699122,0
34,Dominican Republic,2023,0,0.035507329573262976,0
35,Jamaica,2017,0,0.0013878962261395299,0
36,Jamaica,2018,0,0.001129917049869719,0
37,Jamaica,2019,0,0.004930309867084103,0
38,Jamaica,2020,0,0.0010037345391603592,0
39,Jamaica,2021,0,0.0012271757040241643,0
40,Jamaica,2022,0,0.021884877559583495,0
41,Jamaica,2023,0,0.09831782601193592,0
42,Trinidad and Tobago,2017,0,0.002031588080045175,0
43,Trinidad and Tobago,2018,0,0.002031588080045175,0
44,Trinidad and Tobago,2019,0,0.009759773947811152,0
45,Trinidad and Tobago,2020,0,0.010750785597760694,0
46,Trinidad and Tobago,2021,0,0.004445791240856351,0
47,Trinidad and Tobago,2022,0,0.004197122448823169,0
48,Trinidad and Tobago,2023,0,0.01885376552736868,0
49,Barbados,2017,0,0.03167659917478323,0
50,Barbados,2018,0,0.028769312852986274,0
51,Barbados,2019,0,0.09212080372561443,0
52,Barbados,2020,0,0.11158903104106974,0
53,Barbados,2021,0,0.004109652736909089,0
54,Barbados,2022,0,0.07340488493169806,0
55,Barbados,2023,0,0.05850662291186591,0
56,Mexico,2017,1,0.8536480302119991,1
57,Mexico,2018,1,0.8047603915532475,1
58,Mexico,2019,1,0.7719911312300294,1
59,Mexico,2020,1,0.7717345428170914,1
60,Mexico,2021,1,0.669111239668147,1
61,Mexico,2022,1,0.5934619538351583,1
62,Mexico,2023,1,0.5628856627427019,1
63,Guatemala,2017,0,0.10760226827003477,0
64,Guatemala,2018,0,0.10373640932041853,0
65,Guatemala,2019,0,0.11051087939262075,0
66,Guatemala,2020,0,0.07391234475026619,0
67,Guatemala,2021,0,0.1430278010282783,0
68,Guatemala,2022,0,0.1589207514293837,0
69,Guatemala,2023,0,0.18822342915371737,0
70,Honduras,2017,0,0.18633378453125055,0
71,Honduras,2018,0,0.16050356741169247,0
72,Honduras,2019,1,0.11197472817538062,0
73,Honduras,2020,0,0.23416443524222377,0
74,Honduras,2021,1,0.14595619674180704,0
75,Honduras,2022,1,0.21022532966224183,0
76,Honduras,2023,1,0.22541450821561598,0
77,El Salvador,2017,0,0.02745823875880251,0
78,El Salvador,2018,0,0.09852752515837024,0
79,El Salvador,2019,1,0.04257301319097563,0
80,El Salvador,2020,0,0.16897101060799669,0
81,El Salvador,2021,1,0.07788150178630457,0
82,El Salvador,2022,1,0.1619030467679779,0
83,El Salvador,2023,0,0.16935214196654785,0
84,Nicaragua,2017,0,0.019336688653581544,0
85,Nicaragua,2018,0,0.08460113280103465,0
86,Nicaragua,2019,0,0.14834967950710334,0
87,Nicaragua,2020,0,0.04740745259190978,0
88,Nicaragua,2021,0,0.037150800227627796,0
89,Nicaragua,2022,0,0.0729857135162413,0
90,Nicaragua,2023,0,0.08463991178758704,0
91,Costa Rica,2017,0,0.004128543642873675,0
92,Costa Rica,2018,0,0.00423927682529619,0
93,Costa Rica,2019,0,0.004261086122780059,0
94,Costa Rica,2020,0,0.004747119195687501,0
95,Costa Rica,2021,0,0.0041327326641884266,0
96,Costa Rica,2022,0,0.006756658463452457,0
97,Costa Rica,2023,0,0.02151624108431263,0
98,Panama,2017,0,0.003130126399064906,0
99,Panama,2018,0,0.0030034110453185763,0
100,Panama,2019,0,0.0033476633436595217,0
101,Panama,2020,0,0.0036860627469842136,0
102,Panama,2021,0,0.018706510093787734,0
103,Panama,2022,0,0.010494976371534091,0
104,Panama,2023,0,0.026398479284685198,0
105,Colombia,2017,1,0.6758046115113457,1
106,Colombia,2018,1,0.6086415271093722,1
107,Colombia,2019,1,0.6531060442750947,1
108,Colombia,2020,1,0.6245290070834841,1
109,Colombia,2021,1,0.6134997606605408,1
110,Colombia,2022,1,0.6030517848538857,1
111,Colombia,2023,1,0.5334979763105331,1
112,Venezuela,2017,1,0.816628543258926,1
113,Venezuela,2018,1,0.8174589146544605,1
114,Venezuela,2019,1,0.8315451962520938,1
115,Venezuela,2020,1,0.7759261425919017,1
116,Venezuela,2021,1,0.8049877844944852,1
117,Venezuela,2022,1,0.7319224513357707,1
118,Venezuela,2023,1,0.7628687945502797,1
119,Guyana,2017,0,0.034339572127597334,0
120,Guyana,2018,0,0.035622606138481304,0
121,Guyana,2019,0,0.03461359589212386,0
122,Guyana,2020,0,0.034986791794375215,0
123,Guyana,2021,0,0.06508838319747551,0
124,Guyana,2022,0,0.050474832683672644,0
125,Guyana,2023,0,0.05877063915555249,0
126,Suriname,2017,0,0.04740391558993126,0
127,Suriname,2018,0,0.038473535204245936,0
128,Suriname,2019,0,0.038309899164032185,0
129,Suriname,2020,0,0.04756796312152174,0
130,Suriname,2021,0,0.0425206013674403,0
131,Suriname,2022,0,0.06783440345474644,0
132,Suriname,2023,0,0.06846296667561605,0
133,Ecuador,2017,0,0.034313541057976196,0
134,Ecuador,2018,0,0.03695019943466711,0
135,Ecuador,2019,0,0.038658139485688095,0
136,Ecuador,2020,0,0.04338151536453353,0
137,Ecuador,2021,0,0.05350740927427968,0
138,Ecuador,2022,1,0.08113402332198758,0
139,Ecuador,2023,0,0.16245294582252592,0
140,Peru,2017,0,0.4739274673650693,0
141,Peru,2018,0,0.3213347931162395,0
142,Peru,2019,1,0.31756810988731454,0
143,Peru,2020,1,0.40305183166081465,0
144,Peru,2021,0,0.381455799322263,0
145,Peru,2022,1,0.308127234910384,0
146,Peru,2023,0,0.44715090507730726,0
147,Brazil,2017,1,0.5804355697040331,1
148,Brazil,2018,1,0.5687918941760417,1
149,Brazil,2019,1,0.6123916002353931,1
150,Brazil,2020,1,0.5280778995877302,1
151,Brazil,2021,1,0.56965267492265,1
152,Brazil,2022,1,0.5686928453305162,1
153,Brazil,2023,1,0.6143108998655853,1
154,Bolivia,2017,0,0.03883392181628081,0
155,Bolivia,2018,0,0.03816778339379236,0
156,Bolivia,2019,0,0.07067701254581728,0
157,Bolivia,2020,0,0.0483141828342685,0
158,Bolivia,2021,0,0.033129372541019976,0
159,Bolivia,2022,0,0.05411362721716395,0
160,Bolivia,2023,0,0.06485835365700343,0
161,Paraguay,2017,0,0.03681496210413956,0
162,Paraguay,2018,1,0.03971279553020029,0
163,Paraguay,2019,0,0.16424813036816494,0
164,Paraguay,2020,1,0.13478279641825144,0
165,Paraguay,2021,1,0.16749965945191558,0
166,Paraguay,2022,0,0.18868619640397014,0
167,Paraguay,2023,0,0.12016830178424934,0
168,Chile,2017,0,0.06273827751794357,0
169,Chile,2018,0,0.05166716254056094,0
170,Chile,2019,0,0.2801602875848263,0
171,Chile,2020,0,0.30085382497527613,0
172,Chile,2021,0,0.22646137217943368,0
173,Chile,2022,0,0.19603305889801884,0
174,Chile,2023,0,0.20395737244972192,0
175,Argentina,2017,0,0.04797461559416709,0
176,Argentina,2018,0,0.02733498293151696,0
177,Argentina,2019,0,0.07397717130641553,0
178,Argentina,2020,0,0.03978498756394312,0
179,Argentina,2021,0,0.028450345306358652,0
180,Argentina,2022,0,0.1381880055346237,0
181,Argentina,2023,0,0.08143383209023206,0
182,Uruguay,2017,0,0.031226287026440036,0
183,Uruguay,2018,0,0.027422456774387635,0
184,Uruguay,2019,0,0.019725823114041953,0
185,Uruguay,2020,0,0.01736914947837874,0
186,Uruguay,2021,0,0.01736914947837874,0
187,Uruguay,2022,0,0.01748739665547916,0
188,Uruguay,2023,0,0.01736914947837874,0
189,United Kingdom,2017,0,0.05289900509547442,0
190,United Kingdom,2018,0,0.07227600177120638,0
191,United Kingdom,2019,1,0.06925287473956371,0
192,United Kingdom,2020,0,0.21655435425236694,0
193,United Kingdom,2021,0,0.12829349919565486,0
194,United Kingdom,2022,0,0.13705514812781838,0
195,United Kingdom,2023,0,0.12410448717015912,0
196,Ireland,2017,0,0.0014936240969525207,0
197,Ireland,2018,0,0.013976634026576866,0
198,Ireland,2019,0,0.02754813364422576,0
199,Ireland,2020,0,0.02912402696924261,0
200,Ireland,2021,0,0.027231518991889823,0
201,Ireland,2022,0,0.027235180196518917,0
202,Ireland,2023,0,0.02711446444700258,0
203,Netherlands,2017,0,0.06696053779973202,0
204,Netherlands,2018,0,0.058745229692269696,0
205,Netherlands,2019,0,0.0492863009462938,0
206,Netherlands,2020,0,0.03500918759373223,0
207,Netherlands,2021,0,0.035950404702653024,0
208,Netherlands,2022,0,0.0546405027918926,0
209,Netherlands,2023,0,0.0551553977003828,0
210,Belgium,2017,0,0.407840379670487,0
211,Belgium,2018,1,0.2649860986226055,0
212,Belgium,2019,0,0.3721238499137804,0
213,Belgium,2020,0,0.24939642388777405,0
214,Belgium,2021,0,0.2478038427022158,0
215,Belgium,2022,0,0.25242860659257804,0
216,Belgium,2023,1,0.2227193970583586,0
217,Luxembourg,2017,0,0.0023057894015268347,0
218,Luxembourg,2018,0,0.000887386040239151,0
219,Luxembourg,2019,0,0.004002242712276062,0
220,Luxembourg,2020,0,0.03778612497926525,0
221,Luxembourg,2021,0,0.03001481222213532,0
222,Luxembourg,2022,0,0.0462160175963562,0
223,Luxembourg,2023,0,0.0462160175963562,0
224,France,2017,0,0.4601751421901872,0
225,France,2018,1,0.42090137547389467,0
226,France,2019,0,0.4106613119658423,0
227,France,2020,0,0.3472250778734701,0
228,France,2021,0,0.3436807314337707,0
229,France,2022,0,0.29447019283544534,0
230,France,2023,1,0.26380858300649535,0
231,Switzerland,2017,0,0.035832732991165475,0
232,Switzerland,2018,0,0.019535280114716332,0
233,Switzerland,2019,0,0.03758244679618175,0
234,Switzerland,2020,0,0.02128007294576878,0
235,Switzerland,2021,0,0.0376633353057123,0
236,Switzerland,2022,0,0.024855795932237263,0
237,Switzerland,2023,0,0.025094569963697463,0
238,Spain,2017,1,0.043674418425206724,0
239,Spain,2018,0,0.19657813436925162,0
240,Spain,2019,0,0.1119700946390338,0
241,Spain,2020,0,0.11606802688692855,0
242,Spain,2021,0,0.11004155094825578,0
243,Spain,2022,0,0.13113145814890975,0
244,Spain,2023,0,0.1368412013429765,0
245,Portugal,2017,0,0.001211549485629757,0
246,Portugal,2018,0,0.017509002362078894,0
247,Portugal,2019,0,0.07337154751460583,0
248,Portugal,2020,0,0.08054338820202603,0
249,Portugal,2021,0,0.07420172987547692,0
250,Portugal,2022,0,0.09188249148285725,0
251,Portugal,2023,0,0.09142880533580955,0
252,Germany,2017,0,0.2862423564051899,0
253,Germany,2018,0,0.11049795922066295,0
254,Germany,2019,0,0.16338827529430838,0
255,Germany,2020,0,0.14596982089310157,0
256,Germany,2021,0,0.15284936257277398,0
257,Germany,2022,0,0.11408442751853988,0
258,Germany,2023,0,0.11996825396707736,0
259,Poland,2017,0,0.0028573614136037846,0
260,Poland,2018,0,0.0010160380856362968,0
261,Poland,2019,0,0.005119003588448454,0
262,Poland,2020,0,0.001082151568348586,0
263,Poland,2021,0,0.0029225925846238354,0
264,Poland,2022,0,0.009345585611145806,0
265,Poland,2023,0,0.008939668033540479,0
266,Austria,2017,0,0.004063915495861683,0
267,Austria,2018,0,0.0025001337845785925,0
268,Austria,2019,0,0.0025089494827985025,0
269,Austria,2020,1,0.0026702522484924503,0
270,Austria,2021,0,0.08649282780914903,0
271,Austria,2022,0,0.050355523598798003,0
272,Austria,2023,0,0.017926430008429427,0
273,Hungary,2017,0,0.0008565002057741524,0
274,Hungary,2018,0,0.0008565002057741524,0
275,Hungary,2019,0,0.0008565002057741524,0
276,Hungary,2020,0,0.0008630068010396433,0
277,Hungary,2021,0,0.0023052845770442755,0
278,Hungary,2022,0,0.021684028402991887,0
279,Hungary,2023,0,0.029326094610808907,0
280,Czechia,2017,0,0.001222490742811646,0
281,Czechia,2018,0,0.016242833218514892,0
282,Czechia,2019,0,0.040360755302242424,0
283,Czechia,2020,0,0.04024698001863148,0
284,Czechia,2021,0,0.07082374769554958,0
285,Czechia,2022,0,0.10575043773704672,0
286,Czechia,2023,0,0.08457519989506963,0
287,Slovakia,2017,0,0.022600461831467286,0
288,Slovakia,2018,0,0.02229365994599812,0
289,Slovakia,2019,0,0.02396070631488673,0
290,Slovakia,2020,0,0.023503912810917838,0
291,Slovakia,2021,0,0.016844050671954106,0
292,Slovakia,2022,0,0.03869953744109904,0
293,Slovakia,2023,0,0.03770094186312609,0
294,Italy,2017,0,0.021910105193749356,0
295,Italy,2018,0,0.03276010480168425,0
296,Italy,2019,0,0.032981323253265304,0
297,Italy,2020,0,0.013171664313092385,0
298,Italy,2021,0,0.04932621607188364,0
299,Italy,2022,0,0.017245941009158338,0
300,Italy,2023,0,0.01689684276905735,0
301,Malta,2017,0,0.0707226189497286,0
302,Malta,2018,0,0.06350522813811717,0
303,Malta,2019,0,0.06493962847029906,0
304,Malta,2020,0,0.04189535548088041,0
305,Malta,2021,0,0.043018893247997896,0
306,Malta,2022,0,0.06645500085858984,0
307,Malta,2023,0,0.07568316435958324,0
308,Albania,2017,0,0.0008674035900890819,0
309,Albania,2018,0,0.020546847084569313,0
310,Albania,2019,0,0.0027304083109040886,0
311,Albania,2020,0,0.02240985180538432,0
312,Albania,2021,0,0.011599905643381585,0
313,Albania,2022,0,0.058537348966684305,0
314,Albania,2023,0,0.06154614403701637,0
315,Serbia,2017,0,0.0040119620967955915,0
316,Serbia,2018,0,0.010975023474075196,0
317,Serbia,2019,0,0.030717748923606736,0
318,Serbia,2020,0,0.030532501976742864,0
319,Serbia,2021,0,0.03221910523596763,0
320,Serbia,2022,0,0.07027399786559141,0
321,Serbia,2023,0,0.06526123178729412,0
322,Montenegro,2017,0,0.017544635527750804,0
323,Montenegro,2018,0,0.022465515505779035,0
324,Montenegro,2019,0,0.022906747934927557,0
325,Montenegro,2020,0,0.04262283064994775,0
326,Montenegro,2021,0,0.04485702846895101,0
327,Montenegro,2022,0,0.06386496119882326,0
328,Montenegro,2023,0,0.04627183156372795,0
329,North Macedonia,2017,0,0.02831087039697031,0
330,North Macedonia,2018,0,0.05137949165136355,0
331,North Macedonia,2019,0,0.014965549671839072,0
332,North Macedonia,2020,0,0.00968224091237386,0
333,North Macedonia,2021,0,0.01680836617587237,0
334,North Macedonia,2022,0,0.05999293495383195,0
335,North Macedonia,2023,0,0.0693077028186424,0
336,Croatia,2017,0,0.0016322174691187903,0
337,Croatia,2018,0,0.0016322174691187903,0
338,Croatia,2019,0,0.01914997232470421,0
339,Croatia,2020,0,0.009590013933491027,0
340,Croatia,2021,0,0.01327836782426148,0
341,Croatia,2022,0,0.029892589344298986,0
342,Croatia,2023,0,0.03900839670792581,0
343,Bosnia-Herzegovina,2017,0,0.03811317069341761,0
344,Bosnia-Herzegovina,2018,0,0.06602244959714326,0
345,Bosnia-Herzegovina,2019,0,0.07428306302689545,0
346,Bosnia-Herzegovina,2020,0,0.08864049483653426,0
347,Bosnia-Herzegovina,2021,0,0.09016367154210837,0
348,Bosnia-Herzegovina,2022,0,0.12936098945948643,0
349,Bosnia-Herzegovina,2023,0,0.1307236460817249,0
350,Slovenia,2017,0,0.02504917171391599,0
351,Slovenia,2018,0,0.02497924405090918,0
352,Slovenia,2019,0,0.03712335913986546,0
353,Slovenia,2020,0,0.04419787783836697,0
354,Slovenia,2021,0,0.02885379160112424,0
355,Slovenia,2022,0,0.07540052978109596,0
356,Slovenia,2023,0,0.10887227550788893,0
357,Greece,2017,0,0.03175562853665172,0
358,Greece,2018,0,0.025806626289759705,0
359,Greece,2019,0,0.06616081163473429,0
360,Greece,2020,0,0.0818201703552174,0
361,Greece,2021,0,0.10772960831032413,0
362,Greece,2022,0,0.11558166494756722,0
363,Greece,2023,0,0.13302331709682735,0
364,Cyprus,2017,0,0.0013522045453269375,0
365,Cyprus,2018,0,0.0014803502361838846,0
366,Cyprus,2019,0,0.0015941255197948242,0
367,Cyprus,2020,0,0.0018015928219936085,0
368,Cyprus,2021,0,0.06932726504150981,0
369,Cyprus,2022,0,0.06536823765411594,0
370,Cyprus,2023,0,0.06627939985025211,0
371,Bulgaria,2017,0,0.011577479195360785,0
372,Bulgaria,2018,0,0.039103046865128666,0
373,Bulgaria,2019,0,0.06517750417875832,0
374,Bulgaria,2020,0,0.0663932578316708,0
375,Bulgaria,2021,0,0.06086659544545905,0
376,Bulgaria,2022,0,0.07572671934494092,0
377,Bulgaria,2023,0,0.07174603725946589,0
378,Moldova,2017,0,0.040694767802223905,0
379,Moldova,2018,0,0.08110813562137614,0
380,Moldova,2019,0,0.08644421139083847,0
381,Moldova,2020,0,0.06121007347541871,0
382,Moldova,2021,0,0.07270130418202797,0
383,Moldova,2022,0,0.18233324605638662,0
384,Moldova,2023,0,0.13880368940124216,0
385,Romania,2017,0,0.006203410861520694,0
386,Romania,2018,0,0.013057702230018276,0
387,Romania,2019,0,0.022971091778218846,0
388,Romania,2020,0,0.01943966775787348,0
389,Romania,2021,0,0.011099181106058528,0
390,Romania,2022,0,0.03115015224262402,0
391,Romania,2023,0,0.03839971581954417,0
392,Russia (Soviet Union),2017,0,0.8243447006361541,1
393,Russia (Soviet Union),2018,1,0.6640235137979037,1
394,Russia (Soviet Union),2019,0,0.7466036385140936,1
395,Russia (Soviet Union),2020,1,0.7008796226809957,1
396,Russia (Soviet Union),2021,0,0.7703608896633699,1
397,Russia (Soviet Union),2022,0,0.6441027782282864,1
398,Russia (Soviet Union),2023,0,0.6237229667699039,1
399,Estonia,2017,0,0.001142322694387615,0
400,Estonia,2018,0,0.008889653801271491,0
401,Estonia,2019,0,0.007331688279785845,0
402,Estonia,2020,0,0.016166201901517494,0
403,Estonia,2021,0,0.013392589664341058,0
404,Estonia,2022,0,0.05165770600577269,0
405,Estonia,2023,0,0.018477365038481,0
406,Latvia,2017,0,0.014821792890558011,0
407,Latvia,2018,0,0.03518250914815533,0
408,Latvia,2019,0,0.03192999125949818,0
409,Latvia,2020,0,0.050040223143787164,0
410,Latvia,2021,0,0.03256249818138476,0
411,Latvia,2022,0,0.031297112899508275,0
412,Latvia,2023,0,0.018155260587139087,0
413,Lithuania,2017,0,0.007983381358910122,0
414,Lithuania,2018,0,0.016034232751947118,0
415,Lithuania,2019,0,0.010765188914834403,0
416,Lithuania,2020,0,0.016144333244892294,0
417,Lithuania,2021,0,0.00814326264298968,0
418,Lithuania,2022,0,0.02731676561482832,0
419,Lithuania,2023,0,0.021721605971756937,0
420,Ukraine,2017,0,0.06954892097315983,0
421,Ukraine,2018,0,0.10620118295607796,0
422,Ukraine,2019,0,0.2162107385559546,0
423,Ukraine,2020,0,0.23792900688777943,0
424,Ukraine,2021,0,0.23283411007776547,0
425,Ukraine,2022,1,0.10646851443764568,0
426,Ukraine,2023,1,0.38851006853816294,0
427,Belarus,2017,0,0.023455674153031063,0
428,Belarus,2018,0,0.023732251130420788,0
429,Belarus,2019,0,0.023451069206564416,0
430,Belarus,2020,0,0.2053373389687931,0
431,Belarus,2021,0,0.17048292474979213,0
432,Belarus,2022,0,0.1978242937403913,0
433,Belarus,2023,0,0.17856217853021777,0
434,Armenia,2017,0,0.17066082379493647,0
435,Armenia,2018,0,0.14784985719965676,0
436,Armenia,2019,0,0.12854731516428025,0
437,Armenia,2020,0,0.18019413954560873,0
438,Armenia,2021,0,0.18694254016734446,0
439,Armenia,2022,0,0.1384371310172258,0
440,Armenia,2023,0,0.1460957464342171,0
441,Georgia,2017,0,0.028070033942141477,0
442,Georgia,2018,0,0.04210540514675434,0
443,Georgia,2019,0,0.04157296024975145,0
444,Georgia,2020,0,0.04125655790780424,0
445,Georgia,2021,0,0.058073104937948566,0
446,Georgia,2022,0,0.07370970815343227,0
447,Georgia,2023,1,0.05277381521607945,0
448,Azerbaijan,2017,0,0.04968156392797901,0
449,Azerbaijan,2018,0,0.08099154356808708,0
450,Azerbaijan,2019,0,0.10609607024256518,0
451,Azerbaijan,2020,0,0.08735123678604079,0
452,Azerbaijan,2021,0,0.08812678703796611,0
453,Azerbaijan,2022,0,0.14001758104431913,0
454,Azerbaijan,2023,0,0.14640682386796114,0
455,Finland,2017,0,0.006260353854224221,0
456,Finland,2018,0,0.006277774240212981,0
457,Finland,2019,0,0.006773969987949627,0
458,Finland,2020,0,0.005321157306591591,0
459,Finland,2021,0,0.007082563572091004,0
460,Finland,2022,0,0.012673568877973183,0
461,Finland,2023,0,0.022783162852929834,0
462,Sweden,2017,1,0.02381701276213749,0
463,Sweden,2018,0,0.18843500883772027,0
464,Sweden,2019,0,0.09362790623423313,0
465,Sweden,2020,0,0.07637447009776525,0
466,Sweden,2021,0,0.062165962771036073,0
467,Sweden,2022,0,0.04750539436940381,0
468,Sweden,2023,0,0.04121122049783789,0
469,Norway,2017,0,0.01704381014663195,0
470,Norway,2018,0,0.024226246061055556,0
471,Norway,2019,0,0.02643578405186398,0
472,Norway,2020,0,0.031661157058421555,0
473,Norway,2021,0,0.031720100273187536,0
474,Norway,2022,0,0.04129795704707221,0
475,Norway,2023,0,0.036643683684403086,0
476,Denmark,2017,0,0.03564069650269439,0
477,Denmark,2018,0,0.019991581945980594,0
478,Denmark,2019,0,0.01945765627090443,0
479,Denmark,2020,0,0.019428415748691398,0
480,Denmark,2021,0,0.019314640465080458,0
481,Denmark,2022,0,0.030560036747640587,0
482,Denmark,2023,0,0.032475368437020494,0
483,Iceland,2017,0,0.018750110846577277,0
484,Iceland,2018,0,0.022377037585172233,0
485,Iceland,2019,0,0.02243807384215834,0
486,Iceland,2020,0,0.026352485385439474,0
487,Iceland,2021,0,0.02604701362629342,0
488,Iceland,2022,0,0.01568731654738517,0
489,Iceland,2023,0,0.019612933869834644,0
490,Cabo Verde,2017,0,0.0032724754377190203,0
491,Cabo Verde,2018,0,0.0038982394975791883,0
492,Cabo Verde,2019,0,0.003958919648838355,0
493,Cabo Verde,2020,0,0.003958919648838355,0
494,Cabo Verde,2021,0,0.0038223893085052286,0
495,Cabo Verde,2022,0,0.011200481770455468,0
496,Cabo Verde,2023,0,0.01110837796943709,0
497,Guinea-Bissau,2017,0,0.03658359489688806,0
498,Guinea-Bissau,2018,0,0.03305955197556937,0
499,Guinea-Bissau,2019,0,0.082638180480312,0
500,Guinea-Bissau,2020,0,0.08541558783756173,0
501,Guinea-Bissau,2021,0,0.0746044890840624,0
502,Guinea-Bissau,2022,0,0.09483809735252009,0
503,Guinea-Bissau,2023,0,0.11102916990318157,0
504,Equatorial Guinea,2017,0,0.08579109105226396,0
505,Equatorial Guinea,2018,0,0.09725660022896832,0
506,Equatorial Guinea,2019,0,0.09949914575608611,0
507,Equatorial Guinea,2020,0,0.10885094300874588,0
508,Equatorial Guinea,2021,0,0.09450751333009932,0
509,Equatorial Guinea,2022,0,0.12916924291140147,0
510,Equatorial Guinea,2023,0,0.13612577938331508,0
511,Gambia,2017,0,0.1028489036645075,0
512,Gambia,2018,0,0.06342815736053506,0
513,Gambia,2019,0,0.1020221677737984,0
514,Gambia,2020,0,0.10995103022317669,0
515,Gambia,2021,0,0.1561468472637241,0
516,Gambia,2022,0,0.08040141089497467,0
517,Gambia,2023,0,0.07468113301048569,0
518,Mali,2017,1,0.9100704135233832,1
519,Mali,2018,1,0.9010813435515937,1
520,Mali,2019,1,0.8959377656497716,1
521,Mali,2020,1,0.8621976167953982,1
522,Mali,2021,1,0.8675074084014742,1
523,Mali,2022,1,0.8494777707448933,1
524,Mali,2023,1,0.845137493915133,1
525,Senegal,2017,0,0.13755983473353567,0
526,Senegal,2018,1,0.15305524411883303,0
527,Senegal,2019,0,0.24996825577061066,0
528,Senegal,2020,0,0.14658762107443649,0
529,Senegal,2021,0,0.10650054112207978,0
530,Senegal,2022,0,0.1534062802626376,0
531,Senegal,2023,0,0.16426965118125886,0
532,Benin,2017,0,0.10580863917289221,0
533,Benin,2018,0,0.12309620138563052,0
534,Benin,2019,1,0.15339100566080355,0
535,Benin,2020,0,0.2683124659547375,0
536,Benin,2021,0,0.17930672629392275,0
537,Benin,2022,0,0.1414229043314554,0
538,Benin,2023,1,0.1773348695977568,0
539,Mauritania,2017,0,0.15074673108907005,0
540,Mauritania,2018,0,0.16138207236142882,0
541,Mauritania,2019,0,0.18918884957829252,0
542,Mauritania,2020,0,0.17864556463959266,0
543,Mauritania,2021,0,0.18004787232218694,0
544,Mauritania,2022,0,0.16217653115189612,0
545,Mauritania,2023,0,0.14887398529685536,0
546,Niger,2017,1,0.6254231084237221,1
547,Niger,2018,1,0.6244263411224146,1
548,Niger,2019,1,0.6250151645502201,1
549,Niger,2020,1,0.6202461023909043,1
550,Niger,2021,1,0.6031737215579157,1
551,Niger,2022,1,0.6107171426551606,1
552,Niger,2023,1,0.6414645343633547,1
553,Ivory Coast,2017,0,0.6618317117141246,1
554,Ivory Coast,2018,0,0.4479343587771752,0
555,Ivory Coast,2019,0,0.5330720838834182,1
556,Ivory Coast,2020,1,0.5739637766278322,1
557,Ivory Coast,2021,0,0.588891608886605,1
558,Ivory Coast,2022,0,0.5283307283164425,1
559,Ivory Coast,2023,0,0.4957576945397386,0
560,Guinea,2017,0,0.2832784711269688,0
561,Guinea,2018,0,0.24211084264104443,0
562,Guinea,2019,1,0.27559084734448946,0
563,Guinea,2020,0,0.40419699914925294,0
564,Guinea,2021,0,0.3013810108807317,0
565,Guinea,2022,0,0.278536793547255,0
566,Guinea,2023,0,0.3074506662191231,0
567,Burkina Faso,2017,1,0.5398547681695004,1
568,Burkina Faso,2018,1,0.47753877821610025,0
569,Burkina Faso,2019,1,0.44854826949789983,0
570,Burkina Faso,2020,1,0.4457762746667435,0
571,Burkina Faso,2021,1,0.45886845794886044,0
572,Burkina Faso,2022,1,0.5052111815337355,1
573,Burkina Faso,2023,1,0.5343866879467428,1
574,Liberia,2017,0,0.09005979072522187,0
575,Liberia,2018,0,0.11482202345407343,0
576,Liberia,2019,1,0.17206928121884385,0
577,Liberia,2020,1,0.3537674775421174,0
578,Liberia,2021,0,0.344769143865681,0
579,Liberia,2022,0,0.23280986264702574,0
580,Liberia,2023,0,0.19696600813044593,0
581,Sierra Leone,2017,0,0.06103519426878037,0
582,Sierra Leone,2018,0,0.11066267579160383,0
583,Sierra Leone,2019,0,0.10362603320923741,0
584,Sierra Leone,2020,0,0.11347548683073751,0
585,Sierra Leone,2021,1,0.09566998360703415,0
586,Sierra Leone,2022,0,0.3010206728093348,0
587,Sierra Leone,2023,0,0.1961097339388735,0
588,Ghana,2017,0,0.10027217246373311,0
589,Ghana,2018,0,0.1022559969065336,0
590,Ghana,2019,0,0.10697209850992383,0
591,Ghana,2020,0,0.11122614412777429,0
592,Ghana,2021,0,0.11465883182169313,0
593,Ghana,2022,0,0.12688687994589676,0
594,Ghana,2023,0,0.13752304000718044,0
595,Togo,2017,0,0.11032923189861493,0
596,Togo,2018,0,0.18681949588007885,0
597,Togo,2019,1,0.16506231809731342,0
598,Togo,2020,0,0.26258377749956474,0
599,Togo,2021,0,0.1310242374099537,0
600,Togo,2022,1,0.13391927877204207,0
601,Togo,2023,1,0.3739137856305226,0
602,Cameroon,2017,1,0.785900684869676,1
603,Cameroon,2018,1,0.7349855979184581,1
604,Cameroon,2019,1,0.7172198992287002,1
605,Cameroon,2020,1,0.654024323695817,1
606,Cameroon,2021,1,0.7145800395361164,1
607,Cameroon,2022,1,0.7289299653856123,1
608,Cameroon,2023,1,0.6745950921053356,1
609,Nigeria,2017,1,0.9552964725924951,1
610,Nigeria,2018,1,0.9506552633664831,1
611,Nigeria,2019,1,0.9409668857555087,1
612,Nigeria,2020,1,0.930958855362968,1
613,Nigeria,2021,1,0.9353039531027822,1
614,Nigeria,2022,1,0.9214036048778133,1
615,Nigeria,2023,1,0.9042662841933771,1
616,Gabon,2017,0,0.04456170012784545,0
617,Gabon,2018,0,0.046733806487456356,0
618,Gabon,2019,0,0.04194941562392958,0
619,Gabon,2020,0,0.047798369013289384,0
620,Gabon,2021,0,0.04939702242940375,0
621,Gabon,2022,0,0.07169924936915026,0
622,Gabon,2023,0,0.08462804159733699,0
623,Central African Republic,2017,1,0.9461652037270536,1
624,Central African Republic,2018,1,0.9350416439628546,1
625,Central African Republic,2019,1,0.9177635993954134,1
626,Central African Republic,2020,1,0.8973245791282436,1
627,Central African Republic,2021,1,0.9022276577809942,1
628,Central African Republic,2022,1,0.9069732049969305,1
629,Central African Republic,2023,1,0.9109379701155085,1
630,Chad,2017,1,0.7868991303180074,1
631,Chad,2018,1,0.7313781713940964,1
632,Chad,2019,1,0.7452090203687329,1
633,Chad,2020,1,0.7322140716837171,1
634,Chad,2021,1,0.6110076623985276,1
635,Chad,2022,1,0.5966596864942495,1
636,Chad,2023,1,0.5992763078659288,1
637,Congo,2017,0,0.0937081908340679,0
638,Congo,2018,0,0.14441945929334224,0
639,Congo,2019,0,0.14996590187499145,0
640,Congo,2020,0,0.16552404114466854,0
641,Congo,2021,0,0.10922831067094463,0
642,Congo,2022,0,0.1080865837225462,0
643,Congo,2023,0,0.10946956054271162,0
644,DR Congo (Zaire),2017,1,0.9688631474583909,1
645,DR Congo (Zaire),2018,1,0.9493395248530654,1
646,DR Congo (Zaire),2019,1,0.8088648039859054,1
647,DR Congo (Zaire),2020,1,0.9083159180788327,1
648,DR Congo (Zaire),2021,1,0.8097577987007492,1
649,DR Congo (Zaire),2022,1,0.9467812421612052,1
650,DR Congo (Zaire),2023,1,0.937983738502786,1
651,Uganda,2017,0,0.28367118449441736,0
652,Uganda,2018,1,0.3192691214809782,0
653,Uganda,2019,1,0.4768856649468139,0
654,Uganda,2020,0,0.4848277464003423,0
655,Uganda,2021,1,0.4066212991343231,0
656,Uganda,2022,0,0.4909932287957647,0
657,Uganda,2023,1,0.47027521286417584,0
658,Kenya,2017,1,0.9192890967520695,1
659,Kenya,2018,1,0.9197612150759245,1
660,Kenya,2019,1,0.9201907499955493,1
661,Kenya,2020,1,0.8938110448237567,1
662,Kenya,2021,1,0.8859022368705032,1
663,Kenya,2022,1,0.7869893413206487,1
664,Kenya,2023,1,0.7649934441100585,1
665,Tanzania,2017,1,0.3412883479375248,0
666,Tanzania,2018,1,0.4341338026546177,0
667,Tanzania,2019,1,0.4374730039343977,0
668,Tanzania,2020,1,0.4159053842587571,0
669,Tanzania,2021,1,0.38444350288533685,0
670,Tanzania,2022,1,0.377382929946701,0
671,Tanzania,2023,0,0.4046676369749938,0
672,Burundi,2017,1,0.8134701227252373,1
673,Burundi,2018,1,0.7141874018443555,1
674,Burundi,2019,1,0.6998715566089505,1
675,Burundi,2020,1,0.6585986154265103,1
676,Burundi,2021,1,0.6030176147493128,1
677,Burundi,2022,1,0.5624094683437388,1
678,Burundi,2023,1,0.5171409359931589,1
679,Rwanda,2017,1,0.5342118035639153,1
680,Rwanda,2018,1,0.5428246761751354,1
681,Rwanda,2019,0,0.5443902837132485,1
682,Rwanda,2020,0,0.4257018514320161,0
683,Rwanda,2021,0,0.3629902155613567,0
684,Rwanda,2022,1,0.4002547110978555,0
685,Rwanda,2023,0,0.5716330541031303,1
686,Somalia,2017,1,0.8712926223051555,1
687,Somalia,2018,1,0.778484985408431,1
688,Somalia,2019,1,0.7978423014107299,1
689,Somalia,2020,1,0.7925252848168195,1
690,Somalia,2021,1,0.7368896783467166,1
691,Somalia,2022,1,0.6548206135623298,1
692,Somalia,2023,1,0.6474832719526641,1
693,Djibouti,2017,0,0.13125191306617248,0
694,Djibouti,2018,0,0.07067461365816724,0
695,Djibouti,2019,0,0.07087223151029064,0
696,Djibouti,2020,0,0.07049342618248933,0
697,Djibouti,2021,0,0.09325717344934029,0
698,Djibouti,2022,0,0.08841603093345922,0
699,Djibouti,2023,0,0.08694461106768592,0
700,Ethiopia,2017,1,0.838594917304271,1
701,Ethiopia,2018,1,0.8361411904523517,1
702,Ethiopia,2019,1,0.8080922348821643,1
703,Ethiopia,2020,1,0.8485807019886689,1
704,Ethiopia,2021,1,0.8582765991827966,1
705,Ethiopia,2022,1,0.8503941134285008,1
706,Ethiopia,2023,1,0.8599217791821956,1
707,Eritrea,2017,0,0.03377914458417717,0
708,Eritrea,2018,0,0.0613513242254013,0
709,Eritrea,2019,0,0.09142212935830729,0
710,Eritrea,2020,0,0.13561485988085967,0
711,Eritrea,2021,0,0.13765764173131834,0
712,Eritrea,2022,0,0.12718876387664987,0
713,Eritrea,2023,0,0.11126216989253067,0
714,Angola,2017,1,0.43017839711198536,0
715,Angola,2018,1,0.40339791928244323,0
716,Angola,2019,1,0.42815798172944447,0
717,Angola,2020,1,0.4396158489472319,0
718,Angola,2021,1,0.45844326709004496,0
719,Angola,2022,1,0.44814838478349067,0
720,Angola,2023,0,0.4844696607263165,0
721,Mozambique,2017,1,0.4568892344916218,0
722,Mozambique,2018,1,0.41013488582431246,0
723,Mozambique,2019,1,0.38252470277017914,0
724,Mozambique,2020,1,0.5679393146646823,1
725,Mozambique,2021,1,0.5364206485673616,1
726,Mozambique,2022,1,0.4859140863705128,0
727,Mozambique,2023,1,0.4898526278519419,0
728,Zambia,2017,0,0.06289071600321076,0
729,Zambia,2018,0,0.10718985461241284,0
730,Zambia,2019,0,0.14749000170010623,0
731,Zambia,2020,0,0.1965363491245454,0
732,Zambia,2021,0,0.18773226163486917,0
733,Zambia,2022,0,0.14857357773135685,0
734,Zambia,2023,0,0.16157460723179945,0
735,Zimbabwe,2017,0,0.19073263374919408,0
736,Zimbabwe,2018,1,0.16390888775285797,0
737,Zimbabwe,2019,1,0.3756342983908352,0
738,Zimbabwe,2020,1,0.4640918640213958,0
739,Zimbabwe,2021,0,0.42774269042917856,0
740,Zimbabwe,2022,0,0.27091411866752046,0
741,Zimbabwe,2023,0,0.2890647703546504,0
742,Malawi,2017,0,0.11003005578573839,0
743,Malawi,2018,0,0.11621595641666446,0
744,Malawi,2019,0,0.11854796866844831,0
745,Malawi,2020,0,0.14852699346091647,0
746,Malawi,2021,0,0.15879574244713912,0
747,Malawi,2022,0,0.19707752716268107,0
748,Malawi,2023,0,0.2420170022802059,0
749,South Africa,2017,0,0.1665827068607523,0
750,South Africa,2018,1,0.16100677180180262,0
751,South Africa,2019,1,0.2794306259737901,0
752,South Africa,2020,1,0.2507918945449586,0
753,South Africa,2021,0,0.3556667415564535,0
754,South Africa,2022,0,0.29294653140766863,0
755,South Africa,2023,1,0.2798121634027269,0
756,Namibia,2017,0,0.026635859674531043,0
757,Namibia,2018,0,0.07737873603844005,0
758,Namibia,2019,0,0.07779701101710959,0
759,Namibia,2020,0,0.15264545954386202,0
760,Namibia,2021,0,0.1631525047164464,0
761,Namibia,2022,0,0.15238045218018223,0
762,Namibia,2023,0,0.11093718567605859,0
763,Lesotho,2017,0,0.04754805653924444,0
764,Lesotho,2018,0,0.04839197671944182,0
765,Lesotho,2019,0,0.0913509785823306,0
766,Lesotho,2020,0,0.0758248920792676,0
767,Lesotho,2021,0,0.07400733372850773,0
768,Lesotho,2022,0,0.07375086240170763,0
769,Lesotho,2023,0,0.06048662379613172,0
770,Botswana,2017,0,0.009096811472605425,0
771,Botswana,2018,0,0.00895867294745715,0
772,Botswana,2019,0,0.049243819781990376,0
773,Botswana,2020,0,0.04213157739614267,0
774,Botswana,2021,0,0.05691882847194626,0
775,Botswana,2022,0,0.02271439228230086,0
776,Botswana,2023,0,0.038461436317096157,0
777,eSwatini,2017,0,0.049716378112161744,0
778,eSwatini,2018,0,0.07857209198094231,0
779,eSwatini,2019,1,0.04976670290386977,0
780,eSwatini,2020,1,0.15569986819549833,0
781,eSwatini,2021,1,0.13462760607004476,0
782,eSwatini,2022,1,0.20763128787925267,0
783,eSwatini,2023,1,0.21994653612396697,0
784,Madagascar,2017,1,0.09068771268736778,0
785,Madagascar,2018,0,0.24237174488557797,0
786,Madagascar,2019,1,0.19751742304493508,0
787,Madagascar,2020,1,0.3252906706393426,0
788,Madagascar,2021,0,0.33690875027505485,0
789,Madagascar,2022,0,0.24282651437499347,0
790,Madagascar,2023,0,0.19855077457083517,0
791,Comoros,2017,0,0.02773740909792853,0
792,Comoros,2018,0,0.036583555151098304,0
793,Comoros,2019,0,0.01975762840818094,0
794,Comoros,2020,0,0.026319684192323226,0
795,Comoros,2021,0,0.03284871849407302,0
796,Comoros,2022,0,0.02645375421822411,0
797,Comoros,2023,0,0.030046044406040195,0
798,Mauritius,2017,0,0.011158378554384901,0
799,Mauritius,2018,0,0.011618988673085532,0
800,Mauritius,2019,0,0.011694838862159494,0
801,Mauritius,2020,0,0.058028697577899656,0
802,Mauritius,2021,0,0.06208137453278093,0
803,Mauritius,2022,0,0.06386782272546127,0
804,Mauritius,2023,0,0.07064258939211826,0
805,Morocco,2017,0,0.13108700480066943,0
806,Morocco,2018,0,0.08390124070012808,0
807,Morocco,2019,0,0.11928016325719895,0
808,Morocco,2020,0,0.12439846083849514,0
809,Morocco,2021,0,0.13555063797597064,0
810,Morocco,2022,0,0.14009004162013522,0
811,Morocco,2023,0,0.15480938124968707,0
812,Algeria,2017,0,0.2630963784685811,0
813,Algeria,2018,1,0.23750636986149654,0
814,Algeria,2019,1,0.44334621058426105,0
815,Algeria,2020,0,0.35417943323470313,0
816,Algeria,2021,0,0.2956525417058399,0
817,Algeria,2022,0,0.19337762791858504,0
818,Algeria,2023,0,0.22305406660083427,0
819,Tunisia,2017,0,0.28595559670053183,0
820,Tunisia,2018,1,0.24240498899175078,0
821,Tunisia,2019,0,0.411133431141537,0
822,Tunisia,2020,0,0.25952700381968064,0
823,Tunisia,2021,0,0.2515012861484544,0
824,Tunisia,2022,0,0.2571778621576891,0
825,Tunisia,2023,0,0.22965378295592298,0
826,Libya,2017,1,0.6669741085952713,1
827,Libya,2018,1,0.6166763511971574,1
828,Libya,2019,1,0.5278236915731437,1
829,Libya,2020,1,0.4829305640779594,0
830,Libya,2021,0,0.478264835994722,0
831,Libya,2022,0,0.35379283369279435,0
832,Libya,2023,0,0.3784271970316848,0
833,Sudan,2017,1,0.9100980804017607,1
834,Sudan,2018,1,0.9292294145125495,1
835,Sudan,2019,1,0.8795258616471615,1
836,Sudan,2020,1,0.8604277457615012,1
837,Sudan,2021,1,0.9230920157340758,1
838,Sudan,2022,1,0.919368661196442,1
839,Sudan,2023,1,0.9461057027181874,1
840,South Sudan,2017,1,0.6696280490499057,1
841,South Sudan,2018,1,0.6692769306277474,1
842,South Sudan,2019,1,0.6645284247728777,1
843,South Sudan,2020,1,0.6590516864523597,1
844,South Sudan,2021,1,0.5826733696380211,1
845,South Sudan,2022,1,0.5679876224662206,1
846,South Sudan,2023,1,0.498568800221611,0
847,Iran,2017,0,0.20565556667431928,0
848,Iran,2018,1,0.2461760614110765,0
849,Iran,2019,1,0.40703327168462133,0
850,Iran,2020,1,0.42351737577427906,0
851,Iran,2021,1,0.4073491924058341,0
852,Iran,2022,1,0.4126524750633179,0
853,Iran,2023,1,0.42956009366465964,0
854,Turkey,2017,1,0.7090599296388547,1
855,Turkey,2018,0,0.6661171936173115,1
856,Turkey,2019,1,0.601747907107451,1
857,Turkey,2020,1,0.6401252907291222,1
858,Turkey,2021,0,0.6458837525919676,1
859,Turkey,2022,1,0.6149229281498021,1
860,Turkey,2023,1,0.67103268385486,1
861,Iraq,2017,1,0.8903267953673161,1
862,Iraq,2018,1,0.8989973579437588,1
863,Iraq,2019,1,0.8218130456231656,1
864,Iraq,2020,1,0.8315980468383386,1
865,Iraq,2021,1,0.8228920670647291,1
866,Iraq,2022,1,0.7843003159136146,1
867,Iraq,2023,1,0.7779835504859821,1
868,Egypt,2017,1,0.6430390709726741,1
869,Egypt,2018,1,0.5546638129512729,1
870,Egypt,2019,1,0.4750819874053336,0
871,Egypt,2020,1,0.4387472529701478,0
872,Egypt,2021,1,0.43268761992835475,0
873,Egypt,2022,1,0.4120503596376951,0
874,Egypt,2023,1,0.431077681838978,0
875,Syria,2017,1,0.7286209532678775,1
876,Syria,2018,1,0.7450566490042826,1
877,Syria,2019,1,0.6696143221195991,1
878,Syria,2020,1,0.6733673809455034,1
879,Syria,2021,1,0.6556876665629541,1
880,Syria,2022,1,0.6448409498447463,1
881,Syria,2023,1,0.6293789351156531,1
882,Lebanon,2017,0,0.6595139860209128,1
883,Lebanon,2018,0,0.5335375928811628,1
884,Lebanon,2019,0,0.5326754304884483,1
885,Lebanon,2020,0,0.5396671933531945,1
886,Lebanon,2021,0,0.5152785594478555,1
887,Lebanon,2022,0,0.5227204666936569,1
888,Lebanon,2023,0,0.5061330447270063,1
889,Jordan,2017,0,0.06734360947689882,0
890,Jordan,2018,0,0.08574469577609821,0
891,Jordan,2019,0,0.04973348494102912,0
892,Jordan,2020,0,0.10219627576470294,0
893,Jordan,2021,0,0.0974693560217052,0
894,Jordan,2022,0,0.11918853091012951,0
895,Jordan,2023,0,0.10441601813286469,0
896,Israel,2017,1,0.7941481846234746,1
897,Israel,2018,1,0.789576906869254,1
898,Israel,2019,1,0.7218784558517202,1
899,Israel,2020,1,0.7326568122314953,1
900,Israel,2021,1,0.7818715666810443,1
901,Israel,2022,1,0.7800558576364657,1
902,Israel,2023,1,0.7875628613235249,1
903,Saudi Arabia,2017,0,0.6193804693381569,1
904,Saudi Arabia,2018,0,0.4531003111392424,0
905,Saudi Arabia,2019,1,0.4219001985492661,0
906,Saudi Arabia,2020,0,0.6021463043178703,1
907,Saudi Arabia,2021,0,0.44026245941375775,0
908,Saudi Arabia,2022,0,0.3141128941406436,0
909,Saudi Arabia,2023,0,0.33758198185202704,0
910,Yemen (North Yemen),2017,1,0.6186962005077076,1
911,Yemen (North Yemen),2018,1,0.5419983630407533,1
912,Yemen (North Yemen),2019,1,0.5333144265217252,1
913,Yemen (North Yemen),2020,1,0.5602717983271488,1
914,Yemen (North Yemen),2021,1,0.5197507440830302,1
915,Yemen (North Yemen),2022,1,0.4990912839965994,0
916,Yemen (North Yemen),2023,1,0.5013582555152334,1
917,Kuwait,2017,0,0.23550185639867094,0
918,Kuwait,2018,0,0.23693493577145297,0
919,Kuwait,2019,0,0.17616580010176167,0
920,Kuwait,2020,0,0.1804685754318369,0
921,Kuwait,2021,0,0.14703442083011198,0
922,Kuwait,2022,0,0.1314541795668453,0
923,Kuwait,2023,0,0.12219167392754324,0
924,Bahrain,2017,0,0.12977731640039436,0
925,Bahrain,2018,0,0.14271392003997446,0
926,Bahrain,2019,0,0.1274947658394502,0
927,Bahrain,2020,0,0.12641745524034154,0
928,Bahrain,2021,0,0.10405325583712517,0
929,Bahrain,2022,0,0.15055741837424497,0
930,Bahrain,2023,0,0.12874390173065192,0
931,Qatar,2017,0,0.033759460519974124,0
932,Qatar,2018,0,0.00562297397343553,0
933,Qatar,2019,0,0.00577467435158345,0
934,Qatar,2020,0,0.03849229453702795,0
935,Qatar,2021,0,0.014174172439211572,0
936,Qatar,2022,0,0.022315809750845385,0
937,Qatar,2023,0,0.0267342265336526,0
938,United Arab Emirates,2017,0,0.049317973170616744,0
939,United Arab Emirates,2018,0,0.020412571477165083,0
940,United Arab Emirates,2019,0,0.020673568242803447,0
941,United Arab Emirates,2020,0,0.05040841125681962,0
942,United Arab Emirates,2021,0,0.020965366079861568,0
943,United Arab Emirates,2022,0,0.021690910657308098,0
944,United Arab Emirates,2023,0,0.021952270666398627,0
945,Oman,2017,0,0.037417121088373646,0
946,Oman,2018,0,0.04419337916361593,0
947,Oman,2019,0,0.043375184560646596,0
948,Oman,2020,0,0.043405107673833127,0
949,Oman,2021,0,0.043397917647768416,0
950,Oman,2022,0,0.043333974854192714,0
951,Oman,2023,0,0.042827211589850006,0
952,Afghanistan,2017,1,0.8890758720415964,1
953,Afghanistan,2018,1,0.862848845795908,1
954,Afghanistan,2019,1,0.8258820508046425,1
955,Afghanistan,2020,1,0.8143623586229469,1
956,Afghanistan,2021,1,0.781627504862246,1
957,Afghanistan,2022,1,0.7636599202028891,1
958,Afghanistan,2023,1,0.7812152786223792,1
959,Turkmenistan,2017,0,0.030738022787557315,0
960,Turkmenistan,2018,0,0.029366012962165476,0
961,Turkmenistan,2019,0,0.05656024574578215,0
962,Turkmenistan,2020,0,0.048454904813552316,0
963,Turkmenistan,2021,0,0.055118013321591344,0
964,Turkmenistan,2022,0,0.06208308236009248,0
965,Turkmenistan,2023,0,0.06797304305238058,0
966,Tajikistan,2017,0,0.08991429559684058,0
967,Tajikistan,2018,1,0.09149038339849956,0
968,Tajikistan,2019,0,0.24019889209903397,0
969,Tajikistan,2020,0,0.1692878478027935,0
970,Tajikistan,2021,0,0.17559863146753907,0
971,Tajikistan,2022,0,0.2081642547371907,0
972,Tajikistan,2023,0,0.14897391779920524,0
973,Kyrgyzstan,2017,0,0.031453238977042344,0
974,Kyrgyzstan,2018,0,0.06647576875623584,0
975,Kyrgyzstan,2019,0,0.03255039631115976,0
976,Kyrgyzstan,2020,0,0.04962663865266119,0
977,Kyrgyzstan,2021,0,0.10213099178680701,0
978,Kyrgyzstan,2022,1,0.12196203057718663,0
979,Kyrgyzstan,2023,0,0.27154772486891016,0
980,Uzbekistan,2017,0,0.04990969040881811,0
981,Uzbekistan,2018,0,0.048597345060261796,0
982,Uzbekistan,2019,0,0.047986335076309256,0
983,Uzbekistan,2020,0,0.05887234960901243,0
984,Uzbekistan,2021,0,0.07397492120538762,0
985,Uzbekistan,2022,0,0.08327328298381376,0
986,Uzbekistan,2023,0,0.08468917763664918,0
987,Kazakhstan,2017,0,0.04391336268506871,0
988,Kazakhstan,2018,0,0.06674350253785052,0
989,Kazakhstan,2019,0,0.07503450419888469,0
990,Kazakhstan,2020,0,0.0945628389529927,0
991,Kazakhstan,2021,0,0.08570439556885089,0
992,Kazakhstan,2022,0,0.11621611656821872,0
993,Kazakhstan,2023,0,0.09330105752657147,0
994,China,2017,0,0.0666303098059567,0
995,China,2018,0,0.0709370707488229,0
996,China,2019,0,0.07600897958173128,0
997,China,2020,0,0.11811483908950594,0
998,China,2021,0,0.1300931827500177,0
999,China,2022,0,0.1597709932112169,0
1000,China,2023,0,0.1566041980154781,0
1001,Mongolia,2017,0,0.025781416907465382,0
1002,Mongolia,2018,0,0.049681297636159825,0
1003,Mongolia,2019,0,0.0689212644650761,0
1004,Mongolia,2020,0,0.07098160592145494,0
1005,Mongolia,2021,0,0.06851588845159978,0
1006,Mongolia,2022,0,0.07502556944224008,0
1007,Mongolia,2023,0,0.08957998890239259,0
1008,South Korea,2017,0,0.09403220710881532,0
1009,South Korea,2018,0,0.09317986519224297,0
1010,South Korea,2019,0,0.1012137606313661,0
1011,South Korea,2020,0,0.10039847932378612,0
1012,South Korea,2021,0,0.10039847932378612,0
1013,South Korea,2022,0,0.10016965403446779,0
1014,South Korea,2023,0,0.11567005072089553,0
1015,Japan,2017,0,0.00693159711679875,0
1016,Japan,2018,0,0.006934539954815431,0
1017,Japan,2019,0,0.006934539954815431,0
1018,Japan,2020,0,0.006934006867542023,0
1019,Japan,2021,0,0.0069443298129248055,0
1020,Japan,2022,0,0.006934006867542023,0
1021,Japan,2023,0,0.06505231281391824,0
1022,India,2017,1,0.8518945546577684,1
1023,India,2018,1,0.8761244448059898,1
1024,India,2019,1,0.8573883319220392,1
1025,India,2020,1,0.8780151716964048,1
1026,India,2021,1,0.80960364489205,1
1027,India,2022,1,0.767707607888326,1
1028,India,2023,1,0.6221854281122298,1
1029,Bhutan,2017,0,0.040230589260201,0
1030,Bhutan,2018,0,0.04150738052382195,0
1031,Bhutan,2019,0,0.04070211330485544,0
1032,Bhutan,2020,0,0.03901542465743709,0
1033,Bhutan,2021,0,0.051482201422426314,0
1034,Bhutan,2022,0,0.050756128008673185,0
1035,Bhutan,2023,0,0.05218142728882359,0
1036,Pakistan,2017,1,0.8643946056186569,1
1037,Pakistan,2018,1,0.9136862706939938,1
1038,Pakistan,2019,1,0.9110084474303711,1
1039,Pakistan,2020,1,0.8665467297443901,1
1040,Pakistan,2021,1,0.8327464582495016,1
1041,Pakistan,2022,1,0.8168174493878656,1
1042,Pakistan,2023,1,0.8436484842054022,1
1043,Bangladesh,2017,1,0.73873248657955,1
1044,Bangladesh,2018,1,0.6139750129241405,1
1045,Bangladesh,2019,0,0.5446726722056389,1
1046,Bangladesh,2020,1,0.44246732476547695,0
1047,Bangladesh,2021,1,0.6734299304666691,1
1048,Bangladesh,2022,1,0.6348323245164607,1
1049,Bangladesh,2023,1,0.5446599905311282,1
1050,Myanmar (Burma),2017,1,0.7423483303545009,1
1051,Myanmar (Burma),2018,1,0.7428999205729925,1
1052,Myanmar (Burma),2019,1,0.7286699560310903,1
1053,Myanmar (Burma),2020,1,0.7642225776059699,1
1054,Myanmar (Burma),2021,1,0.7765137527632274,1
1055,Myanmar (Burma),2022,1,0.7956290948881275,1
1056,Myanmar (Burma),2023,1,0.781936480331906,1
1057,Sri Lanka,2017,1,0.1623907363129087,0
1058,Sri Lanka,2018,0,0.2856812753831527,0
1059,Sri Lanka,2019,1,0.13419708169993722,0
1060,Sri Lanka,2020,0,0.2627538461411277,0
1061,Sri Lanka,2021,0,0.19887610478976417,0
1062,Sri Lanka,2022,0,0.26050377293801813,0
1063,Sri Lanka,2023,0,0.19289290853178995,0
1064,Maldives,2017,0,0.00939488115045344,0
1065,Maldives,2018,0,0.014834393464570998,0
1066,Maldives,2019,0,0.021165469970032987,0
1067,Maldives,2020,0,0.005395431846499916,0
1068,Maldives,2021,0,0.022922639122219653,0
1069,Maldives,2022,0,0.03393614249182182,0
1070,Maldives,2023,0,0.041379513819467674,0
1071,Nepal,2017,0,0.09326142939645486,0
1072,Nepal,2018,0,0.1078986475896063,0
1073,Nepal,2019,0,0.10718157030389888,0
1074,Nepal,2020,0,0.08351196097767853,0
1075,Nepal,2021,0,0.13934359417617773,0
1076,Nepal,2022,1,0.1648593072022093,0
1077,Nepal,2023,0,0.2712804227268492,0
1078,Thailand,2017,1,0.7836682413360994,1
1079,Thailand,2018,1,0.7910690403126089,1
1080,Thailand,2019,1,0.6637915923734187,1
1081,Thailand,2020,1,0.7336404144060853,1
1082,Thailand,2021,1,0.7160966810803944,1
1083,Thailand,2022,1,0.6257644706174492,1
1084,Thailand,2023,1,0.5965305961915912,1
1085,Cambodia (Kampuchea),2017,0,0.11709506890188234,0
1086,Cambodia (Kampuchea),2018,0,0.11309657266995153,0
1087,Cambodia (Kampuchea),2019,0,0.12983693094250806,0
1088,Cambodia (Kampuchea),2020,0,0.12173937747358074,0
1089,Cambodia (Kampuchea),2021,0,0.12749126813930586,0
1090,Cambodia (Kampuchea),2022,0,0.1530944939052643,0
1091,Cambodia (Kampuchea),2023,0,0.17205321538403873,0
1092,Laos,2017,0,0.01902938762285016,0
1093,Laos,2018,0,0.019067741758962795,0
1094,Laos,2019,0,0.05556382687115753,0
1095,Laos,2020,0,0.03467305977043095,0
1096,Laos,2021,0,0.05080593011965415,0
1097,Laos,2022,0,0.07463136002230356,0
1098,Laos,2023,0,0.07717360677014977,0
1099,Vietnam,2017,0,0.04200272915187585,0
1100,Vietnam,2018,0,0.04869411667255318,0
1101,Vietnam,2019,0,0.04338847104232671,0
1102,Vietnam,2020,0,0.051110541409338156,0
1103,Vietnam,2021,0,0.06621317002248064,0
1104,Vietnam,2022,0,0.0735660345719049,0
1105,Vietnam,2023,0,0.07896447558594177,0
1106,Malaysia,2017,0,0.10585733874626309,0
1107,Malaysia,2018,0,0.12038853093465854,0
1108,Malaysia,2019,0,0.1177166001467672,0
1109,Malaysia,2020,0,0.11891315894521753,0
1110,Malaysia,2021,0,0.10999348680400442,0
1111,Malaysia,2022,0,0.10605457463637476,0
1112,Malaysia,2023,0,0.12165440164078985,0
1113,Singapore,2017,0,0.015205201670931638,0
1114,Singapore,2018,0,0.01684580965434747,0
1115,Singapore,2019,0,0.017900847896354263,0
1116,Singapore,2020,0,0.01918526553589713,0
1117,Singapore,2021,0,0.014476275173336432,0
1118,Singapore,2022,0,0.04035909513243422,0
1119,Singapore,2023,0,0.039591121439820194,0
1120,Philippines,2017,1,0.9019980472062479,1
1121,Philippines,2018,1,0.8847276100815942,1
1122,Philippines,2019,1,0.8432236458873518,1
1123,Philippines,2020,1,0.8166728754635453,1
1124,Philippines,2021,1,0.8074887088108812,1
1125,Philippines,2022,1,0.7817411874378583,1
1126,Philippines,2023,1,0.755365166859581,1
1127,Indonesia,2017,0,0.26476277065141146,0
1128,Indonesia,2018,1,0.36744884991777826,0
1129,Indonesia,2019,0,0.39114731793321067,0
1130,Indonesia,2020,1,0.24423105278518858,0
1131,Indonesia,2021,1,0.4392759254240517,0
1132,Indonesia,2022,1,0.45704307720174464,0
1133,Indonesia,2023,1,0.4347377710275051,0
1134,East Timor,2017,0,0.03177714220535906,0
1135,East Timor,2018,0,0.053065296737676924,0
1136,East Timor,2019,0,0.08161363328310711,0
1137,East Timor,2020,0,0.08004380052509799,0
1138,East Timor,2021,0,0.07773092555187246,0
1139,East Timor,2022,0,0.08748606352614047,0
1140,East Timor,2023,0,0.08295318740000412,0
1141,Australia,2017,0,0.0013342707243734061,0
1142,Australia,2018,1,0.002116108331246982,0
1143,Australia,2019,0,0.08528759379606587,0
1144,Australia,2020,0,0.03819540915710952,0
1145,Australia,2021,0,0.0017356141315024447,0
1146,Australia,2022,0,0.011779830706886565,0
1147,Australia,2023,0,0.011938824009221933,0
1148,Papua New Guinea,2017,0,0.18550187951902014,0
1149,Papua New Guinea,2018,0,0.22734714893324215,0
1150,Papua New Guinea,2019,0,0.2323663550257063,0
1151,Papua New Guinea,2020,0,0.22692343960169734,0
1152,Papua New Guinea,2021,0,0.2513596650604943,0
1153,Papua New Guinea,2022,1,0.2392204161205617,0
1154,Papua New Guinea,2023,1,0.3729494576495491,0
1155,New Zealand,2017,0,0.09365496052315705,0
1156,New Zealand,2018,0,0.10759649606857632,0
1157,New Zealand,2019,0,0.0011248195367816992,0
1158,New Zealand,2020,0,0.0014076297675541215,0
1159,New Zealand,2021,0,0.0014221766746301987,0
1160,New Zealand,2022,0,0.010968799956135237,0
1161,New Zealand,2023,0,0.023380260346446816,0
1162,Solomon Islands,2017,0,0.012053753987138158,0
1163,Solomon Islands,2018,0,0.02570506025070339,0
1164,Solomon Islands,2019,0,0.008474625837578725,0
1165,Solomon Islands,2020,0,0.018322925096657974,0
1166,Solomon Islands,2021,0,0.01962537205294826,0
1167,Solomon Islands,2022,0,0.02194943221659542,0
1168,Solomon Islands,2023,0,0.0379139304706618,0
1169,Fiji,2017,0,0.0013772715629274748,0
1170,Fiji,2018,0,0.0024872849367855855,0
1171,Fiji,2019,0,0.015524675167223098,0
1172,Fiji,2020,0,0.009187480889355698,0
1173,Fiji,2021,0,0.014053477921526503,0
1174,Fiji,2022,0,0.044609553358445325,0
1175,Fiji,2023,0,0.028714859325626722,0
