,country,year,d_civil_war,preds_proba,preds
0,United States of America,2017,0,0.00047918965065478557,0
1,United States of America,2018,0,0.00047918965065478557,0
2,United States of America,2019,0,0.00047918965065478557,0
3,United States of America,2020,0,0.00047918965065478557,0
4,United States of America,2021,0,0.00047918965065478557,0
5,United States of America,2022,0,0.02447314279645726,0
6,United States of America,2023,0,0.095906146155529,0
7,Canada,2017,0,0.00047137730341074877,0
8,Canada,2018,0,0.003222755829289801,0
9,Canada,2019,0,0.0034780140834369667,0
10,Canada,2020,0,0.0037386271380128533,0
11,Canada,2021,0,0.0018892988889332482,0
12,Canada,2022,0,0.01762082131372198,0
13,Canada,2023,0,0.04150801046108778,0
14,Cuba,2017,0,0.00011991877412541066,0
15,Cuba,2018,0,0.0,0
16,Cuba,2019,0,0.0007195126447524638,0
17,Cuba,2020,0,0.0,0
18,Cuba,2021,0,0.0,0
19,Cuba,2022,0,0.018721542105975805,0
20,Cuba,2023,0,0.061597940153104394,0
21,Haiti,2017,0,0.004140183212074267,0
22,Haiti,2018,0,0.004718262459296606,0
23,Haiti,2019,0,0.0028381077464758827,0
24,Haiti,2020,0,0.05989405256839775,0
25,Haiti,2021,0,0.0621360174075889,0
26,Haiti,2022,0,0.11197204868645153,0
27,Haiti,2023,0,0.271385413247357,0
28,Dominican Republic,2017,0,0.0001376379160053185,0
29,Dominican Republic,2018,0,0.0001376379160053185,0
30,Dominican Republic,2019,0,0.0001376379160053185,0
31,Dominican Republic,2020,0,0.0001376379160053185,0
32,Dominican Republic,2021,0,0.0001376379160053185,0
33,Dominican Republic,2022,0,0.017722410995862595,0
34,Dominican Republic,2023,0,0.06378136056213621,0
35,Jamaica,2017,0,0.0,0
36,Jamaica,2018,0,0.0,0
37,Jamaica,2019,0,0.0017892929080691403,0
38,Jamaica,2020,0,0.0,0
39,Jamaica,2021,0,0.00023765426073419352,0
40,Jamaica,2022,0,0.01717136692918255,0
41,Jamaica,2023,0,0.0752446757097553,0
42,Trinidad and Tobago,2017,0,0.0,0
43,Trinidad and Tobago,2018,0,0.0,0
44,Trinidad and Tobago,2019,0,0.0,0
45,Trinidad and Tobago,2020,0,0.0,0
46,Trinidad and Tobago,2021,0,1.3992647225550985e-05,0
47,Trinidad and Tobago,2022,0,0.013826383242708856,0
48,Trinidad and Tobago,2023,0,0.059639170060774196,0
49,Barbados,2017,0,0.007147231116120622,0
50,Barbados,2018,0,0.004032113889182954,0
51,Barbados,2019,0,0.009881502154670492,0
52,Barbados,2020,0,0.00631222775902169,0
53,Barbados,2021,0,0.004015968526999626,0
54,Barbados,2022,0,0.0420958713998223,0
55,Barbados,2023,0,0.08832286639691825,0
56,Mexico,2017,0,0.0011032527219537779,0
57,Mexico,2018,0,0.026396625358603404,0
58,Mexico,2019,0,0.002412870533521276,0
59,Mexico,2020,0,0.0020291304563199615,0
60,Mexico,2021,0,0.0025083201069747473,0
61,Mexico,2022,0,0.03408275595616191,0
62,Mexico,2023,0,0.16017446701143578,0
63,Guatemala,2017,0,0.0011928619387127602,0
64,Guatemala,2018,0,0.005636066538966663,0
65,Guatemala,2019,0,0.007425359447035804,0
66,Guatemala,2020,0,0.005636066538966663,0
67,Guatemala,2021,0,0.005636066538966663,0
68,Guatemala,2022,0,0.016674299693269383,0
69,Guatemala,2023,0,0.060319200573295755,0
70,Honduras,2017,0,0.0,0
71,Honduras,2018,0,0.0,0
72,Honduras,2019,0,0.0,0
73,Honduras,2020,0,0.0,0
74,Honduras,2021,0,0.0,0
75,Honduras,2022,0,0.008210995442418581,0
76,Honduras,2023,0,0.05611043723718714,0
77,El Salvador,2017,0,0.0,0
78,El Salvador,2018,0,0.0013419696810518555,0
79,El Salvador,2019,0,0.0013419696810518555,0
80,El Salvador,2020,0,0.0030208325188076047,0
81,El Salvador,2021,0,0.003260670067058426,0
82,El Salvador,2022,0,0.030480718918038094,0
83,El Salvador,2023,0,0.09855963443018588,0
84,Nicaragua,2017,0,0.0,0
85,Nicaragua,2018,0,0.0,0
86,Nicaragua,2019,0,0.010209084970543292,0
87,Nicaragua,2020,0,0.0,0
88,Nicaragua,2021,0,0.0,0
89,Nicaragua,2022,0,0.01604399307568663,0
90,Nicaragua,2023,0,0.06414041796582903,0
91,Costa Rica,2017,0,0.0004473232270172851,0
92,Costa Rica,2018,0,0.0022366161350864254,0
93,Costa Rica,2019,0,0.0004473232270172851,0
94,Costa Rica,2020,0,0.0004473232270172851,0
95,Costa Rica,2021,0,0.0004473232270172851,0
96,Costa Rica,2022,0,0.0089778352601625,0
97,Costa Rica,2023,0,0.045977501089943196,0
98,Panama,2017,0,0.0,0
99,Panama,2018,0,0.0,0
100,Panama,2019,0,0.000825827496031911,0
101,Panama,2020,0,0.000825827496031911,0
102,Panama,2021,0,0.000825827496031911,0
103,Panama,2022,0,0.008883454974901709,0
104,Panama,2023,0,0.05700193102643174,0
105,Colombia,2017,0,0.01536886758145065,0
106,Colombia,2018,0,0.036839365641795074,0
107,Colombia,2019,0,0.1311083653595877,0
108,Colombia,2020,0,0.03717524553217356,0
109,Colombia,2021,0,0.03921344527039083,0
110,Colombia,2022,0,0.07363490792428762,0
111,Colombia,2023,0,0.10755015012375434,0
112,Venezuela,2017,0,0.019517066009801357,0
113,Venezuela,2018,0,0.039337095641159406,0
114,Venezuela,2019,0,0.04402801352932862,0
115,Venezuela,2020,0,0.04444167824933037,0
116,Venezuela,2021,0,0.05047214431208728,0
117,Venezuela,2022,0,0.05793550845722474,0
118,Venezuela,2023,0,0.12463459445018278,0
119,Guyana,2017,0,0.005636066538966663,0
120,Guyana,2018,0,0.005652211901149991,0
121,Guyana,2019,0,0.017137666705604192,0
122,Guyana,2020,0,0.011272133077933327,0
123,Guyana,2021,0,0.011272133077933327,0
124,Guyana,2022,0,0.019653537368739444,0
125,Guyana,2023,0,0.06615243179875208,0
126,Suriname,2017,0,0.0,0
127,Suriname,2018,0,0.0,0
128,Suriname,2019,0,0.0,0
129,Suriname,2020,0,0.0,0
130,Suriname,2021,0,1.1137004934622212e-05,0
131,Suriname,2022,0,0.008381404290806117,0
132,Suriname,2023,0,0.053091005812749614,0
133,Ecuador,2017,0,0.0,0
134,Ecuador,2018,0,0.0,0
135,Ecuador,2019,0,0.0,0
136,Ecuador,2020,0,0.005636066538966663,0
137,Ecuador,2021,0,0.005636066538966663,0
138,Ecuador,2022,0,0.015994213471068212,0
139,Ecuador,2023,0,0.04758912618770149,0
140,Peru,2017,0,0.00025561327258130575,0
141,Peru,2018,0,0.005891679811547969,0
142,Peru,2019,0,0.0079791882042953,0
143,Peru,2020,0,0.007680972719617109,0
144,Peru,2021,0,0.008396689882844765,0
145,Peru,2022,0,0.024226755863328647,0
146,Peru,2023,0,0.11809590891951877,0
147,Brazil,2017,0,0.0,0
148,Brazil,2018,0,0.034041878515271254,0
149,Brazil,2019,0,0.032220405456489305,0
150,Brazil,2020,0,0.0321604460694266,0
151,Brazil,2021,0,0.03227227687618092,0
152,Brazil,2022,0,0.045499547904644604,0
153,Brazil,2023,0,0.08840227549897385,0
154,Bolivia,2017,0,0.004294302979365937,0
155,Bolivia,2018,0,0.007425359447035804,0
156,Bolivia,2019,0,0.013061425986002467,0
157,Bolivia,2020,0,0.007425359447035804,0
158,Bolivia,2021,0,0.009896287748655093,0
159,Bolivia,2022,0,0.024880208255030088,0
160,Bolivia,2023,0,0.07894012640600227,0
161,Paraguay,2017,0,0.0013738361046893557,0
162,Paraguay,2018,0,0.000990416195817397,0
163,Paraguay,2019,0,0.00047918965065478557,0
164,Paraguay,2020,0,0.00047918965065478557,0
165,Paraguay,2021,0,0.00047918965065478557,0
166,Paraguay,2022,0,0.015449606981499926,0
167,Paraguay,2023,0,0.06367778875627275,0
168,Chile,2017,0,0.009301817109483242,0
169,Chile,2018,0,0.004413128035930608,0
170,Chile,2019,0,0.012638905154970681,0
171,Chile,2020,0,0.012638905154970681,0
172,Chile,2021,0,0.012638905154970681,0
173,Chile,2022,0,0.030779819358145118,0
174,Chile,2023,0,0.06625992472040182,0
175,Argentina,2017,0,0.0028315467605638652,0
176,Argentina,2018,0,0.0028315467605638652,0
177,Argentina,2019,0,0.0018555688107079705,0
178,Argentina,2020,0,0.0018555688107079705,0
179,Argentina,2021,0,0.0018555688107079705,0
180,Argentina,2022,0,0.03607831308097236,0
181,Argentina,2023,0,0.08528484621555242,0
182,Uruguay,2017,0,0.00029821548467819006,0
183,Uruguay,2018,0,0.00029821548467819006,0
184,Uruguay,2019,0,0.002087508392747331,0
185,Uruguay,2020,0,0.005964309693563801,0
186,Uruguay,2021,0,0.005964309693563801,0
187,Uruguay,2022,0,0.02773132902521096,0
188,Uruguay,2023,0,0.06468689099975644,0
189,United Kingdom,2017,0,0.00047918965065478557,0
190,United Kingdom,2018,0,0.0007774051353329756,0
191,United Kingdom,2019,0,0.00047918965065478557,0
192,United Kingdom,2020,0,0.00047918965065478557,0
193,United Kingdom,2021,0,0.00047918965065478557,0
194,United Kingdom,2022,0,0.01649762139908328,0
195,United Kingdom,2023,0,0.0343327171702587,0
196,Ireland,2017,0,4.3849335929720517e-05,0
197,Ireland,2018,0,0.0,0
198,Ireland,2019,0,0.0,0
199,Ireland,2020,0,7.994584941694043e-05,0
200,Ireland,2021,0,7.994584941694043e-05,0
201,Ireland,2022,0,0.01833228268307115,0
202,Ireland,2023,0,0.03230072379103716,0
203,Netherlands,2017,0,0.00047918965065478557,0
204,Netherlands,2018,0,0.006115256189621449,0
205,Netherlands,2019,0,0.006115256189621449,0
206,Netherlands,2020,0,0.007904549097690589,0
207,Netherlands,2021,0,0.006115256189621449,0
208,Netherlands,2022,0,0.024014650081519165,0
209,Netherlands,2023,0,0.03375028081681682,0
210,Belgium,2017,0,0.002002303968553562,0
211,Belgium,2018,0,0.004355211236809844,0
212,Belgium,2019,0,0.006172854411387405,0
213,Belgium,2020,0,0.006172854411387405,0
214,Belgium,2021,0,0.006652529507889048,0
215,Belgium,2022,0,0.026135504227765703,0
216,Belgium,2023,0,0.030993705578159485,0
217,Luxembourg,2017,0,0.00047137730341074877,0
218,Luxembourg,2018,0,0.0013721539685555935,0
219,Luxembourg,2019,0,0.0013721539685555935,0
220,Luxembourg,2020,0,0.0017127128725484206,0
221,Luxembourg,2021,0,0.0019692447383501885,0
222,Luxembourg,2022,0,0.011516071119986305,0
223,Luxembourg,2023,0,0.022113984757889674,0
224,France,2017,0,0.00047918965065478557,0
225,France,2018,0,0.00047918965065478557,0
226,France,2019,0,0.00047918965065478557,0
227,France,2020,0,0.00047918965065478557,0
228,France,2021,0,0.00047918965065478557,0
229,France,2022,0,0.007502566503541761,0
230,France,2023,0,0.02485238434964995,0
231,Switzerland,2017,0,0.00047918965065478557,0
232,Switzerland,2018,0,0.00047918965065478557,0
233,Switzerland,2019,0,0.00047918965065478557,0
234,Switzerland,2020,0,0.00047918965065478557,0
235,Switzerland,2021,0,0.00047918965065478557,0
236,Switzerland,2022,0,0.016128531325189363,0
237,Switzerland,2023,0,0.017943514658129052,0
238,Spain,2017,0,0.00047918965065478557,0
239,Spain,2018,0,0.00047918965065478557,0
240,Spain,2019,0,0.00047918965065478557,0
241,Spain,2020,0,0.00047918965065478557,0
242,Spain,2021,0,0.00047918965065478557,0
243,Spain,2022,0,0.008966533428325603,0
244,Spain,2023,0,0.02890314468319536,0
245,Portugal,2017,0,0.00047918965065478557,0
246,Portugal,2018,0,0.00047918965065478557,0
247,Portugal,2019,0,0.00047918965065478557,0
248,Portugal,2020,0,0.00047918965065478557,0
249,Portugal,2021,0,0.000559135500071726,0
250,Portugal,2022,0,0.012359655628351666,0
251,Portugal,2023,0,0.021145492617379327,0
252,Germany,2017,0,0.0017892929080691403,0
253,Germany,2018,0,0.0,0
254,Germany,2019,0,9.540441290148398e-06,0
255,Germany,2020,0,0.0008879205961604537,0
256,Germany,2021,0,0.002458130823964366,0
257,Germany,2022,0,0.007462185454549099,0
258,Germany,2023,0,0.0312849091953472,0
259,Poland,2017,0,0.0014314343264553123,0
260,Poland,2018,0,0.0,0
261,Poland,2019,0,0.0,0
262,Poland,2020,0,0.0,0
263,Poland,2021,0,0.0,0
264,Poland,2022,0,0.009073834230871259,0
265,Poland,2023,0,0.02416888481814559,0
266,Austria,2017,0,0.002821577278109029,0
267,Austria,2018,0,0.002821577278109029,0
268,Austria,2019,0,0.002821577278109029,0
269,Austria,2020,0,0.002821577278109029,0
270,Austria,2021,0,0.0010322843700398886,0
271,Austria,2022,0,0.0182675902130903,0
272,Austria,2023,0,0.018178165290029122,0
273,Hungary,2017,0,0.0,0
274,Hungary,2018,0,0.0,0
275,Hungary,2019,0,0.0,0
276,Hungary,2020,0,0.0030905968412103333,0
277,Hungary,2021,0,0.0,0
278,Hungary,2022,0,0.0074707000799042605,0
279,Hungary,2023,0,0.01748079984893551,0
280,Czechia,2017,0,0.0,0
281,Czechia,2018,0,0.0,0
282,Czechia,2019,0,0.0,0
283,Czechia,2020,0,0.0,0
284,Czechia,2021,0,0.0,0
285,Czechia,2022,0,0.01634510580870497,0
286,Czechia,2023,0,0.022608986511877316,0
287,Slovakia,2017,0,0.0007229466295228849,0
288,Slovakia,2018,0,0.0007229466295228849,0
289,Slovakia,2019,0,0.0007229466295228849,0
290,Slovakia,2020,0,0.0029595627646093105,0
291,Slovakia,2021,0,0.0003976206462375867,0
292,Slovakia,2022,0,0.007005715959778071,0
293,Slovakia,2023,0,0.01354445292772071,0
294,Italy,2017,0,0.0006581189414616996,0
295,Italy,2018,0,0.0006581189414616996,0
296,Italy,2019,0,0.0006581189414616996,0
297,Italy,2020,0,0.0006581189414616996,0
298,Italy,2021,0,0.0006581189414616996,0
299,Italy,2022,0,0.012931056556777933,0
300,Italy,2023,0,0.028475702488489955,0
301,Malta,2017,0,0.00644647288353747,0
302,Malta,2018,0,0.0016545150007080882,0
303,Malta,2019,0,0.000580939255866604,0
304,Malta,2020,0,0.0019297908327187252,0
305,Malta,2021,0,0.0026769680910333116,0
306,Malta,2022,0,0.037506322180863715,0
307,Malta,2023,0,0.06957551018590916,0
308,Albania,2017,0,0.00019881032311879336,0
309,Albania,2018,0,0.0018091739403810197,0
310,Albania,2019,0,0.00019881032311879336,0
311,Albania,2020,0,0.0053877597565193,0
312,Albania,2021,0,0.0035984668484501598,0
313,Albania,2022,0,0.016043390445941223,0
314,Albania,2023,0,0.023743238787881753,0
315,Serbia,2017,0,0.0007774903707681383,0
316,Serbia,2018,0,0.0007774903707681383,0
317,Serbia,2019,0,0.002566783278837279,0
318,Serbia,2020,0,0.0009905014312525599,0
319,Serbia,2021,0,0.0009905014312525599,0
320,Serbia,2022,0,0.005765966107966814,0
321,Serbia,2023,0,0.03161182450385962,0
322,Montenegro,2017,0,0.006907705392163314,0
323,Montenegro,2018,0,0.012437266400887768,0
324,Montenegro,2019,0,0.012437266400887768,0
325,Montenegro,2020,0,0.014482172581538215,0
326,Montenegro,2021,0,0.012543771931129977,0
327,Montenegro,2022,0,0.006801199861921105,0
328,Montenegro,2023,0,0.03647605371969462,0
329,North Macedonia,2017,0,0.0017892929080691403,0
330,North Macedonia,2018,0,0.009346860785250207,0
331,North Macedonia,2019,0,0.0017892929080691403,0
332,North Macedonia,2020,0,0.0017892929080691403,0
333,North Macedonia,2021,0,0.0017892929080691403,0
334,North Macedonia,2022,0,0.020464762062291215,0
335,North Macedonia,2023,0,0.0342225406932602,0
336,Croatia,2017,0,0.0004129137480159555,0
337,Croatia,2018,0,0.0004129137480159555,0
338,Croatia,2019,0,0.0004129137480159555,0
339,Croatia,2020,0,0.0017892929080691403,0
340,Croatia,2021,0,0.0004129137480159555,0
341,Croatia,2022,0,0.005005432212060082,0
342,Croatia,2023,0,0.01711285675767497,0
343,Bosnia-Herzegovina,2017,0,0.059759589068250914,0
344,Bosnia-Herzegovina,2018,0,0.08478622591892096,0
345,Bosnia-Herzegovina,2019,0,0.08182455079347309,0
346,Bosnia-Herzegovina,2020,0,0.08182455079347309,0
347,Bosnia-Herzegovina,2021,0,0.07618848425450643,0
348,Bosnia-Herzegovina,2022,0,0.12003886858060332,0
349,Bosnia-Herzegovina,2023,0,0.06278023908474467,0
350,Slovenia,2017,0,0.0,0
351,Slovenia,2018,0,0.0,0
352,Slovenia,2019,0,7.994584941694043e-05,0
353,Slovenia,2020,0,7.994584941694043e-05,0
354,Slovenia,2021,0,7.994584941694043e-05,0
355,Slovenia,2022,0,0.004465262645535311,0
356,Slovenia,2023,0,0.020755057575259715,0
357,Greece,2017,0,0.00029884296574569604,0
358,Greece,2018,0,0.0,0
359,Greece,2019,0,0.0017892929080691403,0
360,Greece,2020,0,0.0029821548467819,0
361,Greece,2021,0,0.0030164173536748745,0
362,Greece,2022,0,0.019408795232341198,0
363,Greece,2023,0,0.026587732721512804,0
364,Cyprus,2017,0,0.0,0
365,Cyprus,2018,0,0.0,0
366,Cyprus,2019,0,1.3992647225550985e-05,0
367,Cyprus,2020,0,0.00023756855992691352,0
368,Cyprus,2021,0,0.00011737280703238801,0
369,Cyprus,2022,0,0.01531183513937146,0
370,Cyprus,2023,0,0.04484960719393159,0
371,Bulgaria,2017,0,0.0005973104541471634,0
372,Bulgaria,2018,0,0.0005591540337716064,0
373,Bulgaria,2019,0,0.0005591540337716064,0
374,Bulgaria,2020,0,0.0005591540337716064,0
375,Bulgaria,2021,0,0.0061952205727382696,0
376,Bulgaria,2022,0,0.01619899958585452,0
377,Bulgaria,2023,0,0.025127842302105605,0
378,Moldova,2017,0,0.005926536166899966,0
379,Moldova,2018,0,0.011920461287480456,0
380,Moldova,2019,0,0.011920461287480456,0
381,Moldova,2020,0,0.017556527826447118,0
382,Moldova,2021,0,0.011920461287480456,0
383,Moldova,2022,0,0.027662987177857628,0
384,Moldova,2023,0,0.056658700197363056,0
385,Romania,2017,0,0.0,0
386,Romania,2018,0,0.0,0
387,Romania,2019,0,0.0,0
388,Romania,2020,0,0.0,0
389,Romania,2021,0,0.0,0
390,Romania,2022,0,0.00526674564075878,0
391,Romania,2023,0,0.018836970267352992,0
392,Russia (Soviet Union),2017,0,0.029598067491020157,0
393,Russia (Soviet Union),2018,0,0.026158699648699282,0
394,Russia (Soviet Union),2019,0,0.02607018061341525,0
395,Russia (Soviet Union),2020,0,0.026453920690616566,0
396,Russia (Soviet Union),2021,0,0.059458693969599026,0
397,Russia (Soviet Union),2022,0,0.14342471181439914,0
398,Russia (Soviet Union),2023,0,0.1649841511929241,0
399,Estonia,2017,0,0.0,0
400,Estonia,2018,0,0.0,0
401,Estonia,2019,0,0.002683939362103711,0
402,Estonia,2020,0,0.0065307129930012335,0
403,Estonia,2021,0,0.0008946464540345702,0
404,Estonia,2022,0,0.016118740593274797,0
405,Estonia,2023,0,0.02181934358701744,0
406,Latvia,2017,0,0.0,0
407,Latvia,2018,0,0.0,0
408,Latvia,2019,0,0.0004473232270172851,0
409,Latvia,2020,0,0.006083389765983948,0
410,Latvia,2021,0,0.006083389765983948,0
411,Latvia,2022,0,0.014878755481583695,0
412,Latvia,2023,0,0.01945110989162719,0
413,Lithuania,2017,0,0.0016033923461918269,0
414,Lithuania,2018,0,0.0016033923461918269,0
415,Lithuania,2019,0,0.0016033923461918269,0
416,Lithuania,2020,0,0.0016033923461918269,0
417,Lithuania,2021,0,0.0016033923461918269,0
418,Lithuania,2022,0,0.01141807060443017,0
419,Lithuania,2023,0,0.009570716045177475,0
420,Ukraine,2017,0,0.24811594569178055,0
421,Ukraine,2018,0,0.2099701450875197,0
422,Ukraine,2019,0,0.1419134606662485,0
423,Ukraine,2020,0,0.1337366112059931,0
424,Ukraine,2021,0,0.11703208478675335,0
425,Ukraine,2022,0,0.22118740990922575,0
426,Ukraine,2023,0,0.18046663637835011,0
427,Belarus,2017,0,0.00023983754825082133,0
428,Belarus,2018,0,0.00023983754825082133,0
429,Belarus,2019,0,0.00023983754825082133,0
430,Belarus,2020,0,0.04730738535069296,0
431,Belarus,2021,0,0.026382130307590342,0
432,Belarus,2022,0,0.004172409017630487,0
433,Belarus,2023,0,0.0069779980529712194,0
434,Armenia,2017,0,0.012722050659837857,0
435,Armenia,2018,0,0.02723438134775634,0
436,Armenia,2019,0,0.009901616737918324,0
437,Armenia,2020,0,0.016247823062753068,0
438,Armenia,2021,0,0.021761232748233567,0
439,Armenia,2022,0,0.04692710086196786,0
440,Armenia,2023,0,0.08110534271609404,0
441,Georgia,2017,0,0.0013120297495270677,0
442,Georgia,2018,0,0.0010247768473486893,0
443,Georgia,2019,0,0.001980331558827167,0
444,Georgia,2020,0,0.0007862044596061373,0
445,Georgia,2021,0,0.001136045301728792,0
446,Georgia,2022,0,0.00751503021389039,0
447,Georgia,2023,0,0.0130173392749639,0
448,Azerbaijan,2017,0,0.03150343321288168,0
449,Azerbaijan,2018,0,0.031289047844542915,0
450,Azerbaijan,2019,0,0.04003978799123582,0
451,Azerbaijan,2020,1,0.029830895569686565,0
452,Azerbaijan,2021,0,0.08218804099901464,0
453,Azerbaijan,2022,0,0.056250178889105676,0
454,Azerbaijan,2023,0,0.06821942018483906,0
455,Finland,2017,0,0.0,0
456,Finland,2018,0,0.0,0
457,Finland,2019,0,0.0,0
458,Finland,2020,0,0.0,0
459,Finland,2021,0,0.0,0
460,Finland,2022,0,0.005667643380234589,0
461,Finland,2023,0,0.015881578348683235,0
462,Sweden,2017,0,0.00047918965065478557,0
463,Sweden,2018,0,0.00047918965065478557,0
464,Sweden,2019,0,0.00047918965065478557,0
465,Sweden,2020,0,0.00047918965065478557,0
466,Sweden,2021,0,0.00047918965065478557,0
467,Sweden,2022,0,0.006146833030889374,0
468,Sweden,2023,0,0.014362634876724014,0
469,Norway,2017,0,0.0,0
470,Norway,2018,0,0.0,0
471,Norway,2019,0,0.0,0
472,Norway,2020,0,0.0,0
473,Norway,2021,0,0.0,0
474,Norway,2022,0,0.008835827886506217,0
475,Norway,2023,0,0.016668646769233995,0
476,Denmark,2017,0,0.0015016427409800086,0
477,Denmark,2018,0,0.004206883209132161,0
478,Denmark,2019,0,0.004206883209132161,0
479,Denmark,2020,0,0.003312236755097591,0
480,Denmark,2021,0,0.00047918965065478557,0
481,Denmark,2022,0,0.011889320751921444,0
482,Denmark,2023,0,0.02285730742654576,0
483,Iceland,2017,0,0.00013426733397560795,0
484,Iceland,2018,0,7.917128552500093e-05,0
485,Iceland,2019,0,7.917128552500093e-05,0
486,Iceland,2020,0,0.0014875687895961652,0
487,Iceland,2021,0,0.0,0
488,Iceland,2022,0,0.013502115444128633,0
489,Iceland,2023,0,0.06018561945989446,0
490,Cabo Verde,2017,0,0.0013206685750034133,0
491,Cabo Verde,2018,0,0.0016785271566172413,0
492,Cabo Verde,2019,0,0.0031099614830725534,0
493,Cabo Verde,2020,0,0.02088037313259371,0
494,Cabo Verde,2021,0,0.019971108709817012,0
495,Cabo Verde,2022,0,0.042305913215221196,0
496,Cabo Verde,2023,0,0.0894973964746681,0
497,Guinea-Bissau,2017,0,0.010083339933674749,0
498,Guinea-Bissau,2018,0,0.00984350238542393,0
499,Guinea-Bissau,2019,0,0.014549523544528629,0
500,Guinea-Bissau,2020,0,0.0004000822955245386,0
501,Guinea-Bissau,2021,0,0.003429478073799186,0
502,Guinea-Bissau,2022,0,0.019559740628982,0
503,Guinea-Bissau,2023,0,0.08468193382012222,0
504,Equatorial Guinea,2017,0,0.0002741000551437958,0
505,Equatorial Guinea,2018,0,0.00994648060682907,0
506,Equatorial Guinea,2019,0,0.0033414593261194654,0
507,Equatorial Guinea,2020,0,0.0002902454173271238,0
508,Equatorial Guinea,2021,0,0.006139633682814662,0
509,Equatorial Guinea,2022,0,0.009550150799984485,0
510,Equatorial Guinea,2023,0,0.064019299460411,0
511,Gambia,2017,0,0.010041332111541814,0
512,Gambia,2018,0,0.015890720377029353,0
513,Gambia,2019,0,0.008947556904758444,0
514,Gambia,2020,0,0.007669490541851913,0
515,Gambia,2021,0,0.007669490541851913,0
516,Gambia,2022,0,0.03518806670180327,0
517,Gambia,2023,0,0.09055976058840061,0
518,Mali,2017,0,0.06452378985998573,0
519,Mali,2018,0,0.14564265426985923,0
520,Mali,2019,0,0.16453022334141268,0
521,Mali,2020,0,0.16017653935177054,0
522,Mali,2021,0,0.173525220579395,0
523,Mali,2022,1,0.22169293810566026,0
524,Mali,2023,1,0.5571374124293513,1
525,Senegal,2017,0,0.0,0
526,Senegal,2018,0,0.006113211314451767,0
527,Senegal,2019,0,0.006127203961677318,0
528,Senegal,2020,0,0.0063507798743786805,0
529,Senegal,2021,0,0.006230584121484155,0
530,Senegal,2022,0,0.024203822908123965,0
531,Senegal,2023,0,0.09814296984223608,0
532,Benin,2017,0,0.0015519912868748903,0
533,Benin,2018,0,0.002279106140493867,0
534,Benin,2019,0,0.013542390782525211,0
535,Benin,2020,0,0.03841714693063742,0
536,Benin,2021,0,0.04421816847717799,0
537,Benin,2022,0,0.0544470473680709,0
538,Benin,2023,0,0.11081272869165146,0
539,Mauritania,2017,0,0.0,0
540,Mauritania,2018,0,0.0,0
541,Mauritania,2019,0,1.3992647225550985e-05,0
542,Mauritania,2020,0,0.00023756855992691352,0
543,Mauritania,2021,0,0.00011737280703238801,0
544,Mauritania,2022,0,0.030518372003323264,0
545,Mauritania,2023,0,0.18616351139085513,0
546,Niger,2017,0,0.03743721717351687,0
547,Niger,2018,0,0.1065301338617967,0
548,Niger,2019,0,0.02562225098392487,0
549,Niger,2020,0,0.076912227093721,0
550,Niger,2021,0,0.05993252500272292,0
551,Niger,2022,0,0.07227048099606541,0
552,Niger,2023,0,0.24919613423590514,0
553,Ivory Coast,2017,0,0.013223994390605197,0
554,Ivory Coast,2018,0,0.007493019070973666,0
555,Ivory Coast,2019,0,0.00944969585903087,0
556,Ivory Coast,2020,0,0.013307381669513726,0
557,Ivory Coast,2021,0,0.01119990133827174,0
558,Ivory Coast,2022,0,0.03423858140519313,0
559,Ivory Coast,2023,0,0.1310974949474531,0
560,Guinea,2017,0,0.0056077276443526666,0
561,Guinea,2018,0,0.00404201064898489,0
562,Guinea,2019,0,0.0011384703724272559,0
563,Guinea,2020,0,0.00667054487974184,0
564,Guinea,2021,0,0.00667054487974184,0
565,Guinea,2022,0,0.0271483631794117,0
566,Guinea,2023,0,0.14000796460580844,0
567,Burkina Faso,2017,0,0.00023983754825082133,0
568,Burkina Faso,2018,0,0.02806946359843909,0
569,Burkina Faso,2019,0,0.0886774610749321,0
570,Burkina Faso,2020,0,0.08315139285548984,0
571,Burkina Faso,2021,0,0.0839927727901736,0
572,Burkina Faso,2022,1,0.1302781932879286,0
573,Burkina Faso,2023,1,0.4110848874013934,0
574,Liberia,2017,0,0.009555929341462648,0
575,Liberia,2018,0,0.00929487067669226,0
576,Liberia,2019,0,0.01188201012195253,0
577,Liberia,2020,0,0.01188201012195253,0
578,Liberia,2021,0,0.01188201012195253,0
579,Liberia,2022,0,0.019323544072036618,0
580,Liberia,2023,0,0.07172833152599536,0
581,Sierra Leone,2017,0,0.01866387519556867,0
582,Sierra Leone,2018,0,0.01794815803234101,0
583,Sierra Leone,2019,0,0.01866387519556867,0
584,Sierra Leone,2020,0,0.01867786784279422,0
585,Sierra Leone,2021,0,0.020683166777707717,0
586,Sierra Leone,2022,0,0.04172046996786931,0
587,Sierra Leone,2023,0,0.07947644009296205,0
588,Ghana,2017,0,0.0007147133354120177,0
589,Ghana,2018,0,0.0005945175825174922,0
590,Ghana,2019,0,0.0005230581491939433,0
591,Ghana,2020,0,0.0005230581491939433,0
592,Ghana,2021,0,0.0005230581491939433,0
593,Ghana,2022,0,0.014738119083701795,0
594,Ghana,2023,0,0.10910528235248132,0
595,Togo,2017,0,0.003805152125926256,0
596,Togo,2018,0,0.004265256016572606,0
597,Togo,2019,0,0.002116321449784705,0
598,Togo,2020,0,0.0023398973624860677,0
599,Togo,2021,0,0.0019798640613407207,0
600,Togo,2022,0,0.025455796223273697,0
601,Togo,2023,0,0.12407176954813635,0
602,Cameroon,2017,0,0.0019195554293340257,0
603,Cameroon,2018,0,0.00302486777453678,0
604,Cameroon,2019,0,0.013950280297308533,0
605,Cameroon,2020,0,0.03993063773889468,0
606,Cameroon,2021,0,0.04573141026562352,0
607,Cameroon,2022,0,0.05427128573646495,0
608,Cameroon,2023,0,0.12017910933873868,0
609,Nigeria,2017,1,0.6979084269122098,1
610,Nigeria,2018,1,0.6820321502086673,1
611,Nigeria,2019,1,0.6700088213540579,1
612,Nigeria,2020,1,0.6636989158469432,1
613,Nigeria,2021,1,0.6291207910008184,1
614,Nigeria,2022,1,0.5742614430284891,1
615,Nigeria,2023,1,0.5157350776554516,1
616,Gabon,2017,0,0.0014612558749231312,0
617,Gabon,2018,0,0.00014910774233909503,0
618,Gabon,2019,0,0.0014752485221486821,0
619,Gabon,2020,0,0.0016988244348500447,0
620,Gabon,2021,0,0.0009821977125991394,0
621,Gabon,2022,0,0.009194157482258875,0
622,Gabon,2023,0,0.07140769711751685,0
623,Central African Republic,2017,0,0.031971984608789125,0
624,Central African Republic,2018,0,0.0821414923456221,0
625,Central African Republic,2019,0,0.0631118312470168,0
626,Central African Republic,2020,0,0.09949853144895016,0
627,Central African Republic,2021,0,0.09929094405852998,0
628,Central African Republic,2022,0,0.12961859219447697,0
629,Central African Republic,2023,0,0.2349864963611614,0
630,Chad,2017,0,0.020795426029128837,0
631,Chad,2018,0,0.02278827961470216,0
632,Chad,2019,0,0.022107096162294455,0
633,Chad,2020,0,0.03270926759487641,0
634,Chad,2021,0,0.06538735359966683,0
635,Chad,2022,0,0.0793369164747893,0
636,Chad,2023,0,0.2226049585283711,0
637,Congo,2017,0,0.008425317340198291,0
638,Congo,2018,0,0.013318313847489778,0
639,Congo,2019,0,0.02224503491722047,0
640,Congo,2020,0,0.024893678933466015,0
641,Congo,2021,0,0.07750936897374325,0
642,Congo,2022,0,0.04621116436896032,0
643,Congo,2023,0,0.10229908369940904,0
644,DR Congo (Zaire),2017,1,0.23220109196630168,0
645,DR Congo (Zaire),2018,0,0.3494756535336936,0
646,DR Congo (Zaire),2019,0,0.15068568701998378,0
647,DR Congo (Zaire),2020,1,0.2279100701092212,0
648,DR Congo (Zaire),2021,1,0.3111575369132131,0
649,DR Congo (Zaire),2022,1,0.4177306879005379,0
650,DR Congo (Zaire),2023,0,0.5198645803258405,1
651,Uganda,2017,0,0.011010538371856077,0
652,Uganda,2018,0,0.017049770215846468,0
653,Uganda,2019,0,0.0116842218219494,0
654,Uganda,2020,0,0.011356439507725125,0
655,Uganda,2021,0,0.01835405680318664,0
656,Uganda,2022,0,0.04915875113118069,0
657,Uganda,2023,0,0.16633126267097811,0
658,Kenya,2017,0,0.006913818582571969,0
659,Kenya,2018,0,0.014600008795852094,0
660,Kenya,2019,0,0.01987567886056856,0
661,Kenya,2020,0,0.015167795681215308,0
662,Kenya,2021,0,0.018657997512643406,0
663,Kenya,2022,0,0.05679717883513381,0
664,Kenya,2023,0,0.21182086851522358,0
665,Tanzania,2017,0,0.0008900585235010596,0
666,Tanzania,2018,0,0.0015519912868748903,0
667,Tanzania,2019,0,0.0008900585235010596,0
668,Tanzania,2020,0,0.009306087678146915,0
669,Tanzania,2021,0,0.03958289837074307,0
670,Tanzania,2022,0,0.08489492195929862,0
671,Tanzania,2023,0,0.16885282504543114,0
672,Burundi,2017,0,0.1486092767676704,0
673,Burundi,2018,0,0.03457762540408465,0
674,Burundi,2019,0,0.039561125325265956,0
675,Burundi,2020,0,0.07264313259461952,0
676,Burundi,2021,0,0.05933057591432886,0
677,Burundi,2022,0,0.12269974400762745,0
678,Burundi,2023,0,0.19161978203684102,0
679,Rwanda,2017,0,0.007072772023628064,0
680,Rwanda,2018,0,0.006625448796610778,0
681,Rwanda,2019,0,0.009316488527397299,0
682,Rwanda,2020,0,0.012708838562594728,0
683,Rwanda,2021,0,0.02284232039810274,0
684,Rwanda,2022,0,0.10207774644277715,0
685,Rwanda,2023,0,0.15513373813135217,0
686,Somalia,2017,1,0.7370573531298164,1
687,Somalia,2018,1,0.6393154181517676,1
688,Somalia,2019,1,0.7031361714245878,1
689,Somalia,2020,1,0.6962241263763693,1
690,Somalia,2021,1,0.700893870494325,1
691,Somalia,2022,1,0.676720590394567,1
692,Somalia,2023,1,0.6099700533742165,1
693,Djibouti,2017,0,0.0036960646434357493,0
694,Djibouti,2018,0,0.0,0
695,Djibouti,2019,0,0.003110869342792072,0
696,Djibouti,2020,0,0.0,0
697,Djibouti,2021,0,4.23351879846385e-05,0
698,Djibouti,2022,0,0.014232477503786199,0
699,Djibouti,2023,0,0.06080628812455917,0
700,Ethiopia,2017,0,0.030515123439769108,0
701,Ethiopia,2018,0,0.10771072991004162,0
702,Ethiopia,2019,0,0.017555677499470342,0
703,Ethiopia,2020,1,0.08645297562413624,0
704,Ethiopia,2021,1,0.28601690618429476,0
705,Ethiopia,2022,1,0.3283567189692284,0
706,Ethiopia,2023,1,0.4776306677320906,0
707,Eritrea,2017,0,0.0017128184799829144,0
708,Eritrea,2018,0,0.0028628686529106246,0
709,Eritrea,2019,0,0.0028628686529106246,0
710,Eritrea,2020,0,0.16340825469676615,0
711,Eritrea,2021,0,0.18350933030107752,0
712,Eritrea,2022,0,0.03696475565759058,0
713,Eritrea,2023,0,0.1529051408712416,0
714,Angola,2017,0,0.0266071824097796,0
715,Angola,2018,0,0.013115853104667813,0
716,Angola,2019,0,0.01647020612605023,0
717,Angola,2020,0,0.021279501997733263,0
718,Angola,2021,0,0.015298545742986147,0
719,Angola,2022,0,0.03372583289188531,0
720,Angola,2023,0,0.1388610726265532,0
721,Mozambique,2017,0,0.00582793657756732,0
722,Mozambique,2018,0,0.00047967509650164266,0
723,Mozambique,2019,0,0.008753976160637696,0
724,Mozambique,2020,0,0.022505782849504184,0
725,Mozambique,2021,0,0.026404001261446763,0
726,Mozambique,2022,0,0.06237501991459829,0
727,Mozambique,2023,0,0.2815606457522607,0
728,Zambia,2017,0,0.007362033150783238,0
729,Zambia,2018,0,0.002938428334986847,0
730,Zambia,2019,0,0.0029279338495676837,0
731,Zambia,2020,0,0.0034076089460693265,0
732,Zambia,2021,0,0.004479925136442574,0
733,Zambia,2022,0,0.03158245679207986,0
734,Zambia,2023,0,0.11838131795694176,0
735,Zimbabwe,2017,0,1.614536218332806e-05,0
736,Zimbabwe,2018,0,0.005865533627670866,0
737,Zimbabwe,2019,0,0.0,0
738,Zimbabwe,2020,0,0.006019806616167978,0
739,Zimbabwe,2021,0,0.005636066538966663,0
740,Zimbabwe,2022,0,0.021065336506676288,0
741,Zimbabwe,2023,0,0.06738407763940994,0
742,Malawi,2017,0,0.007314008838964932,0
743,Malawi,2018,0,0.001448475211294066,0
744,Malawi,2019,0,0.001448475211294066,0
745,Malawi,2020,0,0.007084541750260729,0
746,Malawi,2021,0,0.007084541750260729,0
747,Malawi,2022,0,0.03779589551164874,0
748,Malawi,2023,0,0.10886779592242843,0
749,South Africa,2017,0,0.01810877035806338,0
750,South Africa,2018,0,0.01810877035806338,0
751,South Africa,2019,0,0.01810877035806338,0
752,South Africa,2020,0,0.01810877035806338,0
753,South Africa,2021,0,0.018049162990960526,0
754,South Africa,2022,0,0.05897282511896926,0
755,South Africa,2023,0,0.15986950054760743,0
756,Namibia,2017,0,0.00374124880778093,0
757,Namibia,2018,0,0.0008458475565417755,0
758,Namibia,2019,0,0.00234053971308034,0
759,Namibia,2020,0,0.0008458475565417755,0
760,Namibia,2021,0,0.0,0
761,Namibia,2022,0,0.03299734973322311,0
762,Namibia,2023,0,0.16445471491549854,0
763,Lesotho,2017,0,0.0035592231609512612,0
764,Lesotho,2018,0,0.0029169687131439036,0
765,Lesotho,2019,0,0.010285140735763722,0
766,Lesotho,2020,0,0.004688001044303228,0
767,Lesotho,2021,0,0.004688001044303228,0
768,Lesotho,2022,0,0.05125611721256159,0
769,Lesotho,2023,0,0.0742124607736126,0
770,Botswana,2017,0,0.0,0
771,Botswana,2018,0,0.0060100704827638195,0
772,Botswana,2019,0,0.016495354010066857,0
773,Botswana,2020,0,0.005636066538966663,0
774,Botswana,2021,0,0.005636066538966663,0
775,Botswana,2022,0,0.02204372758882578,0
776,Botswana,2023,0,0.11331553204605915,0
777,eSwatini,2017,0,0.0,0
778,eSwatini,2018,0,0.0,0
779,eSwatini,2019,0,0.0,0
780,eSwatini,2020,0,5.0407869076302535e-05,0
781,eSwatini,2021,0,0.005865533627670866,0
782,eSwatini,2022,0,0.02529549541299736,0
783,eSwatini,2023,0,0.060145718628403906,0
784,Madagascar,2017,0,0.006083389765983948,0
785,Madagascar,2018,0,0.009661975582122229,0
786,Madagascar,2019,0,0.00699202886724407,0
787,Madagascar,2020,0,0.005873635098893577,0
788,Madagascar,2021,0,0.0014593424880842436,0
789,Madagascar,2022,0,0.031592912986666825,0
790,Madagascar,2023,0,0.11253320128652994,0
791,Comoros,2017,0,0.0011928619387127602,0
792,Comoros,2018,0,0.004025909043155565,0
793,Comoros,2019,0,0.028478754300962635,0
794,Comoros,2020,0,0.028478754300962635,0
795,Comoros,2021,0,0.028191675821219068,0
796,Comoros,2022,0,0.048708898831214695,0
797,Comoros,2023,0,0.11261750259251148,0
798,Mauritius,2017,0,0.005636066538966663,0
799,Mauritius,2018,0,0.005636066538966663,0
800,Mauritius,2019,0,0.005636066538966663,0
801,Mauritius,2020,0,0.005652211901149991,0
802,Mauritius,2021,0,0.01150160016663753,0
803,Mauritius,2022,0,0.03819824808191061,0
804,Mauritius,2023,0,0.1082998901697666,0
805,Morocco,2017,0,0.0029007173306954954,0
806,Morocco,2018,0,0.0059056415261841445,0
807,Morocco,2019,0,0.011300630748998675,0
808,Morocco,2020,0,0.009700207647892388,0
809,Morocco,2021,0,0.013842969677466042,0
810,Morocco,2022,0,0.04165824028461492,0
811,Morocco,2023,0,0.1425944896127712,0
812,Algeria,2017,0,0.002775741775431943,0
813,Algeria,2018,0,0.0038963000055838902,0
814,Algeria,2019,0,0.03824475794386545,0
815,Algeria,2020,0,0.027439985042579006,0
816,Algeria,2021,0,0.03764590691456067,0
817,Algeria,2022,0,0.05706142691992731,0
818,Algeria,2023,0,0.20637825573454766,0
819,Tunisia,2017,0,0.07471504955951662,0
820,Tunisia,2018,0,0.004917102940876716,0
821,Tunisia,2019,0,0.0010420371472169363,0
822,Tunisia,2020,0,0.03193268811133855,0
823,Tunisia,2021,0,0.0020897556808977514,0
824,Tunisia,2022,0,0.03239072677424598,0
825,Tunisia,2023,0,0.11836460173376186,0
826,Libya,2017,0,0.48334678794766417,0
827,Libya,2018,0,0.3662623442636135,0
828,Libya,2019,1,0.3229538570612661,0
829,Libya,2020,0,0.513154027607275,1
830,Libya,2021,0,0.3757044674942057,0
831,Libya,2022,0,0.29623673816205925,0
832,Libya,2023,0,0.33881176088958187,0
833,Sudan,2017,0,0.6422791760316326,1
834,Sudan,2018,0,0.4553981576716201,0
835,Sudan,2019,0,0.4007577698764013,0
836,Sudan,2020,0,0.42925572891194413,0
837,Sudan,2021,0,0.564874324154473,1
838,Sudan,2022,0,0.5484861264266467,1
839,Sudan,2023,1,0.5325271770192428,1
840,South Sudan,2017,0,0.2464755823337795,0
841,South Sudan,2018,0,0.25493100779652167,0
842,South Sudan,2019,0,0.23108232007796176,0
843,South Sudan,2020,0,0.21928792794820662,0
844,South Sudan,2021,0,0.2825187944346892,0
845,South Sudan,2022,0,0.2428404735315658,0
846,South Sudan,2023,0,0.28012918897562206,0
847,Iran,2017,0,0.028366494814214948,0
848,Iran,2018,0,0.03046964169566203,0
849,Iran,2019,0,0.06514187106689832,0
850,Iran,2020,0,0.07823300390892231,0
851,Iran,2021,0,0.06856519725241086,0
852,Iran,2022,0,0.19918227803094438,0
853,Iran,2023,0,0.2607877466862151,0
854,Turkey,2017,0,0.4325980751167381,0
855,Turkey,2018,0,0.2548321170900629,0
856,Turkey,2019,0,0.24057443717973323,0
857,Turkey,2020,0,0.2434435943838968,0
858,Turkey,2021,0,0.2373605158174751,0
859,Turkey,2022,0,0.19444925763584636,0
860,Turkey,2023,0,0.13505738384036364,0
861,Iraq,2017,1,0.833856405380236,1
862,Iraq,2018,1,0.7982473200533913,1
863,Iraq,2019,0,0.8185781579894762,1
864,Iraq,2020,0,0.6629323896715449,1
865,Iraq,2021,0,0.6060647826579304,1
866,Iraq,2022,0,0.5743295123272212,1
867,Iraq,2023,0,0.4561918528582116,0
868,Egypt,2017,0,0.002504485874888169,0
869,Egypt,2018,0,0.005708114678250306,0
870,Egypt,2019,0,0.03549712663723612,0
871,Egypt,2020,0,0.03678301364917957,0
872,Egypt,2021,0,0.011554367576315937,0
873,Egypt,2022,0,0.045270142946925725,0
874,Egypt,2023,0,0.13924008735003615,0
875,Syria,2017,1,0.7696230029447574,1
876,Syria,2018,1,0.768807864319897,1
877,Syria,2019,1,0.6186318481838318,1
878,Syria,2020,1,0.7772040689244823,1
879,Syria,2021,1,0.7375347617811504,1
880,Syria,2022,0,0.6755251515156043,1
881,Syria,2023,1,0.4105727117836365,0
882,Lebanon,2017,0,0.013970604991110823,0
883,Lebanon,2018,0,0.01262757625937881,0
884,Lebanon,2019,0,0.02287896272320552,0
885,Lebanon,2020,0,0.02043828627523704,0
886,Lebanon,2021,0,0.024911105091369512,0
887,Lebanon,2022,0,0.04465038522634311,0
888,Lebanon,2023,0,0.19634795968939697,0
889,Jordan,2017,0,0.004454856315532255,0
890,Jordan,2018,0,0.0019448086789297574,0
891,Jordan,2019,0,0.001418437546082225,0
892,Jordan,2020,0,0.001418437546082225,0
893,Jordan,2021,0,0.0016553726956455156,0
894,Jordan,2022,0,0.027528148462193456,0
895,Jordan,2023,0,0.08469159412400017,0
896,Israel,2017,0,0.060005974197978935,0
897,Israel,2018,0,0.07830832944745127,0
898,Israel,2019,0,0.06355408324848584,0
899,Israel,2020,0,0.04854531578100045,0
900,Israel,2021,0,0.20192339075405186,0
901,Israel,2022,0,0.2805808973629484,0
902,Israel,2023,1,0.25760102460786233,0
903,Saudi Arabia,2017,0,0.00021258748863043698,0
904,Saudi Arabia,2018,0,0.0020543528237953936,0
905,Saudi Arabia,2019,0,0.001890257233604841,0
906,Saudi Arabia,2020,0,0.001890257233604841,0
907,Saudi Arabia,2021,0,0.0031770247761462134,0
908,Saudi Arabia,2022,0,0.0358018519577806,0
909,Saudi Arabia,2023,0,0.13792659381207195,0
910,Yemen (North Yemen),2017,1,0.666184923932637,1
911,Yemen (North Yemen),2018,1,0.583759779240588,1
912,Yemen (North Yemen),2019,1,0.6299483429376022,1
913,Yemen (North Yemen),2020,1,0.6074649062362328,1
914,Yemen (North Yemen),2021,1,0.5967789697771051,1
915,Yemen (North Yemen),2022,1,0.590115135198864,1
916,Yemen (North Yemen),2023,0,0.5470008121720088,1
917,Kuwait,2017,0,0.007928785160395063,0
918,Kuwait,2018,0,0.008082704279876124,0
919,Kuwait,2019,0,0.002848426611243139,0
920,Kuwait,2020,0,0.006544705640226784,0
921,Kuwait,2021,0,0.006802544059821122,0
922,Kuwait,2022,0,0.030600316116857165,0
923,Kuwait,2023,0,0.06985257428430584,0
924,Bahrain,2017,0,0.006880670987576652,0
925,Bahrain,2018,0,0.006869533982642028,0
926,Bahrain,2019,0,0.006749615208516618,0
927,Bahrain,2020,0,0.006709642283808147,0
928,Bahrain,2021,0,0.0028628686529106246,0
929,Bahrain,2022,0,0.02481029050694167,0
930,Bahrain,2023,0,0.06495826826744222,0
931,Qatar,2017,0,0.0026408553698241168,0
932,Qatar,2018,0,0.0026297183648894946,0
933,Qatar,2019,0,0.006208304181027775,0
934,Qatar,2020,0,0.0026297183648894946,0
935,Qatar,2021,0,0.00624256668792075,0
936,Qatar,2022,0,0.027158047976163117,0
937,Qatar,2023,0,0.07368537582267763,0
938,United Arab Emirates,2017,0,0.000869636127493048,0
939,United Arab Emirates,2018,0,0.0008584991225584258,0
940,United Arab Emirates,2019,0,0.0008584991225584258,0
941,United Arab Emirates,2020,0,0.0008584991225584258,0
942,United Arab Emirates,2021,0,0.0008927616294514003,0
943,United Arab Emirates,2022,0,0.02144399400426541,0
944,United Arab Emirates,2023,0,0.07117113527209318,0
945,Oman,2017,0,0.029571278122206047,0
946,Oman,2018,0,0.028091670525148875,0
947,Oman,2019,0,0.028091670525148875,0
948,Oman,2020,0,0.029571278122206047,0
949,Oman,2021,0,0.02812593303204185,0
950,Oman,2022,0,0.06870943557167913,0
951,Oman,2023,0,0.10109373942056185,0
952,Afghanistan,2017,1,0.8511130911707627,1
953,Afghanistan,2018,1,0.8093753789781162,1
954,Afghanistan,2019,1,0.8518291682324352,1
955,Afghanistan,2020,1,0.7938101270776343,1
956,Afghanistan,2021,1,0.7506289682121392,1
957,Afghanistan,2022,0,0.7367974006492104,1
958,Afghanistan,2023,0,0.5835770609119336,1
959,Turkmenistan,2017,0,0.004804857848830192,0
960,Turkmenistan,2018,0,0.00011784192326902896,0
961,Turkmenistan,2019,0,0.030188768380629005,0
962,Turkmenistan,2020,0,0.030228779604215043,0
963,Turkmenistan,2021,0,0.032571029952958144,0
964,Turkmenistan,2022,0,0.05502744420288878,0
965,Turkmenistan,2023,0,0.12410758747756691,0
966,Tajikistan,2017,0,0.04690602609910471,0
967,Tajikistan,2018,0,0.04957614336341672,0
968,Tajikistan,2019,0,0.05068111356921631,0
969,Tajikistan,2020,0,0.04746778970358918,0
970,Tajikistan,2021,0,0.041924705773196506,0
971,Tajikistan,2022,0,0.10446912865879601,0
972,Tajikistan,2023,0,0.12450049256621469,0
973,Kyrgyzstan,2017,0,0.00703320062286192,0
974,Kyrgyzstan,2018,0,0.00703320062286192,0
975,Kyrgyzstan,2019,0,0.0013971340838952566,0
976,Kyrgyzstan,2020,0,0.0013971340838952566,0
977,Kyrgyzstan,2021,0,0.00703320062286192,0
978,Kyrgyzstan,2022,0,0.026946010808566435,0
979,Kyrgyzstan,2023,0,0.051911602395242104,0
980,Uzbekistan,2017,0,0.008358850569803452,0
981,Uzbekistan,2018,0,0.005742302152150867,0
982,Uzbekistan,2019,0,0.009598616224338538,0
983,Uzbekistan,2020,0,0.005882583622938777,0
984,Uzbekistan,2021,0,0.007255001036924095,0
985,Uzbekistan,2022,0,0.04022197531052834,0
986,Uzbekistan,2023,0,0.11232202854870799,0
987,Kazakhstan,2017,0,0.0,0
988,Kazakhstan,2018,0,0.0,0
989,Kazakhstan,2019,0,0.0,0
990,Kazakhstan,2020,0,0.0,0
991,Kazakhstan,2021,0,0.0,0
992,Kazakhstan,2022,0,0.02431643898161465,0
993,Kazakhstan,2023,0,0.10171886941441798,0
994,China,2017,0,0.028698752047529474,0
995,China,2018,0,0.028698752047529474,0
996,China,2019,0,0.028698752047529474,0
997,China,2020,0,0.028698752047529474,0
998,China,2021,0,0.028698752047529474,0
999,China,2022,0,0.05423277516063432,0
1000,China,2023,0,0.13219134008324324,0
1001,Mongolia,2017,0,0.005679915874896383,0
1002,Mongolia,2018,0,0.0,0
1003,Mongolia,2019,0,0.0,0
1004,Mongolia,2020,0,0.005636066538966663,0
1005,Mongolia,2021,0,0.005636066538966663,0
1006,Mongolia,2022,0,0.0297482730977411,0
1007,Mongolia,2023,0,0.10084000011640779,0
1008,South Korea,2017,0,0.004140152982203486,0
1009,South Korea,2018,0,0.010352575504799991,0
1010,South Korea,2019,0,0.008838558428741487,0
1011,South Korea,2020,0,0.011423475890125732,0
1012,South Korea,2021,0,0.004328164645285933,0
1013,South Korea,2022,0,0.02082554489342075,0
1014,South Korea,2023,0,0.03152395583035128,0
1015,Japan,2017,0,0.0016720515893675458,0
1016,Japan,2018,0,0.0016720515893675458,0
1017,Japan,2019,0,0.0016720515893675458,0
1018,Japan,2020,0,0.0016720515893675458,0
1019,Japan,2021,0,0.0016720515893675458,0
1020,Japan,2022,0,0.008400490050814552,0
1021,Japan,2023,0,0.02970938409918972,0
1022,India,2017,0,0.07408939665660659,0
1023,India,2018,0,0.1082362856129406,0
1024,India,2019,0,0.07028279425217392,0
1025,India,2020,0,0.05664073238923678,0
1026,India,2021,0,0.056341830016488625,0
1027,India,2022,0,0.08279347207339467,0
1028,India,2023,0,0.16029049031773918,0
1029,Bhutan,2017,0,0.017470754938029992,0
1030,Bhutan,2018,0,0.00847976419643369,0
1031,Bhutan,2019,0,0.002853238098757175,0
1032,Bhutan,2020,0,0.0017349300312139624,0
1033,Bhutan,2021,0,0.003467803250660524,0
1034,Bhutan,2022,0,0.001821444030624641,0
1035,Bhutan,2023,0,0.019626525991654365,0
1036,Pakistan,2017,0,0.4267358531257863,0
1037,Pakistan,2018,0,0.4841801094774583,0
1038,Pakistan,2019,0,0.47124664673859396,0
1039,Pakistan,2020,0,0.3728243739382125,0
1040,Pakistan,2021,0,0.3354139464772463,0
1041,Pakistan,2022,0,0.3806892293810887,0
1042,Pakistan,2023,1,0.3088032684810117,0
1043,Bangladesh,2017,0,0.010105760906271214,0
1044,Bangladesh,2018,0,0.01281824232587587,0
1045,Bangladesh,2019,0,0.010700867108272609,0
1046,Bangladesh,2020,0,0.00972101623004427,0
1047,Bangladesh,2021,0,0.019949191744892063,0
1048,Bangladesh,2022,0,0.029137159574399267,0
1049,Bangladesh,2023,0,0.07447376337119557,0
1050,Myanmar (Burma),2017,0,0.003388209896407949,0
1051,Myanmar (Burma),2018,0,0.002973539179155974,0
1052,Myanmar (Burma),2019,0,0.029409436217109487,0
1053,Myanmar (Burma),2020,0,0.02472779710440966,0
1054,Myanmar (Burma),2021,1,0.2537321887234996,0
1055,Myanmar (Burma),2022,1,0.4654766740004261,0
1056,Myanmar (Burma),2023,1,0.5336295131403688,1
1057,Sri Lanka,2017,0,0.030032244240744098,0
1058,Sri Lanka,2018,0,0.07662766462485404,0
1059,Sri Lanka,2019,0,0.027185610290205716,0
1060,Sri Lanka,2020,0,0.02977815036668231,0
1061,Sri Lanka,2021,0,0.02633247963007511,0
1062,Sri Lanka,2022,0,0.07158169398741518,0
1063,Sri Lanka,2023,0,0.08846040908249456,0
1064,Maldives,2017,0,0.005652211901149991,0
1065,Maldives,2018,0,0.01150160016663753,0
1066,Maldives,2019,0,0.011272133077933327,0
1067,Maldives,2020,0,0.011272133077933327,0
1068,Maldives,2021,0,0.007425359447035804,0
1069,Maldives,2022,0,0.024155248137482273,0
1070,Maldives,2023,0,0.0635248486333613,0
1071,Nepal,2017,0,0.0187275888884841,0
1072,Nepal,2018,0,0.026749379304876288,0
1073,Nepal,2019,0,0.030503742545609287,0
1074,Nepal,2020,0,0.03565208206465806,0
1075,Nepal,2021,0,0.027234853186406834,0
1076,Nepal,2022,0,0.04152017010196482,0
1077,Nepal,2023,0,0.05095166954743814,0
1078,Thailand,2017,0,0.0014264623666913894,0
1079,Thailand,2018,0,0.0014264623666913894,0
1080,Thailand,2019,0,0.004366015001376405,0
1081,Thailand,2020,0,0.00543959074621789,0
1082,Thailand,2021,0,0.005183977473636584,0
1083,Thailand,2022,0,0.0455216555677208,0
1084,Thailand,2023,0,0.08186989023789279,0
1085,Cambodia (Kampuchea),2017,0,0.0006423443430652192,0
1086,Cambodia (Kampuchea),2018,0,0.001275561865861528,0
1087,Cambodia (Kampuchea),2019,0,0.0018614588914739694,0
1088,Cambodia (Kampuchea),2020,0,0.006232497508323043,0
1089,Cambodia (Kampuchea),2021,0,0.006232497508323043,0
1090,Cambodia (Kampuchea),2022,0,0.016002940477480663,0
1091,Cambodia (Kampuchea),2023,0,0.05714261267885918,0
1092,Laos,2017,0,0.003524398887297797,0
1093,Laos,2018,0,0.003524398887297797,0
1094,Laos,2019,0,0.005946909318163247,0
1095,Laos,2020,0,0.006044817368847741,0
1096,Laos,2021,0,0.005267778421658099,0
1097,Laos,2022,0,0.0182232040700518,0
1098,Laos,2023,0,0.05233174596031495,0
1099,Vietnam,2017,0,0.002488569298209287,0
1100,Vietnam,2018,0,0.002488569298209287,0
1101,Vietnam,2019,0,0.00875785335997226,0
1102,Vietnam,2020,0,0.008855761410656752,0
1103,Vietnam,2021,0,0.008078722463467112,0
1104,Vietnam,2022,0,0.024841982886722798,0
1105,Vietnam,2023,0,0.06745054304863242,0
1106,Malaysia,2017,0,0.00023756855992691352,0
1107,Malaysia,2018,0,0.00011737280703238801,0
1108,Malaysia,2019,0,0.003914194232105934,0
1109,Malaysia,2020,0,0.0006423443430652192,0
1110,Malaysia,2021,0,4.591337370883917e-05,0
1111,Malaysia,2022,0,0.009674990169477867,0
1112,Malaysia,2023,0,0.0526488767000506,0
1113,Singapore,2017,0,0.006027377072567124,0
1114,Singapore,2018,0,0.011876765338054662,0
1115,Singapore,2019,0,0.006011231710383796,0
1116,Singapore,2020,0,0.006011231710383796,0
1117,Singapore,2021,0,0.006011231710383796,0
1118,Singapore,2022,0,0.03480342883581873,0
1119,Singapore,2023,0,0.0645847673173385,0
1120,Philippines,2017,1,0.01732728546315675,0
1121,Philippines,2018,0,0.22458625452806064,0
1122,Philippines,2019,0,0.026330824365605427,0
1123,Philippines,2020,0,0.03239360209721895,0
1124,Philippines,2021,0,0.06863559422010937,0
1125,Philippines,2022,0,0.11790482142124774,0
1126,Philippines,2023,0,0.1448335290159576,0
1127,Indonesia,2017,0,0.00174241366073671,0
1128,Indonesia,2018,0,0.004160176377131173,0
1129,Indonesia,2019,0,0.004105080328680566,0
1130,Indonesia,2020,0,0.004105080328680566,0
1131,Indonesia,2021,0,0.0055134778327517306,0
1132,Indonesia,2022,0,0.03263457551175194,0
1133,Indonesia,2023,0,0.11796502622254716,0
1134,East Timor,2017,0,0.010417263646201415,0
1135,East Timor,2018,0,0.012206556554270555,0
1136,East Timor,2019,0,0.011311910100235984,0
1137,East Timor,2020,0,0.011311910100235984,0
1138,East Timor,2021,0,0.011311910100235984,0
1139,East Timor,2022,0,0.019912551928679148,0
1140,East Timor,2023,0,0.0722965671420716,0
1141,Australia,2017,0,0.00019881032311879336,0
1142,Australia,2018,0,0.00019881032311879336,0
1143,Australia,2019,0,0.0011622757351560226,0
1144,Australia,2020,0,0.00019881032311879336,0
1145,Australia,2021,0,0.0016898877465097437,0
1146,Australia,2022,0,0.02589698105040906,0
1147,Australia,2023,0,0.10164779022593187,0
1148,Papua New Guinea,2017,0,0.0017892929080691403,0
1149,Papua New Guinea,2018,0,0.0017892929080691403,0
1150,Papua New Guinea,2019,0,0.0017892929080691403,0
1151,Papua New Guinea,2020,0,0.0017892929080691403,0
1152,Papua New Guinea,2021,0,0.0018004299130037625,0
1153,Papua New Guinea,2022,0,0.009063039684356268,0
1154,Papua New Guinea,2023,0,0.07348602779342599,0
1155,New Zealand,2017,0,0.0,0
1156,New Zealand,2018,0,0.0,0
1157,New Zealand,2019,0,0.0,0
1158,New Zealand,2020,0,0.0,0
1159,New Zealand,2021,0,0.0,0
1160,New Zealand,2022,0,0.009237708753953492,0
1161,New Zealand,2023,0,0.017015854797823603,0
1162,Solomon Islands,2017,0,0.0,0
1163,Solomon Islands,2018,0,0.0,0
1164,Solomon Islands,2019,0,0.0,0
1165,Solomon Islands,2020,0,0.0,0
1166,Solomon Islands,2021,0,0.0,0
1167,Solomon Islands,2022,0,0.009799283367957878,0
1168,Solomon Islands,2023,0,0.06516504118522999,0
1169,Fiji,2017,0,0.0005343027433817571,0
1170,Fiji,2018,0,0.0005343027433817571,0
1171,Fiji,2019,0,0.0005343027433817571,0
1172,Fiji,2020,0,0.0014609008564889904,0
1173,Fiji,2021,0,0.0005343027433817571,0
1174,Fiji,2022,0,0.017745540042348282,0
1175,Fiji,2023,0,0.0719702242598945,0
