,country,year,d_sb,preds_proba,preds
0,United States of America,2017,0,0.04232161766638537,0
1,United States of America,2018,0,0.0663004399466119,0
2,United States of America,2019,0,0.0647128493083409,0
3,United States of America,2020,0,0.06208180385724009,0
4,United States of America,2021,0,0.07813493034154206,0
5,United States of America,2022,0,0.1016590839927394,0
6,United States of America,2023,0,0.1431669191252428,0
7,Canada,2017,0,0.004001977992583606,0
8,Canada,2018,0,0.004594186994280094,0
9,Canada,2019,0,0.005573382181557426,0
10,Canada,2020,0,0.013179611788477288,0
11,Canada,2021,0,0.020199799956373533,0
12,Canada,2022,0,0.05692439087091112,0
13,Canada,2023,0,0.06073294940417674,0
14,Cuba,2017,0,0.006410861249850761,0
15,Cuba,2018,0,0.011829192093011243,0
16,Cuba,2019,0,0.01333584951576744,0
17,Cuba,2020,0,0.01720059868388333,0
18,Cuba,2021,0,0.027010029010986824,0
19,Cuba,2022,0,0.05391254776706399,0
20,Cuba,2023,0,0.048038446672293546,0
21,Haiti,2017,0,0.055328832393234884,0
22,Haiti,2018,0,0.06191106975311236,0
23,Haiti,2019,0,0.09788658721403187,0
24,Haiti,2020,0,0.13214471808433642,0
25,Haiti,2021,0,0.14798932727861763,0
26,Haiti,2022,0,0.27667641319085345,0
27,Haiti,2023,0,0.29945782840330604,0
28,Dominican Republic,2017,0,0.02111774347546568,0
29,Dominican Republic,2018,0,0.02977960369132242,0
30,Dominican Republic,2019,0,0.042624686767156465,0
31,Dominican Republic,2020,0,0.06507850149977303,0
32,Dominican Republic,2021,0,0.07282680414092663,0
33,Dominican Republic,2022,0,0.17934414164378765,0
34,Dominican Republic,2023,0,0.1901899282925496,0
35,Jamaica,2017,0,0.005948539241446784,0
36,Jamaica,2018,0,0.011651435623311477,0
37,Jamaica,2019,0,0.013026308918392477,0
38,Jamaica,2020,0,0.010976161289149494,0
39,Jamaica,2021,0,0.011570826292375689,0
40,Jamaica,2022,0,0.028384509788906543,0
41,Jamaica,2023,0,0.05450597712525933,0
42,Trinidad and Tobago,2017,0,0.007684831212503532,0
43,Trinidad and Tobago,2018,0,0.008005552182455907,0
44,Trinidad and Tobago,2019,0,0.006382710095135016,0
45,Trinidad and Tobago,2020,0,0.012880669518373895,0
46,Trinidad and Tobago,2021,0,0.010115550303438551,0
47,Trinidad and Tobago,2022,0,0.13720324209974027,0
48,Trinidad and Tobago,2023,0,0.13154462892642674,0
49,Barbados,2017,0,0.006160916265333049,0
50,Barbados,2018,0,0.007293524644936126,0
51,Barbados,2019,0,0.010367147630019141,0
52,Barbados,2020,0,0.017417815678221146,0
53,Barbados,2021,0,0.004900397174718327,0
54,Barbados,2022,0,0.10756207262377976,0
55,Barbados,2023,0,0.1136069449067555,0
56,Mexico,2017,0,0.05721695975894897,0
57,Mexico,2018,0,0.06211277904701936,0
58,Mexico,2019,0,0.0842216849731998,0
59,Mexico,2020,0,0.0883172313946907,0
60,Mexico,2021,0,0.08726654868831234,0
61,Mexico,2022,0,0.11743925473343414,0
62,Mexico,2023,0,0.17197625791710502,0
63,Guatemala,2017,0,0.009427319381964514,0
64,Guatemala,2018,0,0.01046609564117548,0
65,Guatemala,2019,0,0.01684480620936716,0
66,Guatemala,2020,0,0.025340444131529673,0
67,Guatemala,2021,0,0.028128164343787142,0
68,Guatemala,2022,0,0.056869959687687224,0
69,Guatemala,2023,0,0.06820260067547233,0
70,Honduras,2017,0,0.009437256847116677,0
71,Honduras,2018,0,0.009788271805444606,0
72,Honduras,2019,0,0.01957869232377737,0
73,Honduras,2020,0,0.02912148591388833,0
74,Honduras,2021,0,0.032865380766348345,0
75,Honduras,2022,0,0.023739794396519714,0
76,Honduras,2023,0,0.041806141163257565,0
77,El Salvador,2017,0,0.03140943906497766,0
78,El Salvador,2018,0,0.040826489501718854,0
79,El Salvador,2019,0,0.036260087196254356,0
80,El Salvador,2020,0,0.06601206066272247,0
81,El Salvador,2021,0,0.0806656783474751,0
82,El Salvador,2022,0,0.15840703145790946,0
83,El Salvador,2023,0,0.1717965692501302,0
84,Nicaragua,2017,0,0.03222049648396176,0
85,Nicaragua,2018,0,0.12275750355807133,0
86,Nicaragua,2019,0,0.13584685728340617,0
87,Nicaragua,2020,0,0.08083518541536093,0
88,Nicaragua,2021,0,0.07772959060600537,0
89,Nicaragua,2022,0,0.2519246225064333,0
90,Nicaragua,2023,0,0.2624236429000029,0
91,Costa Rica,2017,0,0.00873148768403511,0
92,Costa Rica,2018,0,0.013277707770900676,0
93,Costa Rica,2019,0,0.007277365431047914,0
94,Costa Rica,2020,0,0.005346916694462316,0
95,Costa Rica,2021,0,0.0065024939561575575,0
96,Costa Rica,2022,0,0.006345947594077545,0
97,Costa Rica,2023,0,0.025717202783299496,0
98,Panama,2017,0,0.01524296452424245,0
99,Panama,2018,0,0.0429736384717526,0
100,Panama,2019,0,0.03524612024035762,0
101,Panama,2020,0,0.03905160406361711,0
102,Panama,2021,0,0.04324380501266367,0
103,Panama,2022,0,0.04470111453773411,0
104,Panama,2023,0,0.15038807759888137,0
105,Colombia,2017,1,0.88096916467325,1
106,Colombia,2018,1,0.825547264467531,1
107,Colombia,2019,1,0.7926828269714875,1
108,Colombia,2020,1,0.8011261207655244,1
109,Colombia,2021,1,0.82875089979281,1
110,Colombia,2022,1,0.7834043514455391,1
111,Colombia,2023,1,0.7634460864003982,1
112,Venezuela,2017,0,0.12365941363345931,0
113,Venezuela,2018,0,0.1304053249413798,0
114,Venezuela,2019,0,0.16397067336566967,0
115,Venezuela,2020,0,0.18723111959120975,0
116,Venezuela,2021,0,0.2031616502795121,0
117,Venezuela,2022,0,0.20259652527281416,0
118,Venezuela,2023,0,0.19794402310360498,0
119,Guyana,2017,0,0.020841441321890593,0
120,Guyana,2018,0,0.022985936779978237,0
121,Guyana,2019,0,0.028476378507267183,0
122,Guyana,2020,0,0.023996832007348767,0
123,Guyana,2021,0,0.03420033962668893,0
124,Guyana,2022,0,0.06180165280550463,0
125,Guyana,2023,0,0.11460069600806645,0
126,Suriname,2017,0,0.007906709875486535,0
127,Suriname,2018,0,0.01006560415363206,0
128,Suriname,2019,0,0.035939905017190035,0
129,Suriname,2020,0,0.014651418534082743,0
130,Suriname,2021,0,0.016773794819925913,0
131,Suriname,2022,0,0.09657899758464805,0
132,Suriname,2023,0,0.13453146540515795,0
133,Ecuador,2017,0,0.04577994177690167,0
134,Ecuador,2018,0,0.05252502265711553,0
135,Ecuador,2019,1,0.05995658082557532,0
136,Ecuador,2020,0,0.2895030916930141,0
137,Ecuador,2021,0,0.16661279532686052,0
138,Ecuador,2022,0,0.1745175080842481,0
139,Ecuador,2023,0,0.17688681235205517,0
140,Peru,2017,1,0.7742036098015475,1
141,Peru,2018,0,0.7294707775080462,1
142,Peru,2019,0,0.5697073350291958,1
143,Peru,2020,1,0.5674079257431085,1
144,Peru,2021,1,0.6947187224533612,1
145,Peru,2022,1,0.6568039321559433,1
146,Peru,2023,1,0.614498123557792,1
147,Brazil,2017,0,0.03725527367721265,0
148,Brazil,2018,0,0.0507639294057045,0
149,Brazil,2019,0,0.1176507241276128,0
150,Brazil,2020,0,0.10658276119660065,0
151,Brazil,2021,0,0.1115947811368386,0
152,Brazil,2022,0,0.1108611047960294,0
153,Brazil,2023,0,0.06548849680489462,0
154,Bolivia,2017,0,0.03707119894829485,0
155,Bolivia,2018,0,0.02920256519649684,0
156,Bolivia,2019,0,0.0357584359112567,0
157,Bolivia,2020,0,0.05382990494440315,0
158,Bolivia,2021,0,0.03133260557225375,0
159,Bolivia,2022,0,0.04694211823157236,0
160,Bolivia,2023,0,0.06587334116385282,0
161,Paraguay,2017,0,0.011848632652324512,0
162,Paraguay,2018,0,0.011992011995337799,0
163,Paraguay,2019,0,0.01409522959508449,0
164,Paraguay,2020,0,0.021490799366928357,0
165,Paraguay,2021,0,0.019608908393348973,0
166,Paraguay,2022,0,0.08836550861760648,0
167,Paraguay,2023,0,0.10408962636090593,0
168,Chile,2017,0,0.021548328809411987,0
169,Chile,2018,0,0.020815439244380438,0
170,Chile,2019,0,0.06812867834104844,0
171,Chile,2020,0,0.07378640888335858,0
172,Chile,2021,0,0.07527847048672413,0
173,Chile,2022,0,0.0794987052223623,0
174,Chile,2023,0,0.11245518600539534,0
175,Argentina,2017,0,0.01198590795435631,0
176,Argentina,2018,0,0.007562663856304468,0
177,Argentina,2019,0,0.012607979332868639,0
178,Argentina,2020,0,0.011670444675813886,0
179,Argentina,2021,0,0.03577349376752717,0
180,Argentina,2022,0,0.03429652821200119,0
181,Argentina,2023,0,0.05239743987970641,0
182,Uruguay,2017,0,0.005856691438813867,0
183,Uruguay,2018,0,0.010067522974427347,0
184,Uruguay,2019,0,0.011947646034039831,0
185,Uruguay,2020,0,0.00984038139885381,0
186,Uruguay,2021,0,0.021569647090439695,0
187,Uruguay,2022,0,0.03704982646277902,0
188,Uruguay,2023,0,0.03874683673908157,0
189,United Kingdom,2017,0,0.08058785738891971,0
190,United Kingdom,2018,0,0.12295854118491104,0
191,United Kingdom,2019,1,0.11450898532965455,0
192,United Kingdom,2020,0,0.11594517990187894,0
193,United Kingdom,2021,0,0.1545755559147399,0
194,United Kingdom,2022,0,0.14556219661129596,0
195,United Kingdom,2023,0,0.14012753070574616,0
196,Ireland,2017,0,0.017302605610486205,0
197,Ireland,2018,0,0.018117378178828893,0
198,Ireland,2019,0,0.018490393545425206,0
199,Ireland,2020,0,0.022181581555429146,0
200,Ireland,2021,0,0.022667190123528583,0
201,Ireland,2022,0,0.05593095171317145,0
202,Ireland,2023,0,0.05745821433932789,0
203,Netherlands,2017,0,0.025886780816131737,0
204,Netherlands,2018,0,0.04636032870624738,0
205,Netherlands,2019,0,0.033028979529295656,0
206,Netherlands,2020,0,0.02754931407616771,0
207,Netherlands,2021,0,0.028631393653366567,0
208,Netherlands,2022,0,0.04139144487508525,0
209,Netherlands,2023,0,0.040579342259965366,0
210,Belgium,2017,0,0.41217925371900715,0
211,Belgium,2018,1,0.4485950009990048,0
212,Belgium,2019,0,0.4439442434953519,0
213,Belgium,2020,0,0.24360142398669207,0
214,Belgium,2021,0,0.18516177235579165,0
215,Belgium,2022,0,0.19688942782544827,0
216,Belgium,2023,0,0.22837345129248693,0
217,Luxembourg,2017,0,0.014968343749011145,0
218,Luxembourg,2018,0,0.01345961115828861,0
219,Luxembourg,2019,0,0.017000497641959968,0
220,Luxembourg,2020,0,0.009443690674859699,0
221,Luxembourg,2021,0,0.01090083143458514,0
222,Luxembourg,2022,0,0.07581271169388999,0
223,Luxembourg,2023,0,0.08024323604485771,0
224,France,2017,1,0.24784906818995342,0
225,France,2018,1,0.15875922080651542,0
226,France,2019,0,0.2869045491427565,0
227,France,2020,0,0.25057434233116654,0
228,France,2021,0,0.20760945611108061,0
229,France,2022,0,0.23128888501969164,0
230,France,2023,0,0.24985710858736726,0
231,Switzerland,2017,0,0.0030930372873698908,0
232,Switzerland,2018,0,0.012560697694947744,0
233,Switzerland,2019,0,0.014118131064937032,0
234,Switzerland,2020,0,0.007370531396206758,0
235,Switzerland,2021,0,0.007787128031872427,0
236,Switzerland,2022,0,0.04498829842618317,0
237,Switzerland,2023,0,0.04546153068889214,0
238,Spain,2017,0,0.10853408515559637,0
239,Spain,2018,0,0.09697887458282703,0
240,Spain,2019,0,0.10366113294842935,0
241,Spain,2020,0,0.1495258059948117,0
242,Spain,2021,0,0.12666112527362314,0
243,Spain,2022,0,0.13916187587178513,0
244,Spain,2023,0,0.16599514421813605,0
245,Portugal,2017,0,0.01136726382646379,0
246,Portugal,2018,0,0.010880806432213105,0
247,Portugal,2019,0,0.017267247677416078,0
248,Portugal,2020,0,0.02074359082184693,0
249,Portugal,2021,0,0.025362439512717157,0
250,Portugal,2022,0,0.04957887974850208,0
251,Portugal,2023,0,0.05428606441565238,0
252,Germany,2017,0,0.04498249363039418,0
253,Germany,2018,0,0.08259520586307369,0
254,Germany,2019,0,0.08959007453827238,0
255,Germany,2020,0,0.03919164769828275,0
256,Germany,2021,0,0.038444775069786885,0
257,Germany,2022,0,0.1171197314778111,0
258,Germany,2023,0,0.12656895215949834,0
259,Poland,2017,0,0.0197081414897593,0
260,Poland,2018,0,0.018317975375355032,0
261,Poland,2019,0,0.02496276201252858,0
262,Poland,2020,0,0.02778357458613704,0
263,Poland,2021,0,0.022023144555085236,0
264,Poland,2022,0,0.07304058714535355,0
265,Poland,2023,0,0.06988022849896884,0
266,Austria,2017,0,0.007375457961579683,0
267,Austria,2018,0,0.009453958948589403,0
268,Austria,2019,0,0.0123496320534678,0
269,Austria,2020,0,0.011384407685175001,0
270,Austria,2021,0,0.013610960922608844,0
271,Austria,2022,0,0.062306135474596354,0
272,Austria,2023,0,0.060690250058161435,0
273,Hungary,2017,0,0.008872686390887521,0
274,Hungary,2018,0,0.01669318283751266,0
275,Hungary,2019,0,0.019159822349579823,0
276,Hungary,2020,0,0.021612629226642793,0
277,Hungary,2021,0,0.027296701976322835,0
278,Hungary,2022,0,0.040187933686114,0
279,Hungary,2023,0,0.04628214459949874,0
280,Czechia,2017,0,0.0019401267268735018,0
281,Czechia,2018,0,0.0009974230384070788,0
282,Czechia,2019,0,0.0009959602879681324,0
283,Czechia,2020,0,0.010250924768958909,0
284,Czechia,2021,0,0.002320464927237744,0
285,Czechia,2022,0,0.03261415266210861,0
286,Czechia,2023,0,0.03700956061961247,0
287,Slovakia,2017,0,0.005930271384079905,0
288,Slovakia,2018,0,0.007994176841220235,0
289,Slovakia,2019,0,0.00726368967386898,0
290,Slovakia,2020,0,0.01583845211523186,0
291,Slovakia,2021,0,0.016982371698404185,0
292,Slovakia,2022,0,0.053729867518388395,0
293,Slovakia,2023,0,0.053952290535236244,0
294,Italy,2017,0,0.00678761397877716,0
295,Italy,2018,0,0.01610754992880339,0
296,Italy,2019,0,0.0221184308307479,0
297,Italy,2020,0,0.007816818282291868,0
298,Italy,2021,0,0.007738401764092479,0
299,Italy,2022,0,0.060492908257780004,0
300,Italy,2023,0,0.0519201260005649,0
301,Malta,2017,0,0.024797115989534525,0
302,Malta,2018,0,0.025783904961643806,0
303,Malta,2019,0,0.023106398102687848,0
304,Malta,2020,0,0.022025363932202738,0
305,Malta,2021,0,0.015820759948516977,0
306,Malta,2022,0,0.16185460364383156,0
307,Malta,2023,0,0.16243045401752712,0
308,Albania,2017,0,0.02370495561069152,0
309,Albania,2018,0,0.020093576399470965,0
310,Albania,2019,0,0.021034440018588157,0
311,Albania,2020,0,0.0416084444706227,0
312,Albania,2021,0,0.04501849048319755,0
313,Albania,2022,0,0.17647635057810335,0
314,Albania,2023,0,0.18392020400671866,0
315,Serbia,2017,0,0.021602221410844807,0
316,Serbia,2018,0,0.03543772485332093,0
317,Serbia,2019,0,0.030874723894759842,0
318,Serbia,2020,0,0.035690500921809296,0
319,Serbia,2021,0,0.044207208839422,0
320,Serbia,2022,0,0.15588826928278926,0
321,Serbia,2023,0,0.07861081927063955,0
322,Montenegro,2017,0,0.015734642838758618,0
323,Montenegro,2018,0,0.02414249015204521,0
324,Montenegro,2019,0,0.03323658193105117,0
325,Montenegro,2020,0,0.03548256471422899,0
326,Montenegro,2021,0,0.028298906523438933,0
327,Montenegro,2022,0,0.027675451896304385,0
328,Montenegro,2023,0,0.033277324631324684,0
329,North Macedonia,2017,0,0.03465432017948066,0
330,North Macedonia,2018,0,0.04776015817872446,0
331,North Macedonia,2019,0,0.03476662798959594,0
332,North Macedonia,2020,0,0.046155774002827527,0
333,North Macedonia,2021,0,0.043147519238096815,0
334,North Macedonia,2022,0,0.04172959869370997,0
335,North Macedonia,2023,0,0.043517183579511884,0
336,Croatia,2017,0,0.008944868077092005,0
337,Croatia,2018,0,0.005846055166959123,0
338,Croatia,2019,0,0.007960281617498077,0
339,Croatia,2020,0,0.019002518826436297,0
340,Croatia,2021,0,0.015910880008980915,0
341,Croatia,2022,0,0.050031083977716787,0
342,Croatia,2023,0,0.0556541265922265,0
343,Bosnia-Herzegovina,2017,0,0.018258327716594896,0
344,Bosnia-Herzegovina,2018,0,0.029979593789141182,0
345,Bosnia-Herzegovina,2019,0,0.024866896066145394,0
346,Bosnia-Herzegovina,2020,0,0.03519397051312623,0
347,Bosnia-Herzegovina,2021,0,0.04274232985922205,0
348,Bosnia-Herzegovina,2022,0,0.2165299805329528,0
349,Bosnia-Herzegovina,2023,0,0.21991539548091582,0
350,Slovenia,2017,0,0.007891661617025685,0
351,Slovenia,2018,0,0.008220160797661512,0
352,Slovenia,2019,0,0.011344508479120762,0
353,Slovenia,2020,0,0.02126080481941066,0
354,Slovenia,2021,0,0.02214652642913517,0
355,Slovenia,2022,0,0.016524563588722837,0
356,Slovenia,2023,0,0.028781268338548407,0
357,Greece,2017,0,0.04470347871300813,0
358,Greece,2018,0,0.04500512952166115,0
359,Greece,2019,0,0.04707223669108955,0
360,Greece,2020,0,0.03859631868244278,0
361,Greece,2021,0,0.045945080046776096,0
362,Greece,2022,0,0.05491079549949186,0
363,Greece,2023,0,0.049403674118532796,0
364,Cyprus,2017,0,0.004480321033012119,0
365,Cyprus,2018,0,0.009155327468551,0
366,Cyprus,2019,0,0.01367150940539695,0
367,Cyprus,2020,0,0.015061654693221196,0
368,Cyprus,2021,0,0.011750716848712525,0
369,Cyprus,2022,0,0.022129891660923152,0
370,Cyprus,2023,0,0.019345130591133082,0
371,Bulgaria,2017,0,0.008204019313124035,0
372,Bulgaria,2018,0,0.01445554342761586,0
373,Bulgaria,2019,0,0.019003632256172402,0
374,Bulgaria,2020,0,0.016203202049877168,0
375,Bulgaria,2021,0,0.016982432777878788,0
376,Bulgaria,2022,0,0.044265001614793485,0
377,Bulgaria,2023,0,0.046761016659581295,0
378,Moldova,2017,0,0.04931870577876365,0
379,Moldova,2018,0,0.05775789172264698,0
380,Moldova,2019,0,0.059724670782785275,0
381,Moldova,2020,0,0.07309299071714531,0
382,Moldova,2021,0,0.06531670477167453,0
383,Moldova,2022,0,0.06830595057309893,0
384,Moldova,2023,0,0.08479626811580732,0
385,Romania,2017,0,0.014805778106441047,0
386,Romania,2018,0,0.021809902374175957,0
387,Romania,2019,0,0.022653479204656973,0
388,Romania,2020,0,0.04170928578430182,0
389,Romania,2021,0,0.0359646677849198,0
390,Romania,2022,0,0.05293688743153206,0
391,Romania,2023,0,0.0437960588912397,0
392,Russia (Soviet Union),2017,1,0.8560356677729961,1
393,Russia (Soviet Union),2018,1,0.8235138982885306,1
394,Russia (Soviet Union),2019,1,0.8093544154880321,1
395,Russia (Soviet Union),2020,1,0.8168788074338089,1
396,Russia (Soviet Union),2021,1,0.8360407465759674,1
397,Russia (Soviet Union),2022,1,0.789900779855195,1
398,Russia (Soviet Union),2023,1,0.7619068617702645,1
399,Estonia,2017,0,0.007079186220997511,0
400,Estonia,2018,0,0.007615721331074023,0
401,Estonia,2019,0,0.007698442609615785,0
402,Estonia,2020,0,0.00884961084160411,0
403,Estonia,2021,0,0.01269484983875157,0
404,Estonia,2022,0,0.023226288330679527,0
405,Estonia,2023,0,0.032604437282727494,0
406,Latvia,2017,0,0.003653328293848266,0
407,Latvia,2018,0,0.006240804275327801,0
408,Latvia,2019,0,0.007391392679244395,0
409,Latvia,2020,0,0.007085490722783958,0
410,Latvia,2021,0,0.009993454120465668,0
411,Latvia,2022,0,0.020615818290060206,0
412,Latvia,2023,0,0.07332728422999454,0
413,Lithuania,2017,0,0.005058647860590736,0
414,Lithuania,2018,0,0.0037634357343643986,0
415,Lithuania,2019,0,0.0039813487433735355,0
416,Lithuania,2020,0,0.008468239031698382,0
417,Lithuania,2021,0,0.0088811048067047,0
418,Lithuania,2022,0,0.06451983530498263,0
419,Lithuania,2023,0,0.07124225880170218,0
420,Ukraine,2017,1,0.7461666518407966,1
421,Ukraine,2018,1,0.6785114678461605,1
422,Ukraine,2019,1,0.6762976204070442,1
423,Ukraine,2020,1,0.664941908083558,1
424,Ukraine,2021,1,0.6314268669764425,1
425,Ukraine,2022,1,0.640366520672166,1
426,Ukraine,2023,0,0.6530131112407308,1
427,Belarus,2017,0,0.02642911153876586,0
428,Belarus,2018,0,0.02715818935396534,0
429,Belarus,2019,0,0.028780440967152075,0
430,Belarus,2020,0,0.0957026093557481,0
431,Belarus,2021,0,0.09089454728815945,0
432,Belarus,2022,0,0.21123088013011684,0
433,Belarus,2023,0,0.2119999040011152,0
434,Armenia,2017,0,0.6352793618017923,1
435,Armenia,2018,1,0.367548343672464,0
436,Armenia,2019,1,0.5317089783944992,1
437,Armenia,2020,1,0.5564686681828356,1
438,Armenia,2021,1,0.5732766535460185,1
439,Armenia,2022,1,0.5371687362291829,1
440,Armenia,2023,1,0.5936874108439707,1
441,Georgia,2017,0,0.043281355025229076,0
442,Georgia,2018,0,0.059461613505060976,0
443,Georgia,2019,0,0.05042681018137291,0
444,Georgia,2020,0,0.05334537786572442,0
445,Georgia,2021,0,0.05979145665136073,0
446,Georgia,2022,0,0.06133966612274001,0
447,Georgia,2023,0,0.05648239211305257,0
448,Azerbaijan,2017,1,0.8481506645151604,1
449,Azerbaijan,2018,1,0.8102924635094453,1
450,Azerbaijan,2019,1,0.8285392190978638,1
451,Azerbaijan,2020,1,0.8402026233163341,1
452,Azerbaijan,2021,1,0.7841945485553174,1
453,Azerbaijan,2022,1,0.7208415503930907,1
454,Azerbaijan,2023,1,0.7335279544546099,1
455,Finland,2017,0,0.005547598545515691,0
456,Finland,2018,0,0.007478047282101289,0
457,Finland,2019,0,0.005178522518663213,0
458,Finland,2020,0,0.004959328883563038,0
459,Finland,2021,0,0.005924553251855837,0
460,Finland,2022,0,0.04710866222235674,0
461,Finland,2023,0,0.09296273664811593,0
462,Sweden,2017,0,0.002533656712341154,0
463,Sweden,2018,0,0.003027164213754893,0
464,Sweden,2019,0,0.002533656712341154,0
465,Sweden,2020,0,0.004464105448926752,0
466,Sweden,2021,0,0.005429329817219551,0
467,Sweden,2022,0,0.061088280727402425,0
468,Sweden,2023,0,0.09808425108270788,0
469,Norway,2017,0,0.0064439055099670545,0
470,Norway,2018,0,0.007409129878259854,0
471,Norway,2019,0,0.0064439055099670545,0
472,Norway,2020,0,0.012235251719723849,0
473,Norway,2021,0,0.015130924824602246,0
474,Norway,2022,0,0.0859577579897627,0
475,Norway,2023,0,0.08949486281006497,0
476,Denmark,2017,0,0.00530800764674093,0
477,Denmark,2018,0,0.0057911719786518465,0
478,Denmark,2019,0,0.002638594880180387,0
479,Denmark,2020,0,0.0034224241893788844,0
480,Denmark,2021,0,0.0024495912940880665,0
481,Denmark,2022,0,0.020726971327319512,0
482,Denmark,2023,0,0.02462990952487005,0
483,Iceland,2017,0,0.01061416685276598,0
484,Iceland,2018,0,0.01078720554554112,0
485,Iceland,2019,0,0.014841537367281945,0
486,Iceland,2020,0,0.015644020390430877,0
487,Iceland,2021,0,0.007051170172688164,0
488,Iceland,2022,0,0.11760409819830499,0
489,Iceland,2023,0,0.11871968011447293,0
490,Cabo Verde,2017,0,0.023627112534906153,0
491,Cabo Verde,2018,0,0.030486433516165763,0
492,Cabo Verde,2019,0,0.035951149663002266,0
493,Cabo Verde,2020,0,0.04146010340619156,0
494,Cabo Verde,2021,0,0.04393410117520541,0
495,Cabo Verde,2022,0,0.05062437260409291,0
496,Cabo Verde,2023,0,0.06253727818547519,0
497,Guinea-Bissau,2017,0,0.01361529577700057,0
498,Guinea-Bissau,2018,0,0.02560800614883353,0
499,Guinea-Bissau,2019,0,0.024654390418493932,0
500,Guinea-Bissau,2020,0,0.09644050657881895,0
501,Guinea-Bissau,2021,0,0.07092950376158848,0
502,Guinea-Bissau,2022,0,0.06440808264495457,0
503,Guinea-Bissau,2023,0,0.07607605844080491,0
504,Equatorial Guinea,2017,0,0.040790370505340415,0
505,Equatorial Guinea,2018,0,0.05146285139677863,0
506,Equatorial Guinea,2019,0,0.0583574012642076,0
507,Equatorial Guinea,2020,0,0.07447726240133276,0
508,Equatorial Guinea,2021,0,0.06988899703269734,0
509,Equatorial Guinea,2022,0,0.104619069998496,0
510,Equatorial Guinea,2023,0,0.12824308486068006,0
511,Gambia,2017,0,0.03976363022534713,0
512,Gambia,2018,0,0.034131089947325145,0
513,Gambia,2019,0,0.030681938590344536,0
514,Gambia,2020,0,0.03843442422132768,0
515,Gambia,2021,0,0.042675457532250896,0
516,Gambia,2022,0,0.08081620594004602,0
517,Gambia,2023,0,0.09897414231248927,0
518,Mali,2017,1,0.901262538947044,1
519,Mali,2018,1,0.8783557298392031,1
520,Mali,2019,1,0.859970808550947,1
521,Mali,2020,1,0.8296525824983632,1
522,Mali,2021,1,0.804890002908864,1
523,Mali,2022,1,0.7845451011644017,1
524,Mali,2023,1,0.7347693217321756,1
525,Senegal,2017,0,0.18054533488314836,0
526,Senegal,2018,0,0.14534726558747021,0
527,Senegal,2019,0,0.12737206283091523,0
528,Senegal,2020,0,0.11875775062902585,0
529,Senegal,2021,0,0.11955172095542085,0
530,Senegal,2022,0,0.14713425495756507,0
531,Senegal,2023,0,0.18281285068130965,0
532,Benin,2017,0,0.032402516792004274,0
533,Benin,2018,0,0.03878917790247333,0
534,Benin,2019,0,0.048075900935469526,0
535,Benin,2020,1,0.05500324042399314,0
536,Benin,2021,1,0.27337834183957,0
537,Benin,2022,1,0.2772291627216129,0
538,Benin,2023,1,0.2504181446716722,0
539,Mauritania,2017,0,0.11790681062836247,0
540,Mauritania,2018,0,0.10825956263781031,0
541,Mauritania,2019,0,0.13307998624797152,0
542,Mauritania,2020,0,0.19138928486250179,0
543,Mauritania,2021,0,0.19236559662696787,0
544,Mauritania,2022,0,0.1590552194456848,0
545,Mauritania,2023,1,0.1566530015011542,0
546,Niger,2017,1,0.756178635146373,1
547,Niger,2018,1,0.737961143216019,1
548,Niger,2019,1,0.6794113238937047,1
549,Niger,2020,1,0.6719740496596303,1
550,Niger,2021,1,0.685868728335275,1
551,Niger,2022,1,0.6924989212642256,1
552,Niger,2023,1,0.6531753314593972,1
553,Ivory Coast,2017,0,0.15542558122017644,0
554,Ivory Coast,2018,0,0.13986703897833533,0
555,Ivory Coast,2019,0,0.1847451921900723,0
556,Ivory Coast,2020,0,0.19248027024025577,0
557,Ivory Coast,2021,0,0.16407249020891007,0
558,Ivory Coast,2022,0,0.17245703611000876,0
559,Ivory Coast,2023,0,0.18669368173608997,0
560,Guinea,2017,0,0.08451594619098764,0
561,Guinea,2018,0,0.10274851266509438,0
562,Guinea,2019,0,0.1251090292732028,0
563,Guinea,2020,0,0.12962153443883123,0
564,Guinea,2021,0,0.16890368425897773,0
565,Guinea,2022,0,0.20386713403912188,0
566,Guinea,2023,0,0.20962287496536403,0
567,Burkina Faso,2017,1,0.09571071305655246,0
568,Burkina Faso,2018,1,0.31593012178591984,0
569,Burkina Faso,2019,1,0.34488590038528794,0
570,Burkina Faso,2020,1,0.35280056720943515,0
571,Burkina Faso,2021,1,0.3757212241497255,0
572,Burkina Faso,2022,1,0.39790201786529006,0
573,Burkina Faso,2023,1,0.3940039695019525,0
574,Liberia,2017,0,0.04754004543597754,0
575,Liberia,2018,0,0.07493803791195602,0
576,Liberia,2019,0,0.09314284743034676,0
577,Liberia,2020,0,0.08190851774017194,0
578,Liberia,2021,0,0.0924694168146809,0
579,Liberia,2022,0,0.10890028719285605,0
580,Liberia,2023,0,0.1292702605893569,0
581,Sierra Leone,2017,0,0.043512657442355426,0
582,Sierra Leone,2018,0,0.04828800956270561,0
583,Sierra Leone,2019,0,0.056129475356420974,0
584,Sierra Leone,2020,0,0.06766697067122576,0
585,Sierra Leone,2021,0,0.06767006932946859,0
586,Sierra Leone,2022,0,0.12104761565020494,0
587,Sierra Leone,2023,0,0.1131623499766445,0
588,Ghana,2017,0,0.017209529367514874,0
589,Ghana,2018,0,0.04047929784094128,0
590,Ghana,2019,0,0.03836466047014211,0
591,Ghana,2020,0,0.04030584870119229,0
592,Ghana,2021,0,0.0427381305458495,0
593,Ghana,2022,0,0.0623446859202147,0
594,Ghana,2023,0,0.07513876523770216,0
595,Togo,2017,0,0.0676830985720044,0
596,Togo,2018,0,0.09356116647384022,0
597,Togo,2019,0,0.1302366989825349,0
598,Togo,2020,0,0.13297288334625082,0
599,Togo,2021,0,0.09180675542250755,0
600,Togo,2022,1,0.15577897121434334,0
601,Togo,2023,1,0.3531197838765655,0
602,Cameroon,2017,1,0.6759465828467424,1
603,Cameroon,2018,1,0.6289010709200615,1
604,Cameroon,2019,1,0.6512818901849171,1
605,Cameroon,2020,1,0.6233400651914809,1
606,Cameroon,2021,1,0.6137397352359905,1
607,Cameroon,2022,1,0.6271802972506308,1
608,Cameroon,2023,1,0.5781109072157684,1
609,Nigeria,2017,1,0.90001792280667,1
610,Nigeria,2018,1,0.8915706225570373,1
611,Nigeria,2019,1,0.8574013334348018,1
612,Nigeria,2020,1,0.8440771604923295,1
613,Nigeria,2021,1,0.8259476642873571,1
614,Nigeria,2022,1,0.7951538070734396,1
615,Nigeria,2023,1,0.7602558991771393,1
616,Gabon,2017,0,0.0357455784280568,0
617,Gabon,2018,0,0.03850088498229387,0
618,Gabon,2019,0,0.042344024890303436,0
619,Gabon,2020,0,0.05439399601966413,0
620,Gabon,2021,0,0.0522268640214634,0
621,Gabon,2022,0,0.07450810376703582,0
622,Gabon,2023,0,0.0918197800232742,0
623,Central African Republic,2017,1,0.499329407632634,0
624,Central African Republic,2018,1,0.6504312494966422,1
625,Central African Republic,2019,1,0.6566379618656741,1
626,Central African Republic,2020,1,0.6660404594861213,1
627,Central African Republic,2021,1,0.6705047231522892,1
628,Central African Republic,2022,1,0.6735248868815815,1
629,Central African Republic,2023,1,0.6090540920080971,1
630,Chad,2017,1,0.7796371588332851,1
631,Chad,2018,1,0.7399454056515059,1
632,Chad,2019,1,0.7639401459659403,1
633,Chad,2020,1,0.7652026664700862,1
634,Chad,2021,1,0.7811553833411582,1
635,Chad,2022,1,0.8033541579301937,1
636,Chad,2023,1,0.753666261905981,1
637,Congo,2017,1,0.5381421404592938,1
638,Congo,2018,0,0.511082264029326,1
639,Congo,2019,0,0.4525866065099079,0
640,Congo,2020,0,0.3525323496911993,0
641,Congo,2021,0,0.39480200212514116,0
642,Congo,2022,1,0.30713178762315063,0
643,Congo,2023,0,0.4598894001576447,0
644,DR Congo (Zaire),2017,1,0.9279308268767396,1
645,DR Congo (Zaire),2018,1,0.9093989962688652,1
646,DR Congo (Zaire),2019,1,0.85185257278385,1
647,DR Congo (Zaire),2020,1,0.8821207070925277,1
648,DR Congo (Zaire),2021,1,0.8728071260896957,1
649,DR Congo (Zaire),2022,1,0.8554024370529971,1
650,DR Congo (Zaire),2023,1,0.8373842827656985,1
651,Uganda,2017,0,0.08875964128653027,0
652,Uganda,2018,0,0.11581869553779298,0
653,Uganda,2019,0,0.14242478459727095,0
654,Uganda,2020,0,0.18349729004393314,0
655,Uganda,2021,1,0.20001741925777136,0
656,Uganda,2022,1,0.3838178379987173,0
657,Uganda,2023,1,0.412115450293282,0
658,Kenya,2017,1,0.8352174040376459,1
659,Kenya,2018,1,0.7608529425937922,1
660,Kenya,2019,1,0.754216156374877,1
661,Kenya,2020,1,0.7369323439031653,1
662,Kenya,2021,1,0.6964093360897735,1
663,Kenya,2022,1,0.6922485001331815,1
664,Kenya,2023,1,0.6751217210858959,1
665,Tanzania,2017,0,0.10056863551489706,0
666,Tanzania,2018,0,0.09621418976281082,0
667,Tanzania,2019,0,0.13431742904484525,0
668,Tanzania,2020,1,0.13390543128497573,0
669,Tanzania,2021,1,0.3135068509603065,0
670,Tanzania,2022,1,0.34050229210660926,0
671,Tanzania,2023,0,0.34891786539243613,0
672,Burundi,2017,1,0.7689510900343454,1
673,Burundi,2018,1,0.6737079184407073,1
674,Burundi,2019,1,0.671934500340503,1
675,Burundi,2020,1,0.6439897813319313,1
676,Burundi,2021,1,0.5907732414277799,1
677,Burundi,2022,1,0.5639754866456668,1
678,Burundi,2023,1,0.5797836744738823,1
679,Rwanda,2017,0,0.1667935481535588,0
680,Rwanda,2018,1,0.18035852280544393,0
681,Rwanda,2019,1,0.3276770948780373,0
682,Rwanda,2020,0,0.35096698722138553,0
683,Rwanda,2021,1,0.2672078749925006,0
684,Rwanda,2022,1,0.3859020052633281,0
685,Rwanda,2023,0,0.42524645997285465,0
686,Somalia,2017,1,0.8627894503985776,1
687,Somalia,2018,1,0.8332606072744053,1
688,Somalia,2019,1,0.8335350083590577,1
689,Somalia,2020,1,0.815787634721473,1
690,Somalia,2021,1,0.7888527060823309,1
691,Somalia,2022,1,0.7722023442105119,1
692,Somalia,2023,1,0.7170213621781723,1
693,Djibouti,2017,0,0.0765151655521233,0
694,Djibouti,2018,0,0.044310168352891685,0
695,Djibouti,2019,0,0.0620790019958612,0
696,Djibouti,2020,0,0.0673694126505838,0
697,Djibouti,2021,0,0.08231171679884332,0
698,Djibouti,2022,0,0.1178588946915779,0
699,Djibouti,2023,0,0.12516194285608892,0
700,Ethiopia,2017,0,0.931760628671162,1
701,Ethiopia,2018,1,0.6540918839912961,1
702,Ethiopia,2019,1,0.8229366949351506,1
703,Ethiopia,2020,1,0.7754719122099554,1
704,Ethiopia,2021,1,0.8542229929586806,1
705,Ethiopia,2022,1,0.870108283081458,1
706,Ethiopia,2023,1,0.8694656769667941,1
707,Eritrea,2017,0,0.054425550146164,0
708,Eritrea,2018,0,0.0792346559153022,0
709,Eritrea,2019,0,0.08941402690647045,0
710,Eritrea,2020,0,0.1274351259271873,0
711,Eritrea,2021,0,0.12078279453775513,0
712,Eritrea,2022,1,0.17479145425512016,0
713,Eritrea,2023,0,0.36127413561836097,0
714,Angola,2017,1,0.637968803247473,1
715,Angola,2018,1,0.5642613524978264,1
716,Angola,2019,1,0.6047019415361129,1
717,Angola,2020,1,0.5298503422019057,1
718,Angola,2021,0,0.5159677205257517,1
719,Angola,2022,1,0.4607263417307316,0
720,Angola,2023,0,0.5640609778918861,1
721,Mozambique,2017,0,0.5877231194387832,1
722,Mozambique,2018,1,0.45281186923087513,0
723,Mozambique,2019,1,0.5072726765342456,1
724,Mozambique,2020,1,0.5160112542279264,1
725,Mozambique,2021,1,0.4797416691120065,0
726,Mozambique,2022,1,0.5020907258660404,1
727,Mozambique,2023,1,0.5189341889439105,1
728,Zambia,2017,0,0.06370936337413795,0
729,Zambia,2018,0,0.06979587784985034,0
730,Zambia,2019,0,0.08672366930917624,0
731,Zambia,2020,0,0.11717331006902326,0
732,Zambia,2021,0,0.10174598255147013,0
733,Zambia,2022,0,0.09741765999397443,0
734,Zambia,2023,0,0.10301531695729717,0
735,Zimbabwe,2017,0,0.051517013714102666,0
736,Zimbabwe,2018,0,0.05386164484855386,0
737,Zimbabwe,2019,0,0.08626426599678964,0
738,Zimbabwe,2020,0,0.09281062979520194,0
739,Zimbabwe,2021,0,0.10075366175368357,0
740,Zimbabwe,2022,0,0.13411018446415152,0
741,Zimbabwe,2023,0,0.14634842473734366,0
742,Malawi,2017,0,0.029182595894018268,0
743,Malawi,2018,0,0.033289749286538974,0
744,Malawi,2019,0,0.051628058931944505,0
745,Malawi,2020,0,0.05994353950181274,0
746,Malawi,2021,0,0.07275873337378455,0
747,Malawi,2022,0,0.1309211870940665,0
748,Malawi,2023,0,0.12178915965487887,0
749,South Africa,2017,0,0.04894373373306515,0
750,South Africa,2018,0,0.03516798151891982,0
751,South Africa,2019,0,0.09519387339877755,0
752,South Africa,2020,0,0.08194036237230172,0
753,South Africa,2021,0,0.09969042259705663,0
754,South Africa,2022,0,0.11669291653482258,0
755,South Africa,2023,0,0.18195303412449262,0
756,Namibia,2017,0,0.028339291600083288,0
757,Namibia,2018,0,0.03112023296287656,0
758,Namibia,2019,0,0.14938902417719635,0
759,Namibia,2020,0,0.03793106045365667,0
760,Namibia,2021,0,0.043563926199478104,0
761,Namibia,2022,0,0.07156472839299734,0
762,Namibia,2023,0,0.12340604197635531,0
763,Lesotho,2017,0,0.05583638250644421,0
764,Lesotho,2018,0,0.053403349149548404,0
765,Lesotho,2019,0,0.08376005118481933,0
766,Lesotho,2020,0,0.06985989011569388,0
767,Lesotho,2021,0,0.06921288164141634,0
768,Lesotho,2022,0,0.08746632869834872,0
769,Lesotho,2023,0,0.08757510239117357,0
770,Botswana,2017,0,0.016081808593741954,0
771,Botswana,2018,0,0.019842871353536618,0
772,Botswana,2019,0,0.025546736521422288,0
773,Botswana,2020,0,0.0195702281743588,0
774,Botswana,2021,0,0.033627443879450186,0
775,Botswana,2022,0,0.05321219588447039,0
776,Botswana,2023,0,0.07429633281922869,0
777,eSwatini,2017,0,0.005933299286738249,0
778,eSwatini,2018,0,0.012580339433503649,0
779,eSwatini,2019,0,0.028725625423489547,0
780,eSwatini,2020,0,0.025198351487875425,0
781,eSwatini,2021,0,0.039355200048773215,0
782,eSwatini,2022,0,0.09413631916955907,0
783,eSwatini,2023,0,0.10134622524567452,0
784,Madagascar,2017,0,0.03681740415959899,0
785,Madagascar,2018,0,0.03280191207016599,0
786,Madagascar,2019,0,0.08167225209925835,0
787,Madagascar,2020,0,0.07356050093694433,0
788,Madagascar,2021,0,0.08607898169185171,0
789,Madagascar,2022,0,0.09982865345486192,0
790,Madagascar,2023,0,0.14214548514566566,0
791,Comoros,2017,0,0.024017965414668174,0
792,Comoros,2018,0,0.08930805670855127,0
793,Comoros,2019,0,0.15694340907144108,0
794,Comoros,2020,0,0.1707868696827849,0
795,Comoros,2021,0,0.17189926307831724,0
796,Comoros,2022,0,0.20278441619468576,0
797,Comoros,2023,0,0.20063019067578736,0
798,Mauritius,2017,0,0.02686253090967011,0
799,Mauritius,2018,0,0.038427251591825584,0
800,Mauritius,2019,0,0.04382989373972068,0
801,Mauritius,2020,0,0.06625890530033858,0
802,Mauritius,2021,0,0.08673822717486143,0
803,Mauritius,2022,0,0.1196735441510404,0
804,Mauritius,2023,0,0.13435253162915997,0
805,Morocco,2017,0,0.08289206612581235,0
806,Morocco,2018,0,0.0900419262867737,0
807,Morocco,2019,0,0.0856718236210029,0
808,Morocco,2020,1,0.104771077805988,0
809,Morocco,2021,1,0.3094841394608356,0
810,Morocco,2022,1,0.3453352335090712,0
811,Morocco,2023,1,0.413090308369642,0
812,Algeria,2017,1,0.8889613045534397,1
813,Algeria,2018,1,0.8550727480013922,1
814,Algeria,2019,1,0.8249480722267453,1
815,Algeria,2020,1,0.8034544054187457,1
816,Algeria,2021,1,0.7903531333342221,1
817,Algeria,2022,1,0.7380149678156548,1
818,Algeria,2023,1,0.7209332921909943,1
819,Tunisia,2017,1,0.8017418234695495,1
820,Tunisia,2018,1,0.7910180571848328,1
821,Tunisia,2019,1,0.7365094215946075,1
822,Tunisia,2020,1,0.7187012131589907,1
823,Tunisia,2021,1,0.68557555101122,1
824,Tunisia,2022,1,0.6417742708409706,1
825,Tunisia,2023,1,0.6247868221785191,1
826,Libya,2017,1,0.8842621788772214,1
827,Libya,2018,1,0.8163228890286007,1
828,Libya,2019,1,0.8634752522716321,1
829,Libya,2020,1,0.8694931735908341,1
830,Libya,2021,1,0.8257562338552341,1
831,Libya,2022,1,0.8602043646590476,1
832,Libya,2023,1,0.8363707455232867,1
833,Sudan,2017,1,0.9621246908442695,1
834,Sudan,2018,1,0.9518346997676981,1
835,Sudan,2019,1,0.8932070853051527,1
836,Sudan,2020,1,0.9269304660380537,1
837,Sudan,2021,1,0.9087939816232157,1
838,Sudan,2022,1,0.9130926066670417,1
839,Sudan,2023,1,0.9115974714088853,1
840,South Sudan,2017,1,0.8915519740317781,1
841,South Sudan,2018,1,0.8614342371610713,1
842,South Sudan,2019,1,0.8778462623981158,1
843,South Sudan,2020,1,0.8745662360253065,1
844,South Sudan,2021,1,0.74059138097497,1
845,South Sudan,2022,1,0.6664306748523017,1
846,South Sudan,2023,1,0.6630696677370738,1
847,Iran,2017,1,0.9010362297836914,1
848,Iran,2018,1,0.8930546171036616,1
849,Iran,2019,1,0.8801009258059318,1
850,Iran,2020,1,0.8780128105576163,1
851,Iran,2021,1,0.8590815864165928,1
852,Iran,2022,1,0.8519913504055816,1
853,Iran,2023,1,0.7481205566221977,1
854,Turkey,2017,1,0.8877616826654527,1
855,Turkey,2018,1,0.8666761109961689,1
856,Turkey,2019,1,0.8449406447715843,1
857,Turkey,2020,1,0.8170880110437513,1
858,Turkey,2021,1,0.8045061749486948,1
859,Turkey,2022,1,0.7877162270823543,1
860,Turkey,2023,1,0.7508125432455697,1
861,Iraq,2017,1,0.9458489646057534,1
862,Iraq,2018,1,0.9208420896310979,1
863,Iraq,2019,1,0.8444639588030253,1
864,Iraq,2020,1,0.8479952247181137,1
865,Iraq,2021,1,0.8303695084563719,1
866,Iraq,2022,1,0.830889172593667,1
867,Iraq,2023,1,0.8426197480682538,1
868,Egypt,2017,1,0.7470210757736477,1
869,Egypt,2018,1,0.7932254154690178,1
870,Egypt,2019,1,0.7300668908855441,1
871,Egypt,2020,1,0.6773562152790221,1
872,Egypt,2021,1,0.6853569960510192,1
873,Egypt,2022,1,0.6055005781634197,1
874,Egypt,2023,1,0.5737497276508885,1
875,Syria,2017,1,0.8930469593682536,1
876,Syria,2018,1,0.8624463415177615,1
877,Syria,2019,1,0.8428169164507171,1
878,Syria,2020,1,0.831602409476441,1
879,Syria,2021,1,0.8070027568568807,1
880,Syria,2022,1,0.7607317571399014,1
881,Syria,2023,1,0.7805468319262839,1
882,Lebanon,2017,1,0.8612415591590251,1
883,Lebanon,2018,1,0.8242870392522335,1
884,Lebanon,2019,0,0.79716929767478,1
885,Lebanon,2020,1,0.557023933248901,1
886,Lebanon,2021,0,0.757719108613854,1
887,Lebanon,2022,0,0.5539332793635179,1
888,Lebanon,2023,1,0.5638120154245203,1
889,Jordan,2017,0,0.5424666865336213,1
890,Jordan,2018,0,0.31494725624945175,0
891,Jordan,2019,0,0.26423807728676124,0
892,Jordan,2020,0,0.27287048154693133,0
893,Jordan,2021,0,0.25764473692370826,0
894,Jordan,2022,0,0.25262490967513873,0
895,Jordan,2023,0,0.2713598434099514,0
896,Israel,2017,1,0.9625504812783551,1
897,Israel,2018,1,0.9523131831009145,1
898,Israel,2019,1,0.9078130112388072,1
899,Israel,2020,1,0.9051620410695038,1
900,Israel,2021,1,0.91450214415148,1
901,Israel,2022,1,0.8910843178082477,1
902,Israel,2023,1,0.9069037016771513,1
903,Saudi Arabia,2017,1,0.7687412961970107,1
904,Saudi Arabia,2018,1,0.7134323122678692,1
905,Saudi Arabia,2019,1,0.6684959789190767,1
906,Saudi Arabia,2020,0,0.6596814101566477,1
907,Saudi Arabia,2021,1,0.47825195252999386,0
908,Saudi Arabia,2022,0,0.6644341158595228,1
909,Saudi Arabia,2023,1,0.46936131366397565,0
910,Yemen (North Yemen),2017,1,0.8781659902381175,1
911,Yemen (North Yemen),2018,1,0.8630315572688201,1
912,Yemen (North Yemen),2019,1,0.883039888127004,1
913,Yemen (North Yemen),2020,1,0.8566647493034438,1
914,Yemen (North Yemen),2021,1,0.8287925169881274,1
915,Yemen (North Yemen),2022,1,0.8271994612178927,1
916,Yemen (North Yemen),2023,1,0.7572905491559823,1
917,Kuwait,2017,0,0.06901646186902166,0
918,Kuwait,2018,0,0.07530597890741407,0
919,Kuwait,2019,0,0.07840912770645651,0
920,Kuwait,2020,0,0.08134128792501631,0
921,Kuwait,2021,0,0.08616938806722822,0
922,Kuwait,2022,0,0.0736873990508268,0
923,Kuwait,2023,0,0.07428837553812026,0
924,Bahrain,2017,0,0.0446796728862732,0
925,Bahrain,2018,0,0.057227589674079586,0
926,Bahrain,2019,0,0.04322222830632004,0
927,Bahrain,2020,0,0.04322339465973692,0
928,Bahrain,2021,0,0.03291087004968821,0
929,Bahrain,2022,0,0.02674098404410171,0
930,Bahrain,2023,0,0.032374659980426906,0
931,Qatar,2017,0,0.01568583568195609,0
932,Qatar,2018,0,0.018621724069930637,0
933,Qatar,2019,0,0.019963679054030528,0
934,Qatar,2020,0,0.025595135283832903,0
935,Qatar,2021,0,0.03441156747663718,0
936,Qatar,2022,0,0.04160693747640114,0
937,Qatar,2023,0,0.040767882816064534,0
938,United Arab Emirates,2017,0,0.2317652661774547,0
939,United Arab Emirates,2018,0,0.22708572207873978,0
940,United Arab Emirates,2019,0,0.06808739825773216,0
941,United Arab Emirates,2020,0,0.05623241266533442,0
942,United Arab Emirates,2021,0,0.22144196588734988,0
943,United Arab Emirates,2022,1,0.108515531408034,0
944,United Arab Emirates,2023,0,0.31430156760972305,0
945,Oman,2017,0,0.050642645065546686,0
946,Oman,2018,0,0.03486585055839497,0
947,Oman,2019,0,0.024626210217105406,0
948,Oman,2020,0,0.029003264019393942,0
949,Oman,2021,0,0.03426777313105829,0
950,Oman,2022,0,0.02701075789029475,0
951,Oman,2023,0,0.027052863196933695,0
952,Afghanistan,2017,1,0.9354326318299466,1
953,Afghanistan,2018,1,0.9267199046380685,1
954,Afghanistan,2019,1,0.9192219322439132,1
955,Afghanistan,2020,1,0.9037051506320741,1
956,Afghanistan,2021,1,0.9020051794779277,1
957,Afghanistan,2022,1,0.8864974374680494,1
958,Afghanistan,2023,1,0.8806843969591512,1
959,Turkmenistan,2017,0,0.05704901823400131,0
960,Turkmenistan,2018,0,0.06539814355822914,0
961,Turkmenistan,2019,0,0.07919198637792517,0
962,Turkmenistan,2020,0,0.07652282179731693,0
963,Turkmenistan,2021,0,0.10622451262939869,0
964,Turkmenistan,2022,0,0.09965293260996055,0
965,Turkmenistan,2023,0,0.11610021467682535,0
966,Tajikistan,2017,0,0.16615609477640286,0
967,Tajikistan,2018,0,0.21198554474064357,0
968,Tajikistan,2019,0,0.2594071562875031,0
969,Tajikistan,2020,0,0.27061736321367635,0
970,Tajikistan,2021,0,0.2850423814825929,0
971,Tajikistan,2022,0,0.3005234458042914,0
972,Tajikistan,2023,0,0.31174486102154314,0
973,Kyrgyzstan,2017,0,0.04393519005681225,0
974,Kyrgyzstan,2018,0,0.06752244350608522,0
975,Kyrgyzstan,2019,0,0.07349521583232298,0
976,Kyrgyzstan,2020,0,0.09581363446046427,0
977,Kyrgyzstan,2021,0,0.1224538111219634,0
978,Kyrgyzstan,2022,0,0.13219512572106248,0
979,Kyrgyzstan,2023,0,0.16137049434820994,0
980,Uzbekistan,2017,0,0.10910108988637614,0
981,Uzbekistan,2018,0,0.1638146398262369,0
982,Uzbekistan,2019,0,0.1482565750506415,0
983,Uzbekistan,2020,0,0.20173798734435333,0
984,Uzbekistan,2021,0,0.17072720877906442,0
985,Uzbekistan,2022,0,0.17379431489058098,0
986,Uzbekistan,2023,0,0.18849631715361442,0
987,Kazakhstan,2017,0,0.033477743710008986,0
988,Kazakhstan,2018,0,0.04634467549635962,0
989,Kazakhstan,2019,0,0.06712541255945634,0
990,Kazakhstan,2020,0,0.06769064505766617,0
991,Kazakhstan,2021,0,0.07189774911248625,0
992,Kazakhstan,2022,0,0.09051859191599787,0
993,Kazakhstan,2023,0,0.11977137471965243,0
994,China,2017,1,0.23504683977409924,0
995,China,2018,0,0.39353844229436286,0
996,China,2019,0,0.2330922788057821,0
997,China,2020,0,0.3219991121537606,0
998,China,2021,0,0.3068519715700707,0
999,China,2022,0,0.3362714053945401,0
1000,China,2023,1,0.3741720353816249,0
1001,Mongolia,2017,0,0.041232870612519096,0
1002,Mongolia,2018,0,0.05403287854522306,0
1003,Mongolia,2019,0,0.05292447230384948,0
1004,Mongolia,2020,0,0.08380959509107858,0
1005,Mongolia,2021,0,0.07843484551698744,0
1006,Mongolia,2022,0,0.0896140120662321,0
1007,Mongolia,2023,0,0.15061909290449385,0
1008,South Korea,2017,0,0.018310709527020293,0
1009,South Korea,2018,0,0.023085308705436087,0
1010,South Korea,2019,0,0.026165057078669916,0
1011,South Korea,2020,0,0.021840322249249266,0
1012,South Korea,2021,0,0.02306199208800192,0
1013,South Korea,2022,0,0.025603704268466303,0
1014,South Korea,2023,0,0.023958130993969214,0
1015,Japan,2017,0,0.0063581440251081305,0
1016,Japan,2018,0,0.008485995762259224,0
1017,Japan,2019,0,0.00907820476395571,0
1018,Japan,2020,0,0.015013884077542741,0
1019,Japan,2021,0,0.01830436318355213,0
1020,Japan,2022,0,0.02446842261281798,0
1021,Japan,2023,0,0.026444528035545485,0
1022,India,2017,1,0.906834828020826,1
1023,India,2018,1,0.946581891397793,1
1024,India,2019,1,0.884112803588349,1
1025,India,2020,1,0.8707779188410097,1
1026,India,2021,1,0.8339986639875662,1
1027,India,2022,1,0.8160966870903299,1
1028,India,2023,1,0.7741312634400364,1
1029,Bhutan,2017,0,0.020832957430883627,0
1030,Bhutan,2018,0,0.06953285631782377,0
1031,Bhutan,2019,0,0.06868138714514825,0
1032,Bhutan,2020,0,0.08710146583301602,0
1033,Bhutan,2021,0,0.08443176095945899,0
1034,Bhutan,2022,0,0.08084368879710699,0
1035,Bhutan,2023,0,0.0872416386849689,0
1036,Pakistan,2017,1,0.9664551678201473,1
1037,Pakistan,2018,1,0.9595984499276472,1
1038,Pakistan,2019,1,0.9745335664769263,1
1039,Pakistan,2020,1,0.9558548369032454,1
1040,Pakistan,2021,1,0.920977849806794,1
1041,Pakistan,2022,1,0.9252606382978409,1
1042,Pakistan,2023,1,0.8219760043391858,1
1043,Bangladesh,2017,1,0.7397139498640695,1
1044,Bangladesh,2018,1,0.701398609297761,1
1045,Bangladesh,2019,1,0.6944164236001973,1
1046,Bangladesh,2020,1,0.6489277694816158,1
1047,Bangladesh,2021,0,0.7081272285230937,1
1048,Bangladesh,2022,1,0.5508774246489708,1
1049,Bangladesh,2023,0,0.6448312144495536,1
1050,Myanmar (Burma),2017,1,0.9357810304996461,1
1051,Myanmar (Burma),2018,1,0.919727518299475,1
1052,Myanmar (Burma),2019,1,0.9036424877503114,1
1053,Myanmar (Burma),2020,1,0.9117542015514292,1
1054,Myanmar (Burma),2021,1,0.9174244418437434,1
1055,Myanmar (Burma),2022,1,0.9003631633194218,1
1056,Myanmar (Burma),2023,1,0.8925978108217155,1
1057,Sri Lanka,2017,0,0.1307670337432534,0
1058,Sri Lanka,2018,0,0.19159455625134236,0
1059,Sri Lanka,2019,0,0.1527560474644465,0
1060,Sri Lanka,2020,0,0.1831044101807009,0
1061,Sri Lanka,2021,0,0.1950199389131465,0
1062,Sri Lanka,2022,0,0.28642878285589,0
1063,Sri Lanka,2023,0,0.20056072077516915,0
1064,Maldives,2017,0,0.017484859669870255,0
1065,Maldives,2018,0,0.03093142901785347,0
1066,Maldives,2019,0,0.03456840464343856,0
1067,Maldives,2020,0,0.0353777569457571,0
1068,Maldives,2021,0,0.045972402620297934,0
1069,Maldives,2022,0,0.051096482513655006,0
1070,Maldives,2023,0,0.05668453367064187,0
1071,Nepal,2017,0,0.12118475416461957,0
1072,Nepal,2018,0,0.11490054596935967,0
1073,Nepal,2019,0,0.12283836098474618,0
1074,Nepal,2020,0,0.16883776689429333,0
1075,Nepal,2021,0,0.19409834100040152,0
1076,Nepal,2022,0,0.22594178890041514,0
1077,Nepal,2023,0,0.23853770154151008,0
1078,Thailand,2017,1,0.8148933408492645,1
1079,Thailand,2018,1,0.8323134375241715,1
1080,Thailand,2019,1,0.7520961319247687,1
1081,Thailand,2020,1,0.7444408738326251,1
1082,Thailand,2021,1,0.7319373043615036,1
1083,Thailand,2022,1,0.7091768446084039,1
1084,Thailand,2023,1,0.6953600104894263,1
1085,Cambodia (Kampuchea),2017,0,0.07049726678397816,0
1086,Cambodia (Kampuchea),2018,0,0.10183500284303001,0
1087,Cambodia (Kampuchea),2019,0,0.11298037850203249,0
1088,Cambodia (Kampuchea),2020,0,0.16212108505565048,0
1089,Cambodia (Kampuchea),2021,0,0.20544710039801334,0
1090,Cambodia (Kampuchea),2022,0,0.22787664628670584,0
1091,Cambodia (Kampuchea),2023,0,0.23318783002640367,0
1092,Laos,2017,0,0.04090138460948034,0
1093,Laos,2018,0,0.05015849451732792,0
1094,Laos,2019,0,0.06020460040201565,0
1095,Laos,2020,0,0.06969184302052418,0
1096,Laos,2021,0,0.07323555148721743,0
1097,Laos,2022,0,0.07247890937483889,0
1098,Laos,2023,0,0.1443387551119918,0
1099,Vietnam,2017,0,0.03400004668451228,0
1100,Vietnam,2018,0,0.0601285855517417,0
1101,Vietnam,2019,0,0.0627709199212162,0
1102,Vietnam,2020,0,0.07402112053162527,0
1103,Vietnam,2021,0,0.07830686696844913,0
1104,Vietnam,2022,0,0.09038652191329438,0
1105,Vietnam,2023,0,0.09706061358348649,0
1106,Malaysia,2017,1,0.1432298043933149,0
1107,Malaysia,2018,0,0.30011659227338355,0
1108,Malaysia,2019,0,0.18128903084924602,0
1109,Malaysia,2020,0,0.1315730856517092,0
1110,Malaysia,2021,0,0.1820677331898841,0
1111,Malaysia,2022,0,0.12157877821756918,0
1112,Malaysia,2023,0,0.11445706723773871,0
1113,Singapore,2017,0,0.005913550041061113,0
1114,Singapore,2018,0,0.008515853838401219,0
1115,Singapore,2019,0,0.009822707456909122,0
1116,Singapore,2020,0,0.009047640645679388,0
1117,Singapore,2021,0,0.009200932550914115,0
1118,Singapore,2022,0,0.013065699616839718,0
1119,Singapore,2023,0,0.013220765125169719,0
1120,Philippines,2017,1,0.8319401787990452,1
1121,Philippines,2018,1,0.8123930568494135,1
1122,Philippines,2019,1,0.7707193550009478,1
1123,Philippines,2020,1,0.7440910247143221,1
1124,Philippines,2021,1,0.7253181909454989,1
1125,Philippines,2022,1,0.65412987276932,1
1126,Philippines,2023,1,0.6435342272607435,1
1127,Indonesia,2017,1,0.2321873169141508,0
1128,Indonesia,2018,1,0.4549537982005968,0
1129,Indonesia,2019,1,0.33252608247245896,0
1130,Indonesia,2020,1,0.3008108848376163,0
1131,Indonesia,2021,1,0.2966011105707521,0
1132,Indonesia,2022,1,0.30008289945575817,0
1133,Indonesia,2023,1,0.2676146791107378,0
1134,East Timor,2017,0,0.02479481776401147,0
1135,East Timor,2018,0,0.03593650749479384,0
1136,East Timor,2019,0,0.03636672673951234,0
1137,East Timor,2020,0,0.034313628264758735,0
1138,East Timor,2021,0,0.03568330034891942,0
1139,East Timor,2022,0,0.036037849147508336,0
1140,East Timor,2023,0,0.0417010368040871,0
1141,Australia,2017,0,0.010217462110406807,0
1142,Australia,2018,1,0.0070523190260376074,0
1143,Australia,2019,0,0.20539524434687426,0
1144,Australia,2020,0,0.05761176004804172,0
1145,Australia,2021,0,0.019088236696421405,0
1146,Australia,2022,0,0.02171320774949468,0
1147,Australia,2023,0,0.04672307572210624,0
1148,Papua New Guinea,2017,0,0.05711160227404439,0
1149,Papua New Guinea,2018,0,0.06563795821043805,0
1150,Papua New Guinea,2019,0,0.07515284062267011,0
1151,Papua New Guinea,2020,0,0.07023594452650075,0
1152,Papua New Guinea,2021,0,0.06995521455959942,0
1153,Papua New Guinea,2022,0,0.10236501244571782,0
1154,Papua New Guinea,2023,0,0.14518124367810759,0
1155,New Zealand,2017,0,0.024079060303630908,0
1156,New Zealand,2018,0,0.02214861156704531,0
1157,New Zealand,2019,0,0.011531143515824523,0
1158,New Zealand,2020,0,0.009008485777542437,0
1159,New Zealand,2021,0,0.00996943883535575,0
1160,New Zealand,2022,0,0.048514698562713954,0
1161,New Zealand,2023,0,0.05101420747823753,0
1162,Solomon Islands,2017,0,0.03308894554284554,0
1163,Solomon Islands,2018,0,0.020788662216289798,0
1164,Solomon Islands,2019,0,0.026696452497853462,0
1165,Solomon Islands,2020,0,0.03959253743816721,0
1166,Solomon Islands,2021,0,0.02704019956058957,0
1167,Solomon Islands,2022,0,0.04896722267962609,0
1168,Solomon Islands,2023,0,0.07854268698808997,0
1169,Fiji,2017,0,0.01843853900444414,0
1170,Fiji,2018,0,0.028418291160496333,0
1171,Fiji,2019,0,0.023906779470020262,0
1172,Fiji,2020,0,0.0230406379453488,0
1173,Fiji,2021,0,0.02744507665017759,0
1174,Fiji,2022,0,0.03768019197295686,0
1175,Fiji,2023,0,0.09519532604542359,0
