,country,year,d_civil_conflict,preds_proba,preds
0,United States of America,2017,0,0.06495485261337021,0
1,United States of America,2018,0,0.05577963464894305,0
2,United States of America,2019,0,0.05607598140182285,0
3,United States of America,2020,0,0.051603903961423045,0
4,United States of America,2021,0,0.059123161698327036,0
5,United States of America,2022,0,0.1002779331578652,0
6,United States of America,2023,0,0.12648007325144286,0
7,Canada,2017,0,0.0,0
8,Canada,2018,0,0.0,0
9,Canada,2019,0,0.0003379776122426822,0
10,Canada,2020,0,0.0003379776122426822,0
11,Canada,2021,0,0.0003379776122426822,0
12,Canada,2022,0,0.06753912021075403,0
13,Canada,2023,0,0.08708547075533567,0
14,Cuba,2017,0,0.0004884586372606194,0
15,Cuba,2018,0,0.00073478061162034,0
16,Cuba,2019,0,0.020545960911665075,0
17,Cuba,2020,0,0.020665762098342304,0
18,Cuba,2021,0,0.002157266123372275,0
19,Cuba,2022,0,0.01001061011735738,0
20,Cuba,2023,0,0.008812598250585087,0
21,Haiti,2017,0,0.052467695234627305,0
22,Haiti,2018,0,0.04917787250917169,0
23,Haiti,2019,0,0.0718449172780291,0
24,Haiti,2020,0,0.1198538680619584,0
25,Haiti,2021,0,0.09991999198993418,0
26,Haiti,2022,0,0.19524092790735537,0
27,Haiti,2023,0,0.19607234757452563,0
28,Dominican Republic,2017,0,0.007995608241473745,0
29,Dominican Republic,2018,0,0.011619518833642891,0
30,Dominican Republic,2019,0,0.01683466227420792,0
31,Dominican Republic,2020,0,0.02829120529072986,0
32,Dominican Republic,2021,0,0.034490319281768315,0
33,Dominican Republic,2022,0,0.056125287550305276,0
34,Dominican Republic,2023,0,0.07039831680345089,0
35,Jamaica,2017,0,0.004262289155071706,0
36,Jamaica,2018,0,0.004262289155071706,0
37,Jamaica,2019,0,0.0162310309839798,0
38,Jamaica,2020,0,0.01564799854215062,0
39,Jamaica,2021,0,0.016730202595134924,0
40,Jamaica,2022,0,0.017405848722207004,0
41,Jamaica,2023,0,0.03738801798869106,0
42,Trinidad and Tobago,2017,0,0.004171812742359165,0
43,Trinidad and Tobago,2018,0,0.0058026886171721175,0
44,Trinidad and Tobago,2019,0,0.003688932222148979,0
45,Trinidad and Tobago,2020,0,0.004220146882984482,0
46,Trinidad and Tobago,2021,0,0.0035723564595193415,0
47,Trinidad and Tobago,2022,0,0.029096412804552593,0
48,Trinidad and Tobago,2023,0,0.04808510242527913,0
49,Barbados,2017,0,0.02108784598485742,0
50,Barbados,2018,0,0.029768380702128394,0
51,Barbados,2019,0,0.024972302633913906,0
52,Barbados,2020,0,0.012054420028646486,0
53,Barbados,2021,0,0.019605432740460265,0
54,Barbados,2022,0,0.00555148821809965,0
55,Barbados,2023,0,0.025266827568802597,0
56,Mexico,2017,0,0.06714115261205844,0
57,Mexico,2018,0,0.07128224896704813,0
58,Mexico,2019,0,0.10404062221126004,0
59,Mexico,2020,0,0.10624890165299627,0
60,Mexico,2021,0,0.10601770531411771,0
61,Mexico,2022,0,0.1392614893251274,0
62,Mexico,2023,0,0.16315958178826373,0
63,Guatemala,2017,0,0.01234004104825374,0
64,Guatemala,2018,0,0.010090177861047517,0
65,Guatemala,2019,0,0.013486270001322801,0
66,Guatemala,2020,0,0.014371215250463537,0
67,Guatemala,2021,0,0.00456653357947087,0
68,Guatemala,2022,0,0.04174766185851632,0
69,Guatemala,2023,0,0.0387083739862866,0
70,Honduras,2017,0,0.0012461103845193395,0
71,Honduras,2018,0,0.0010360468858229483,0
72,Honduras,2019,0,0.0016590130565445412,0
73,Honduras,2020,0,0.0006235885145484873,0
74,Honduras,2021,0,0.0030060121110150008,0
75,Honduras,2022,0,0.008732894619274914,0
76,Honduras,2023,0,0.05279592276597608,0
77,El Salvador,2017,0,0.006084546385691449,0
78,El Salvador,2018,0,0.006813923334494917,0
79,El Salvador,2019,0,0.0056198622197336495,0
80,El Salvador,2020,0,0.017442558726135503,0
81,El Salvador,2021,0,0.024384981684833856,0
82,El Salvador,2022,0,0.08173325045120403,0
83,El Salvador,2023,0,0.11759166193983356,0
84,Nicaragua,2017,0,0.014393629183808924,0
85,Nicaragua,2018,0,0.08119826316339326,0
86,Nicaragua,2019,0,0.14212506822769477,0
87,Nicaragua,2020,0,0.03912164761909941,0
88,Nicaragua,2021,0,0.026363897914546096,0
89,Nicaragua,2022,0,0.037439367795795014,0
90,Nicaragua,2023,0,0.0920220934351696,0
91,Costa Rica,2017,0,0.0015867390496848003,0
92,Costa Rica,2018,0,0.004600372758848717,0
93,Costa Rica,2019,0,0.0,0
94,Costa Rica,2020,0,0.0001689888061213411,0
95,Costa Rica,2021,0,0.0,0
96,Costa Rica,2022,0,0.00014143641505594487,0
97,Costa Rica,2023,0,0.047946616526249146,0
98,Panama,2017,0,0.00846992881406974,0
99,Panama,2018,0,0.01696359068463469,0
100,Panama,2019,0,0.010905781748018787,0
101,Panama,2020,0,0.013347449958063359,0
102,Panama,2021,0,0.022943452980243757,0
103,Panama,2022,0,0.01916177798953127,0
104,Panama,2023,0,0.064070799410912,0
105,Colombia,2017,0,0.7105622339624902,1
106,Colombia,2018,1,0.5204261642860877,1
107,Colombia,2019,1,0.8727267106787832,1
108,Colombia,2020,1,0.7204132738428787,1
109,Colombia,2021,1,0.8318661434213406,1
110,Colombia,2022,1,0.6815637396707568,1
111,Colombia,2023,1,0.6764850024463833,1
112,Venezuela,2017,0,0.10919135165825128,0
113,Venezuela,2018,0,0.12982915876999418,0
114,Venezuela,2019,0,0.1693327346261548,0
115,Venezuela,2020,0,0.17144342491969577,0
116,Venezuela,2021,0,0.18288108769824957,0
117,Venezuela,2022,0,0.1686547782839986,0
118,Venezuela,2023,0,0.17993920997552681,0
119,Guyana,2017,0,0.005401351140271469,0
120,Guyana,2018,0,0.005941186261932781,0
121,Guyana,2019,0,0.007533358589563782,0
122,Guyana,2020,0,0.003339641958295038,0
123,Guyana,2021,0,0.003744513001162863,0
124,Guyana,2022,0,0.026846896725505512,0
125,Guyana,2023,0,0.0562599841368876,0
126,Suriname,2017,0,0.0029961384375954796,0
127,Suriname,2018,0,0.0038430004345400455,0
128,Suriname,2019,0,0.005026168608006899,0
129,Suriname,2020,0,0.002735188204567391,0
130,Suriname,2021,0,0.0021973503085325487,0
131,Suriname,2022,0,0.02641879662407054,0
132,Suriname,2023,0,0.05708763417434855,0
133,Ecuador,2017,0,0.0286607823284415,0
134,Ecuador,2018,0,0.030998435941442117,0
135,Ecuador,2019,0,0.055169756698897385,0
136,Ecuador,2020,0,0.06470691480895127,0
137,Ecuador,2021,0,0.08064185110386932,0
138,Ecuador,2022,0,0.09258155096148211,0
139,Ecuador,2023,0,0.11694353258037112,0
140,Peru,2017,0,0.08565107903028978,0
141,Peru,2018,0,0.1166658491645053,0
142,Peru,2019,0,0.14144346516802841,0
143,Peru,2020,0,0.1591940645362989,0
144,Peru,2021,0,0.14023220766927727,0
145,Peru,2022,0,0.24873404098728918,0
146,Peru,2023,0,0.2598673761261488,0
147,Brazil,2017,0,0.03318536695282465,0
148,Brazil,2018,0,0.013300159935477904,0
149,Brazil,2019,0,0.13718231000931516,0
150,Brazil,2020,0,0.02948802726720999,0
151,Brazil,2021,0,0.036339378188614234,0
152,Brazil,2022,0,0.06019359818024294,0
153,Brazil,2023,0,0.08733093902800369,0
154,Bolivia,2017,0,0.0002567168285940629,0
155,Bolivia,2018,0,0.005715055266313381,0
156,Bolivia,2019,0,0.026185335608941027,0
157,Bolivia,2020,0,0.009259375640042483,0
158,Bolivia,2021,0,0.0013739908123864848,0
159,Bolivia,2022,0,0.03239144168435707,0
160,Bolivia,2023,0,0.08553798668659793,0
161,Paraguay,2017,0,0.0017418680968441162,0
162,Paraguay,2018,0,0.0015108054157817262,0
163,Paraguay,2019,0,0.0017512481684863982,0
164,Paraguay,2020,0,0.004150976037352441,0
165,Paraguay,2021,0,0.006332177295256898,0
166,Paraguay,2022,0,0.03841350745724343,0
167,Paraguay,2023,0,0.06983763459323071,0
168,Chile,2017,0,0.010145667129150129,0
169,Chile,2018,0,0.011983600939315997,0
170,Chile,2019,0,0.061842619391087025,0
171,Chile,2020,0,0.06263329006556508,0
172,Chile,2021,0,0.054575085482123746,0
173,Chile,2022,0,0.07867911840823494,0
174,Chile,2023,0,0.09528940142135406,0
175,Argentina,2017,0,0.0013770220007294147,0
176,Argentina,2018,0,0.002439841952008847,0
177,Argentina,2019,0,0.004872380069198865,0
178,Argentina,2020,0,0.0019290584154312655,0
179,Argentina,2021,0,0.0014522566073873024,0
180,Argentina,2022,0,0.04233066300507596,0
181,Argentina,2023,0,0.07064489974850605,0
182,Uruguay,2017,0,0.00032295638503189634,0
183,Uruguay,2018,0,0.00032295638503189634,0
184,Uruguay,2019,0,0.00032295638503189634,0
185,Uruguay,2020,0,0.00032295638503189634,0
186,Uruguay,2021,0,0.00032295638503189634,0
187,Uruguay,2022,0,0.04538658918663863,0
188,Uruguay,2023,0,0.06510192853734158,0
189,United Kingdom,2017,0,0.027087766179573893,0
190,United Kingdom,2018,0,0.032804998370532044,0
191,United Kingdom,2019,0,0.027315635632744004,0
192,United Kingdom,2020,0,0.017653245471708334,0
193,United Kingdom,2021,0,0.021165432736593867,0
194,United Kingdom,2022,0,0.04725756592534607,0
195,United Kingdom,2023,0,0.04748288433350786,0
196,Ireland,2017,0,0.0,0
197,Ireland,2018,0,0.0,0
198,Ireland,2019,0,0.0001689888061213411,0
199,Ireland,2020,0,0.0002887899927985705,0
200,Ireland,2021,0,0.00011980118667722935,0
201,Ireland,2022,0,0.04067707070812329,0
202,Ireland,2023,0,0.06039241005882624,0
203,Netherlands,2017,0,0.04407931447731924,0
204,Netherlands,2018,0,0.04772848954380717,0
205,Netherlands,2019,0,0.00692371279937152,0
206,Netherlands,2020,0,0.008303788049362472,0
207,Netherlands,2021,0,0.008641765661605155,0
208,Netherlands,2022,0,0.02481872384172924,0
209,Netherlands,2023,0,0.02504404224989103,0
210,Belgium,2017,0,0.0015208992550920701,0
211,Belgium,2018,0,0.00503023346221192,0
212,Belgium,2019,0,0.006235686945877488,0
213,Belgium,2020,0,0.006235686945877488,0
214,Belgium,2021,0,0.0038698436601787125,0
215,Belgium,2022,0,0.02066642319005701,0
216,Belgium,2023,0,0.019427171945167177,0
217,Luxembourg,2017,0,0.002232758998062403,0
218,Luxembourg,2018,0,0.00036614241326290574,0
219,Luxembourg,2019,0,0.00036614241326290574,0
220,Luxembourg,2020,0,0.00047880161734379983,0
221,Luxembourg,2021,0,0.0002887899927985705,0
222,Luxembourg,2022,0,0.028794771946421414,0
223,Luxembourg,2023,0,0.028914573133098642,0
224,France,2017,0,0.006209087193861703,0
225,France,2018,0,0.011545034298750463,0
226,France,2019,0,0.00036865745058339003,0
227,France,2020,0,0.0,0
228,France,2021,0,0.00011265920408089408,0
229,France,2022,0,0.014138716225907422,0
230,France,2023,0,0.013519090603462505,0
231,Switzerland,2017,0,0.0,0
232,Switzerland,2018,0,0.0,0
233,Switzerland,2019,0,0.0,0
234,Switzerland,2020,0,0.0,0
235,Switzerland,2021,0,0.0,0
236,Switzerland,2022,0,0.007886135740281179,0
237,Switzerland,2023,0,0.02771413429506502,0
238,Spain,2017,0,0.00848591914493508,0
239,Spain,2018,0,0.011045082974798831,0
240,Spain,2019,0,0.01084266875840843,0
241,Spain,2020,0,0.010919875765400931,0
242,Spain,2021,0,0.011191425121869316,0
243,Spain,2022,0,0.03660073711017195,0
244,Spain,2023,0,0.02105907654126353,0
245,Portugal,2017,0,0.0002534832091820117,0
246,Portugal,2018,0,0.0002534832091820117,0
247,Portugal,2019,0,0.0002534832091820117,0
248,Portugal,2020,0,0.0002534832091820117,0
249,Portugal,2021,0,0.0,0
250,Portugal,2022,0,0.007953731262729715,0
251,Portugal,2023,0,0.02766907061343266,0
252,Germany,2017,0,0.011875734015380399,0
253,Germany,2018,0,0.012155471713299143,0
254,Germany,2019,0,0.035826438514292666,0
255,Germany,2020,0,0.036181919119026504,0
256,Germany,2021,0,0.04740687490843911,0
257,Germany,2022,0,0.040545613188073135,0
258,Germany,2023,0,0.05076240821843536,0
259,Poland,2017,0,0.01568087513347746,0
260,Poland,2018,0,0.008722840380020922,0
261,Poland,2019,0,0.008835499584101816,0
262,Poland,2020,0,0.011588944179078908,0
263,Poland,2021,0,0.014562335337062759,0
264,Poland,2022,0,0.030084928814414075,0
265,Poland,2023,0,0.04916351412574859,0
266,Austria,2017,0,9.90720570387083e-05,0
267,Austria,2018,0,9.90720570387083e-05,0
268,Austria,2019,0,9.90720570387083e-05,0
269,Austria,2020,0,0.0005919560748926199,0
270,Austria,2021,0,0.00047929687081172583,0
271,Austria,2022,0,0.01242115915122805,0
272,Austria,2023,0,0.04058592965223226,0
273,Hungary,2017,0,0.004546397584633599,0
274,Hungary,2018,0,0.00471538639075494,0
275,Hungary,2019,0,0.004546397584633599,0
276,Hungary,2020,0,0.00471538639075494,0
277,Hungary,2021,0,0.004546397584633599,0
278,Hungary,2022,0,0.009632955308022589,0
279,Hungary,2023,0,0.020272979719513067,0
280,Czechia,2017,0,0.0001922131773574461,0
281,Czechia,2018,0,0.0001922131773574461,0
282,Czechia,2019,0,0.0001922131773574461,0
283,Czechia,2020,0,0.0006678380920246761,0
284,Czechia,2021,0,0.0001922131773574461,0
285,Czechia,2022,0,0.03140816714930378,0
286,Czechia,2023,0,0.05216584401479395,0
287,Slovakia,2017,0,0.006727034056622227,0
288,Slovakia,2018,0,0.005948623238377987,0
289,Slovakia,2019,0,0.005626124214742522,0
290,Slovakia,2020,0,0.007146764691726975,0
291,Slovakia,2021,0,0.007888437785259527,0
292,Slovakia,2022,0,0.027083060949473475,0
293,Slovakia,2023,0,0.04482060758825546,0
294,Italy,2017,0,0.002686452603978987,0
295,Italy,2018,0,0.002686452603978987,0
296,Italy,2019,0,0.002686452603978987,0
297,Italy,2020,0,0.002686452603978987,0
298,Italy,2021,0,0.002686452603978987,0
299,Italy,2022,0,0.0022314827413446067,0
300,Italy,2023,0,0.0018935051291019247,0
301,Malta,2017,0,0.0009523703404609462,0
302,Malta,2018,0,0.0021523118027320033,0
303,Malta,2019,0,0.0016731070560230858,0
304,Malta,2020,0,0.001391190292910772,0
305,Malta,2021,0,0.014058396981939133,0
306,Malta,2022,0,0.038418475489051404,0
307,Malta,2023,0,0.038418475489051404,0
308,Albania,2017,0,0.004269613841468867,0
309,Albania,2018,0,0.014127283516820337,0
310,Albania,2019,0,0.004269613841468867,0
311,Albania,2020,0,0.004257423233686468,0
312,Albania,2021,0,0.004136716943599797,0
313,Albania,2022,0,0.02551392917735931,0
314,Albania,2023,0,0.03441911801689692,0
315,Serbia,2017,0,0.014810355809631762,0
316,Serbia,2018,0,0.012244389053007254,0
317,Serbia,2019,0,0.016141670852250815,0
318,Serbia,2020,0,0.017979248024687037,0
319,Serbia,2021,0,0.019574627034281214,0
320,Serbia,2022,0,0.07925938879533409,0
321,Serbia,2023,0,0.0777401870298757,0
322,Montenegro,2017,0,0.006067448572309209,0
323,Montenegro,2018,0,0.006817793166937879,0
324,Montenegro,2019,0,0.004722339247276486,0
325,Montenegro,2020,0,0.010368546682391072,0
326,Montenegro,2021,0,0.008254876996148778,0
327,Montenegro,2022,0,0.006751689144164855,0
328,Montenegro,2023,0,0.043634325102232106,0
329,North Macedonia,2017,0,0.010451290418519207,0
330,North Macedonia,2018,0,0.03150816923727068,0
331,North Macedonia,2019,0,0.02908375528557182,0
332,North Macedonia,2020,0,0.01594965928155796,0
333,North Macedonia,2021,0,0.0137969930336072,0
334,North Macedonia,2022,0,0.01949816045444758,0
335,North Macedonia,2023,0,0.044685805014065896,0
336,Croatia,2017,0,0.0029450237594977175,0
337,Croatia,2018,0,0.0044888937873699165,0
338,Croatia,2019,0,0.00472845238204193,0
339,Croatia,2020,0,0.005205291903426518,0
340,Croatia,2021,0,0.007530328617374777,0
341,Croatia,2022,0,0.02912296850737102,0
342,Croatia,2023,0,0.05683647698578942,0
343,Bosnia-Herzegovina,2017,0,0.013480126076331355,0
344,Bosnia-Herzegovina,2018,0,0.0171579002250706,0
345,Bosnia-Herzegovina,2019,0,0.015525696867038287,0
346,Bosnia-Herzegovina,2020,0,0.02132235947575127,0
347,Bosnia-Herzegovina,2021,0,0.019425812321526167,0
348,Bosnia-Herzegovina,2022,0,0.13679585472143738,0
349,Bosnia-Herzegovina,2023,0,0.08237341303722148,0
350,Slovenia,2017,0,0.006074994182949101,0
351,Slovenia,2018,0,0.006644817861308872,0
352,Slovenia,2019,0,0.0033759086374434743,0
353,Slovenia,2020,0,0.002883519873057489,0
354,Slovenia,2021,0,0.002883519873057489,0
355,Slovenia,2022,0,0.005474183643018438,0
356,Slovenia,2023,0,0.04445769266943908,0
357,Greece,2017,0,0.014876762928909321,0
358,Greece,2018,0,0.006199176347617216,0
359,Greece,2019,0,0.00723035392418676,0
360,Greece,2020,0,0.01649392805811349,0
361,Greece,2021,0,0.014274955857129503,0
362,Greece,2022,0,0.03183403088469529,0
363,Greece,2023,0,0.03794478310504593,0
364,Cyprus,2017,0,0.012408308273163093,0
365,Cyprus,2018,0,0.00042419879121643144,0
366,Cyprus,2019,0,0.00035105093443687385,0
367,Cyprus,2020,0,0.00035105093443687385,0
368,Cyprus,2021,0,0.000630744763046967,0
369,Cyprus,2022,0,0.02812747379009251,0
370,Cyprus,2023,0,0.027699042816238983,0
371,Bulgaria,2017,0,0.007313049315912269,0
372,Bulgaria,2018,0,0.009590106419347294,0
373,Bulgaria,2019,0,0.025178278929254203,0
374,Bulgaria,2020,0,0.024892875612249274,0
375,Bulgaria,2021,0,0.011361270049219063,0
376,Bulgaria,2022,0,0.058114362265178604,0
377,Bulgaria,2023,0,0.04920803613208748,0
378,Moldova,2017,0,0.02846778040871419,0
379,Moldova,2018,0,0.03170106493941358,0
380,Moldova,2019,0,0.03233132114028214,0
381,Moldova,2020,0,0.03709464894129191,0
382,Moldova,2021,0,0.02962765531298593,0
383,Moldova,2022,0,0.14376182692056988,0
384,Moldova,2023,0,0.147002017141022,0
385,Romania,2017,0,0.036032476980415076,0
386,Romania,2018,0,0.0344992613153881,0
387,Romania,2019,0,0.03308749681592712,0
388,Romania,2020,0,0.03316414202752132,0
389,Romania,2021,0,0.03129495396988296,0
390,Romania,2022,0,0.0720920252046383,0
391,Romania,2023,0,0.06349016272240265,0
392,Russia (Soviet Union),2017,1,0.7899975267447393,1
393,Russia (Soviet Union),2018,1,0.7554302501951637,1
394,Russia (Soviet Union),2019,1,0.7361701748399404,1
395,Russia (Soviet Union),2020,1,0.7574737761734691,1
396,Russia (Soviet Union),2021,0,0.7918993171769583,1
397,Russia (Soviet Union),2022,0,0.5023248448030995,1
398,Russia (Soviet Union),2023,1,0.5766982743652833,1
399,Estonia,2017,0,0.0029130828911856496,0
400,Estonia,2018,0,0.00539956693466472,0
401,Estonia,2019,0,0.007647630143369834,0
402,Estonia,2020,0,0.011348832016287594,0
403,Estonia,2021,0,0.0073209184515352415,0
404,Estonia,2022,0,0.0007375890044089271,0
405,Estonia,2023,0,0.05030907166237143,0
406,Latvia,2017,0,0.013166552892339473,0
407,Latvia,2018,0,0.006354409914403747,0
408,Latvia,2019,0,0.00559049384980907,0
409,Latvia,2020,0,0.01551575904760908,0
410,Latvia,2021,0,0.01446339152737092,0
411,Latvia,2022,0,0.02528702418205971,0
412,Latvia,2023,0,0.04539382397173788,0
413,Lithuania,2017,0,0.002445018217490782,0
414,Lithuania,2018,0,0.004176894702126913,0
415,Lithuania,2019,0,0.004552136512642506,0
416,Lithuania,2020,0,0.004265144411990279,0
417,Lithuania,2021,0,0.004265144411990279,0
418,Lithuania,2022,0,0.017407460584740807,0
419,Lithuania,2023,0,0.027876925282300576,0
420,Ukraine,2017,1,0.667736645501984,1
421,Ukraine,2018,1,0.6177291057332709,1
422,Ukraine,2019,1,0.5361915811795996,1
423,Ukraine,2020,1,0.5365035485102789,1
424,Ukraine,2021,1,0.5289798785236969,1
425,Ukraine,2022,1,0.5405508786272566,1
426,Ukraine,2023,0,0.5708924770302966,1
427,Belarus,2017,0,0.009201845375868718,0
428,Belarus,2018,0,0.005401580453561506,0
429,Belarus,2019,0,0.007688535769802132,0
430,Belarus,2020,0,0.15188927249326256,0
431,Belarus,2021,0,0.1599930323585329,0
432,Belarus,2022,0,0.17372939275543633,0
433,Belarus,2023,0,0.20191861999112098,0
434,Armenia,2017,0,0.060797012573751724,0
435,Armenia,2018,0,0.04488438908203169,0
436,Armenia,2019,0,0.03764376061329601,0
437,Armenia,2020,0,0.10140190300369353,0
438,Armenia,2021,0,0.11808991683638823,0
439,Armenia,2022,1,0.14326278193310943,0
440,Armenia,2023,0,0.3599019984534997,0
441,Georgia,2017,0,0.03416960249186146,0
442,Georgia,2018,0,0.04946671969535164,0
443,Georgia,2019,0,0.10811360339858833,0
444,Georgia,2020,0,0.04166666909643332,0
445,Georgia,2021,0,0.044679976716874056,0
446,Georgia,2022,0,0.05877153286391739,0
447,Georgia,2023,0,0.06314914062930053,0
448,Azerbaijan,2017,1,0.7220206334479792,1
449,Azerbaijan,2018,0,0.6964247261599736,1
450,Azerbaijan,2019,0,0.5036532591831604,1
451,Azerbaijan,2020,1,0.4960869772871604,0
452,Azerbaijan,2021,1,0.6290999767222645,1
453,Azerbaijan,2022,1,0.5141496323669515,1
454,Azerbaijan,2023,1,0.5455162319850568,1
455,Finland,2017,0,0.004478802062185062,0
456,Finland,2018,0,0.004478802062185062,0
457,Finland,2019,0,0.004574643011526846,0
458,Finland,2020,0,0.004574643011526846,0
459,Finland,2021,0,0.004574643011526846,0
460,Finland,2022,0,0.024057619007429244,0
461,Finland,2023,0,0.05315986859878967,0
462,Sweden,2017,0,9.90720570387083e-05,0
463,Sweden,2018,0,9.90720570387083e-05,0
464,Sweden,2019,0,0.0008019056855451206,0
465,Sweden,2020,0,9.90720570387083e-05,0
466,Sweden,2021,0,9.90720570387083e-05,0
467,Sweden,2022,0,0.02435635970893,0
468,Sweden,2023,0,0.04407169905963294,0
469,Norway,2017,0,0.004478802062185062,0
470,Norway,2018,0,0.004478802062185062,0
471,Norway,2019,0,0.004478802062185062,0
472,Norway,2020,0,0.004585292005898155,0
473,Norway,2021,0,0.004831345227347798,0
474,Norway,2022,0,0.031016958074470698,0
475,Norway,2023,0,0.047796019188395995,0
476,Denmark,2017,0,0.0,0
477,Denmark,2018,0,0.0,0
478,Denmark,2019,0,0.0,0
479,Denmark,2020,0,0.0,0
480,Denmark,2021,0,0.0,0
481,Denmark,2022,0,0.015979801368464497,0
482,Denmark,2023,0,0.015979801368464497,0
483,Iceland,2017,0,0.01680492383218026,0
484,Iceland,2018,0,0.013813780288583065,0
485,Iceland,2019,0,0.015385676183770444,0
486,Iceland,2020,0,0.019895801040174656,0
487,Iceland,2021,0,0.0036347979874620075,0
488,Iceland,2022,0,0.03259818882867811,0
489,Iceland,2023,0,0.04243566032479286,0
490,Cabo Verde,2017,0,0.003142099419236312,0
491,Cabo Verde,2018,0,0.005313598034079055,0
492,Cabo Verde,2019,0,0.0072826656228478755,0
493,Cabo Verde,2020,0,0.007087678538861713,0
494,Cabo Verde,2021,0,0.014523378639969463,0
495,Cabo Verde,2022,0,0.032809201748023396,0
496,Cabo Verde,2023,0,0.05224709765220888,0
497,Guinea-Bissau,2017,0,0.03514445769200551,0
498,Guinea-Bissau,2018,0,0.0538729639274641,0
499,Guinea-Bissau,2019,0,0.03705239402796892,0
500,Guinea-Bissau,2020,0,0.012996677840090988,0
501,Guinea-Bissau,2021,0,0.018864073625983833,0
502,Guinea-Bissau,2022,0,0.05448456201550522,0
503,Guinea-Bissau,2023,0,0.10518704551796543,0
504,Equatorial Guinea,2017,0,0.04871726957139792,0
505,Equatorial Guinea,2018,0,0.04421041197930969,0
506,Equatorial Guinea,2019,0,0.050121427869576234,0
507,Equatorial Guinea,2020,0,0.04007600366467526,0
508,Equatorial Guinea,2021,0,0.04959995824183566,0
509,Equatorial Guinea,2022,0,0.08099392335905808,0
510,Equatorial Guinea,2023,0,0.13478775103342078,0
511,Gambia,2017,0,0.04459246210482407,0
512,Gambia,2018,0,0.04033178722522677,0
513,Gambia,2019,0,0.04476088681243419,0
514,Gambia,2020,0,0.04799899673076531,0
515,Gambia,2021,0,0.04296795945016943,0
516,Gambia,2022,0,0.07329563083251066,0
517,Gambia,2023,0,0.0822214002683382,0
518,Mali,2017,1,0.7927384405729044,1
519,Mali,2018,1,0.823198507438317,1
520,Mali,2019,1,0.8373655693897245,1
521,Mali,2020,1,0.8241328940737571,1
522,Mali,2021,1,0.7750814715416745,1
523,Mali,2022,1,0.7664948923673041,1
524,Mali,2023,1,0.7555615335159236,1
525,Senegal,2017,0,0.030501061726186298,0
526,Senegal,2018,0,0.024293636214572874,0
527,Senegal,2019,0,0.031482042662763,0
528,Senegal,2020,0,0.039520605505517226,0
529,Senegal,2021,0,0.05751560091924071,0
530,Senegal,2022,0,0.10877195889679724,0
531,Senegal,2023,0,0.11331065167845367,0
532,Benin,2017,0,0.056100267026278475,0
533,Benin,2018,0,0.055683266778809165,0
534,Benin,2019,0,0.043707061009815126,0
535,Benin,2020,0,0.045525276861905745,0
536,Benin,2021,0,0.07751405096316948,0
537,Benin,2022,1,0.08829632863109646,0
538,Benin,2023,1,0.29580608086561494,0
539,Mauritania,2017,0,0.07927586491383637,0
540,Mauritania,2018,0,0.07293621045460069,0
541,Mauritania,2019,0,0.0732208233800467,0
542,Mauritania,2020,0,0.08911045404215096,0
543,Mauritania,2021,0,0.07869712847071732,0
544,Mauritania,2022,0,0.10576118611059296,0
545,Mauritania,2023,0,0.12597546798802517,0
546,Niger,2017,1,0.6073964759358275,1
547,Niger,2018,1,0.7108228791453839,1
548,Niger,2019,1,0.6782904978735507,1
549,Niger,2020,1,0.7063390939974508,1
550,Niger,2021,1,0.6213892453141854,1
551,Niger,2022,1,0.5885350281404585,1
552,Niger,2023,1,0.6754576264472824,1
553,Ivory Coast,2017,0,0.1306096677300503,0
554,Ivory Coast,2018,0,0.09048574499925097,0
555,Ivory Coast,2019,0,0.1565240724802628,0
556,Ivory Coast,2020,0,0.27817749733312175,0
557,Ivory Coast,2021,0,0.0923294005374541,0
558,Ivory Coast,2022,0,0.11627761484455196,0
559,Ivory Coast,2023,0,0.14666567212504392,0
560,Guinea,2017,0,0.022232544705078877,0
561,Guinea,2018,0,0.016935386657419053,0
562,Guinea,2019,0,0.024178277458154332,0
563,Guinea,2020,0,0.06020359019015783,0
564,Guinea,2021,0,0.09894144569225324,0
565,Guinea,2022,0,0.09576729619918163,0
566,Guinea,2023,0,0.0983148071740812,0
567,Burkina Faso,2017,0,0.1407268845497492,0
568,Burkina Faso,2018,1,0.236431885855322,0
569,Burkina Faso,2019,1,0.4643165278365,0
570,Burkina Faso,2020,1,0.49064685471452535,0
571,Burkina Faso,2021,1,0.5183338108369908,1
572,Burkina Faso,2022,1,0.5354029760685766,1
573,Burkina Faso,2023,1,0.5286806417034312,1
574,Liberia,2017,0,0.07253668092763049,0
575,Liberia,2018,0,0.0766556492454015,0
576,Liberia,2019,0,0.11630321323486932,0
577,Liberia,2020,0,0.11530862447228335,0
578,Liberia,2021,0,0.09084091187632432,0
579,Liberia,2022,0,0.14370641394648903,0
580,Liberia,2023,0,0.20101431587170634,0
581,Sierra Leone,2017,0,0.030611687546175513,0
582,Sierra Leone,2018,0,0.02727199152606568,0
583,Sierra Leone,2019,0,0.04431244471034767,0
584,Sierra Leone,2020,0,0.05168651877804322,0
585,Sierra Leone,2021,0,0.05022278610902703,0
586,Sierra Leone,2022,0,0.07155627657552571,0
587,Sierra Leone,2023,0,0.058954113958244604,0
588,Ghana,2017,0,0.003822570567605864,0
589,Ghana,2018,0,0.005544808554356699,0
590,Ghana,2019,0,0.02775531383352307,0
591,Ghana,2020,0,0.024947511169706907,0
592,Ghana,2021,0,0.02617182800283946,0
593,Ghana,2022,0,0.051826913455579396,0
594,Ghana,2023,0,0.04450838131639512,0
595,Togo,2017,0,0.041424662071431584,0
596,Togo,2018,0,0.049913224640973294,0
597,Togo,2019,0,0.1357173665989653,0
598,Togo,2020,0,0.12768605413461628,0
599,Togo,2021,0,0.08569262265704115,0
600,Togo,2022,1,0.1710460591387994,0
601,Togo,2023,1,0.4389698339940802,0
602,Cameroon,2017,1,0.6223442465985829,1
603,Cameroon,2018,1,0.6091564632594917,1
604,Cameroon,2019,1,0.5533736489905299,1
605,Cameroon,2020,1,0.5388363296483982,1
606,Cameroon,2021,1,0.5169301756284443,1
607,Cameroon,2022,1,0.5344755312287567,1
608,Cameroon,2023,1,0.5224049010675922,1
609,Nigeria,2017,1,0.7941431515003651,1
610,Nigeria,2018,1,0.8182102612170901,1
611,Nigeria,2019,1,0.7793063801575884,1
612,Nigeria,2020,1,0.7873442986861456,1
613,Nigeria,2021,1,0.6974587166724333,1
614,Nigeria,2022,1,0.6609481239526531,1
615,Nigeria,2023,1,0.6571490251766383,1
616,Gabon,2017,0,0.04638821503444103,0
617,Gabon,2018,0,0.02868954089708784,0
618,Gabon,2019,0,0.03662520014522286,0
619,Gabon,2020,0,0.039181646336417915,0
620,Gabon,2021,0,0.031520189720604753,0
621,Gabon,2022,0,0.052521113267478645,0
622,Gabon,2023,0,0.10091790974014672,0
623,Central African Republic,2017,1,0.6929116550139588,1
624,Central African Republic,2018,1,0.737679096836476,1
625,Central African Republic,2019,1,0.7691242310741208,1
626,Central African Republic,2020,1,0.76724051864247,1
627,Central African Republic,2021,1,0.7183309520184872,1
628,Central African Republic,2022,1,0.7378445161837399,1
629,Central African Republic,2023,1,0.7366855186060196,1
630,Chad,2017,1,0.4299019543085375,0
631,Chad,2018,1,0.5297565010016481,1
632,Chad,2019,1,0.5272395691705544,1
633,Chad,2020,1,0.5548279042886967,1
634,Chad,2021,1,0.5719154772395175,1
635,Chad,2022,1,0.6469645435703275,1
636,Chad,2023,1,0.6596441545391352,1
637,Congo,2017,0,0.39016751436452096,0
638,Congo,2018,0,0.211119125458802,0
639,Congo,2019,0,0.16115425792797095,0
640,Congo,2020,0,0.12727861789634676,0
641,Congo,2021,0,0.19439113776492298,0
642,Congo,2022,0,0.1860333142284858,0
643,Congo,2023,0,0.191767904725511,0
644,DR Congo (Zaire),2017,1,0.8963255467188487,1
645,DR Congo (Zaire),2018,1,0.9179905252399496,1
646,DR Congo (Zaire),2019,1,0.811083432423107,1
647,DR Congo (Zaire),2020,1,0.8859586161138898,1
648,DR Congo (Zaire),2021,1,0.8286465684323336,1
649,DR Congo (Zaire),2022,1,0.8349570115539222,1
650,DR Congo (Zaire),2023,1,0.8753741882509603,1
651,Uganda,2017,0,0.05474038393379765,0
652,Uganda,2018,0,0.05996315873957531,0
653,Uganda,2019,0,0.0590630153442621,0
654,Uganda,2020,0,0.12070549379785132,0
655,Uganda,2021,0,0.16798563515349163,0
656,Uganda,2022,0,0.09602857342302408,0
657,Uganda,2023,0,0.11028246575527481,0
658,Kenya,2017,1,0.7605147979728428,1
659,Kenya,2018,1,0.7403557758176516,1
660,Kenya,2019,1,0.745582900555954,1
661,Kenya,2020,1,0.7263550180840745,1
662,Kenya,2021,1,0.7664723432913008,1
663,Kenya,2022,1,0.6595597048203987,1
664,Kenya,2023,1,0.5998615067331917,1
665,Tanzania,2017,0,0.09972081922956709,0
666,Tanzania,2018,0,0.1156759244384535,0
667,Tanzania,2019,0,0.18976832715455438,0
668,Tanzania,2020,0,0.15840594793279153,0
669,Tanzania,2021,0,0.15695002705071895,0
670,Tanzania,2022,0,0.22165151500021207,0
671,Tanzania,2023,0,0.21570563410807087,0
672,Burundi,2017,0,0.5326172262339254,1
673,Burundi,2018,0,0.2975362287937804,0
674,Burundi,2019,0,0.3289838051894649,0
675,Burundi,2020,1,0.42879910547649003,0
676,Burundi,2021,0,0.4805406491538263,0
677,Burundi,2022,0,0.3055871282759717,0
678,Burundi,2023,1,0.24842885085720218,0
679,Rwanda,2017,0,0.06366427703405887,0
680,Rwanda,2018,0,0.06642543686536151,0
681,Rwanda,2019,0,0.07821564397141037,0
682,Rwanda,2020,0,0.08204992415688199,0
683,Rwanda,2021,0,0.08283955676715712,0
684,Rwanda,2022,0,0.15026489432180373,0
685,Rwanda,2023,0,0.147748045867342,0
686,Somalia,2017,1,0.8378703409151727,1
687,Somalia,2018,1,0.8590775848622408,1
688,Somalia,2019,1,0.862003762735978,1
689,Somalia,2020,1,0.862613813995155,1
690,Somalia,2021,1,0.816265708810668,1
691,Somalia,2022,1,0.7950485660922983,1
692,Somalia,2023,1,0.7791339267992146,1
693,Djibouti,2017,0,0.05659822038824633,0
694,Djibouti,2018,0,0.031739342510885,0
695,Djibouti,2019,0,0.036985530694768114,0
696,Djibouti,2020,0,0.030126143914342984,0
697,Djibouti,2021,0,0.061491374856103474,0
698,Djibouti,2022,0,0.09591086393277086,0
699,Djibouti,2023,0,0.11173888097429113,0
700,Ethiopia,2017,0,0.8638984389708635,1
701,Ethiopia,2018,0,0.5912912940716921,1
702,Ethiopia,2019,1,0.5978843490648982,1
703,Ethiopia,2020,1,0.7860331464900379,1
704,Ethiopia,2021,1,0.8151513150508358,1
705,Ethiopia,2022,1,0.8586058188759795,1
706,Ethiopia,2023,1,0.8401190064860606,1
707,Eritrea,2017,0,0.038560252058583676,0
708,Eritrea,2018,0,0.04700938399963642,0
709,Eritrea,2019,0,0.04717838646609758,0
710,Eritrea,2020,0,0.1821989159180777,0
711,Eritrea,2021,0,0.1702676621263827,0
712,Eritrea,2022,0,0.10705391553623947,0
713,Eritrea,2023,0,0.13855564026102693,0
714,Angola,2017,0,0.030780611322685,0
715,Angola,2018,0,0.020871042891958704,0
716,Angola,2019,0,0.08992681659148186,0
717,Angola,2020,0,0.005692618437830039,0
718,Angola,2021,0,0.006620022955026765,0
719,Angola,2022,0,0.04788817183205476,0
720,Angola,2023,0,0.06713578020818875,0
721,Mozambique,2017,0,0.45000249628962197,0
722,Mozambique,2018,1,0.28419414501889445,0
723,Mozambique,2019,1,0.3817368832931238,0
724,Mozambique,2020,1,0.43307944545153404,0
725,Mozambique,2021,1,0.44319151866734896,0
726,Mozambique,2022,1,0.4608520860877565,0
727,Mozambique,2023,1,0.4883004413750081,0
728,Zambia,2017,0,0.025968484039141017,0
729,Zambia,2018,0,0.033032984163526104,0
730,Zambia,2019,0,0.0344950760214545,0
731,Zambia,2020,0,0.06954852949083329,0
732,Zambia,2021,0,0.07436822467983951,0
733,Zambia,2022,0,0.06782656579788716,0
734,Zambia,2023,0,0.10258693028414989,0
735,Zimbabwe,2017,0,0.03758148917634209,0
736,Zimbabwe,2018,0,0.03477144210062999,0
737,Zimbabwe,2019,0,0.10807740137482288,0
738,Zimbabwe,2020,0,0.15143133175628715,0
739,Zimbabwe,2021,0,0.12055418893134809,0
740,Zimbabwe,2022,0,0.11874892122972759,0
741,Zimbabwe,2023,0,0.10406130362753417,0
742,Malawi,2017,0,0.07543868222729566,0
743,Malawi,2018,0,0.04742572550610857,0
744,Malawi,2019,0,0.05320403390442927,0
745,Malawi,2020,0,0.07102447432248889,0
746,Malawi,2021,0,0.08915410289555972,0
747,Malawi,2022,0,0.10919717145490651,0
748,Malawi,2023,0,0.09023023551837109,0
749,South Africa,2017,0,0.0407898670677131,0
750,South Africa,2018,0,0.029835847015233622,0
751,South Africa,2019,0,0.036692710903281106,0
752,South Africa,2020,0,0.04770233163133797,0
753,South Africa,2021,0,0.21342404595820236,0
754,South Africa,2022,0,0.239657537432685,0
755,South Africa,2023,0,0.2613235992805898,0
756,Namibia,2017,0,0.00986417497858493,0
757,Namibia,2018,0,0.011899535216913337,0
758,Namibia,2019,0,0.014726445261643979,0
759,Namibia,2020,0,0.015018653444145894,0
760,Namibia,2021,0,0.023597916320680975,0
761,Namibia,2022,0,0.05883784906796167,0
762,Namibia,2023,0,0.07532654781430051,0
763,Lesotho,2017,0,0.04538688880106558,0
764,Lesotho,2018,0,0.04710118938624777,0
765,Lesotho,2019,0,0.03418764533823601,0
766,Lesotho,2020,0,0.04582613675281562,0
767,Lesotho,2021,0,0.031715901022865534,0
768,Lesotho,2022,0,0.06681564435760534,0
769,Lesotho,2023,0,0.07197276026759558,0
770,Botswana,2017,0,0.01726084471589324,0
771,Botswana,2018,0,0.009008409499048442,0
772,Botswana,2019,0,0.010324446598148256,0
773,Botswana,2020,0,0.00966951419208678,0
774,Botswana,2021,0,0.012088895313358612,0
775,Botswana,2022,0,0.030144077169153405,0
776,Botswana,2023,0,0.05487092221827301,0
777,eSwatini,2017,0,0.013385440209220459,0
778,eSwatini,2018,0,0.004565207481575637,0
779,eSwatini,2019,0,0.008330025375781617,0
780,eSwatini,2020,0,0.015528558885345977,0
781,eSwatini,2021,0,0.011240436531859488,0
782,eSwatini,2022,0,0.038368131146631165,0
783,eSwatini,2023,0,0.046136905719526895,0
784,Madagascar,2017,0,0.010626676819411266,0
785,Madagascar,2018,0,0.009732719219226098,0
786,Madagascar,2019,0,0.02070521793359826,0
787,Madagascar,2020,0,0.014613661027415134,0
788,Madagascar,2021,0,0.017946845647359218,0
789,Madagascar,2022,0,0.06601559786252423,0
790,Madagascar,2023,0,0.04881994651619475,0
791,Comoros,2017,0,0.012202067854267548,0
792,Comoros,2018,0,0.007514745522683388,0
793,Comoros,2019,0,0.015538408201138174,0
794,Comoros,2020,0,0.013603235315484175,0
795,Comoros,2021,0,0.01843359678298888,0
796,Comoros,2022,0,0.06750690357381448,0
797,Comoros,2023,0,0.05411571838103371,0
798,Mauritius,2017,0,0.01949354866988288,0
799,Mauritius,2018,0,0.00995763410403527,0
800,Mauritius,2019,0,0.009512630247915736,0
801,Mauritius,2020,0,0.012271697539363753,0
802,Mauritius,2021,0,0.012569439721577548,0
803,Mauritius,2022,0,0.01834445519601704,0
804,Mauritius,2023,0,0.01771516184545389,0
805,Morocco,2017,0,0.05028988298860751,0
806,Morocco,2018,0,0.0668745424035782,0
807,Morocco,2019,0,0.06315090151310813,0
808,Morocco,2020,0,0.04709241796934892,0
809,Morocco,2021,0,0.07867109857485498,0
810,Morocco,2022,0,0.0639703645378028,0
811,Morocco,2023,0,0.10227741476667172,0
812,Algeria,2017,1,0.7767307451004842,1
813,Algeria,2018,1,0.6968118176258874,1
814,Algeria,2019,0,0.7429301414481706,1
815,Algeria,2020,1,0.5681667473289805,1
816,Algeria,2021,0,0.7510607912903278,1
817,Algeria,2022,0,0.5354095827593913,1
818,Algeria,2023,0,0.47582240462421616,0
819,Tunisia,2017,0,0.7245400170011264,1
820,Tunisia,2018,0,0.5110779226204893,1
821,Tunisia,2019,0,0.44291490626597774,0
822,Tunisia,2020,0,0.3605128068896203,0
823,Tunisia,2021,0,0.408826131238168,0
824,Tunisia,2022,0,0.3046474312196569,0
825,Tunisia,2023,0,0.2710857958380658,0
826,Libya,2017,1,0.8120002476875253,1
827,Libya,2018,1,0.7652864030564742,1
828,Libya,2019,1,0.7845723557699082,1
829,Libya,2020,1,0.7548392391756178,1
830,Libya,2021,0,0.7492370359849144,1
831,Libya,2022,0,0.5469439308914248,1
832,Libya,2023,0,0.5175157482066854,1
833,Sudan,2017,1,0.8885079312438235,1
834,Sudan,2018,1,0.8874441571224102,1
835,Sudan,2019,0,0.8916108522774493,1
836,Sudan,2020,1,0.704595648095929,1
837,Sudan,2021,1,0.8629402506816596,1
838,Sudan,2022,1,0.8907075851061166,1
839,Sudan,2023,1,0.8783104461266839,1
840,South Sudan,2017,1,0.7962013345338226,1
841,South Sudan,2018,1,0.7918199669592347,1
842,South Sudan,2019,1,0.6930501610084592,1
843,South Sudan,2020,1,0.6759454323977316,1
844,South Sudan,2021,1,0.619466750579931,1
845,South Sudan,2022,0,0.60129838021752,1
846,South Sudan,2023,0,0.5891250966694004,1
847,Iran,2017,1,0.6236978919252798,1
848,Iran,2018,1,0.6909693914893955,1
849,Iran,2019,1,0.7425253877548498,1
850,Iran,2020,1,0.7218691161218997,1
851,Iran,2021,1,0.6510865003996975,1
852,Iran,2022,1,0.6795290948382823,1
853,Iran,2023,1,0.7697440752624614,1
854,Turkey,2017,1,0.8294459583093289,1
855,Turkey,2018,1,0.723606132287505,1
856,Turkey,2019,1,0.7735708743231301,1
857,Turkey,2020,1,0.7522327814354732,1
858,Turkey,2021,1,0.7521735439024597,1
859,Turkey,2022,1,0.7483875859631403,1
860,Turkey,2023,1,0.7533638385639811,1
861,Iraq,2017,1,0.9391450941251834,1
862,Iraq,2018,1,0.8893671055627161,1
863,Iraq,2019,1,0.9152838969978898,1
864,Iraq,2020,1,0.9126407597846533,1
865,Iraq,2021,1,0.9095020823698556,1
866,Iraq,2022,1,0.8952727530772586,1
867,Iraq,2023,1,0.875648290940714,1
868,Egypt,2017,1,0.6662499182326753,1
869,Egypt,2018,1,0.6876547005134324,1
870,Egypt,2019,1,0.6435705708320107,1
871,Egypt,2020,1,0.6421676452522282,1
872,Egypt,2021,1,0.625478228861228,1
873,Egypt,2022,1,0.5773290104053002,1
874,Egypt,2023,0,0.5529107120074591,1
875,Syria,2017,1,0.7586517207487953,1
876,Syria,2018,1,0.7464750767551571,1
877,Syria,2019,1,0.7455447245360276,1
878,Syria,2020,1,0.752021853378229,1
879,Syria,2021,1,0.7464198877498371,1
880,Syria,2022,1,0.7149644799436636,1
881,Syria,2023,1,0.6747316872446737,1
882,Lebanon,2017,1,0.32769718609254894,0
883,Lebanon,2018,0,0.5739244835100109,1
884,Lebanon,2019,0,0.4259526110903773,0
885,Lebanon,2020,0,0.37577306618309914,0
886,Lebanon,2021,0,0.3803979826291443,0
887,Lebanon,2022,0,0.3600823688297654,0
888,Lebanon,2023,1,0.36915806952523866,0
889,Jordan,2017,0,0.32952552866097784,0
890,Jordan,2018,0,0.16632419534067147,0
891,Jordan,2019,0,0.11572288102531525,0
892,Jordan,2020,0,0.11215713710168462,0
893,Jordan,2021,0,0.11390584584141834,0
894,Jordan,2022,0,0.13116150239977525,0
895,Jordan,2023,0,0.14022596885100647,0
896,Israel,2017,0,0.3108616545526727,0
897,Israel,2018,1,0.37122687266752596,0
898,Israel,2019,1,0.5041720892501026,1
899,Israel,2020,0,0.5340082254930972,1
900,Israel,2021,1,0.4289129076757088,0
901,Israel,2022,1,0.6392591326264735,1
902,Israel,2023,1,0.6407500728916424,1
903,Saudi Arabia,2017,1,0.6165337133290928,1
904,Saudi Arabia,2018,0,0.5936352114598282,1
905,Saudi Arabia,2019,0,0.38721325799121287,0
906,Saudi Arabia,2020,0,0.3478121634667378,0
907,Saudi Arabia,2021,0,0.3366463516035186,0
908,Saudi Arabia,2022,0,0.24261192137452517,0
909,Saudi Arabia,2023,0,0.2382191664929479,0
910,Yemen (North Yemen),2017,1,0.8366420984200224,1
911,Yemen (North Yemen),2018,1,0.7790274424482365,1
912,Yemen (North Yemen),2019,1,0.784068601981792,1
913,Yemen (North Yemen),2020,1,0.7585858333672537,1
914,Yemen (North Yemen),2021,1,0.7323639073525567,1
915,Yemen (North Yemen),2022,1,0.7308848023475012,1
916,Yemen (North Yemen),2023,1,0.7090935095005529,1
917,Kuwait,2017,0,0.0423402947565185,0
918,Kuwait,2018,0,0.039761974022385786,0
919,Kuwait,2019,0,0.0324624058195983,0
920,Kuwait,2020,0,0.03190335892684569,0
921,Kuwait,2021,0,0.030938468850068776,0
922,Kuwait,2022,0,0.053849915841295906,0
923,Kuwait,2023,0,0.05317510095505072,0
924,Bahrain,2017,0,0.053325281889345426,0
925,Bahrain,2018,0,0.07361921527737075,0
926,Bahrain,2019,0,0.08503323846766164,0
927,Bahrain,2020,0,0.07580977290282609,0
928,Bahrain,2021,0,0.069893888774474,0
929,Bahrain,2022,0,0.05714653326657927,0
930,Bahrain,2023,0,0.05961181003819442,0
931,Qatar,2017,0,0.006442293688149142,0
932,Qatar,2018,0,0.019027664622552645,0
933,Qatar,2019,0,0.0003405666866656412,0
934,Qatar,2020,0,0.0010785650992685212,0
935,Qatar,2021,0,0.0011440388701782966,0
936,Qatar,2022,0,0.022454228985606985,0
937,Qatar,2023,0,0.02274029969803625,0
938,United Arab Emirates,2017,0,0.0069547613228562385,0
939,United Arab Emirates,2018,0,0.008160160486605604,0
940,United Arab Emirates,2019,0,0.0013533731992021007,0
941,United Arab Emirates,2020,0,0.0014492141485438841,0
942,United Arab Emirates,2021,0,0.00578620726687336,0
943,United Arab Emirates,2022,0,0.02540570566823453,0
944,United Arab Emirates,2023,0,0.025474163489192944,0
945,Oman,2017,0,0.02341455376878993,0
946,Oman,2018,0,0.023773957328821618,0
947,Oman,2019,0,0.023063707436378044,0
948,Oman,2020,0,0.02423034280187773,0
949,Oman,2021,0,0.023518951945751515,0
950,Oman,2022,0,0.04346058242684479,0
951,Oman,2023,0,0.04346058242684479,0
952,Afghanistan,2017,1,0.9561836667312056,1
953,Afghanistan,2018,1,0.9297068662434264,1
954,Afghanistan,2019,1,0.9483022403238712,1
955,Afghanistan,2020,1,0.9167974929329226,1
956,Afghanistan,2021,1,0.9259423687198858,1
957,Afghanistan,2022,1,0.8625354206457565,1
958,Afghanistan,2023,1,0.928658048795641,1
959,Turkmenistan,2017,0,0.032322464192670174,0
960,Turkmenistan,2018,0,0.048508105980656475,0
961,Turkmenistan,2019,0,0.071165876293659,0
962,Turkmenistan,2020,0,0.08175353160767397,0
963,Turkmenistan,2021,0,0.08828959179047993,0
964,Turkmenistan,2022,0,0.10771322029158838,0
965,Turkmenistan,2023,0,0.1123877600385187,0
966,Tajikistan,2017,0,0.0831164087058498,0
967,Tajikistan,2018,0,0.10761043833273498,0
968,Tajikistan,2019,0,0.12540031622522113,0
969,Tajikistan,2020,0,0.17028553452406905,0
970,Tajikistan,2021,0,0.16076615372271635,0
971,Tajikistan,2022,0,0.21134663144663812,0
972,Tajikistan,2023,0,0.24799694178410062,0
973,Kyrgyzstan,2017,0,0.03623373483832544,0
974,Kyrgyzstan,2018,0,0.0634301453251907,0
975,Kyrgyzstan,2019,0,0.04753928861920343,0
976,Kyrgyzstan,2020,0,0.0720802447618718,0
977,Kyrgyzstan,2021,0,0.08674838872770488,0
978,Kyrgyzstan,2022,0,0.1305707470833657,0
979,Kyrgyzstan,2023,0,0.19264563199794088,0
980,Uzbekistan,2017,0,0.02539477204290109,0
981,Uzbekistan,2018,0,0.03031596953101221,0
982,Uzbekistan,2019,0,0.04955783001567921,0
983,Uzbekistan,2020,0,0.04791275736359732,0
984,Uzbekistan,2021,0,0.0671268384988629,0
985,Uzbekistan,2022,0,0.07125930023477108,0
986,Uzbekistan,2023,0,0.0743854990038994,0
987,Kazakhstan,2017,0,0.040849468093342466,0
988,Kazakhstan,2018,0,0.0289943937862276,0
989,Kazakhstan,2019,0,0.02376350792674254,0
990,Kazakhstan,2020,0,0.025135877951535705,0
991,Kazakhstan,2021,0,0.02636036130429651,0
992,Kazakhstan,2022,0,0.06810231009504956,0
993,Kazakhstan,2023,0,0.05823865977362396,0
994,China,2017,0,0.09444339691226791,0
995,China,2018,0,0.08311920149820282,0
996,China,2019,0,0.08434603214751706,0
997,China,2020,0,0.11689859518192708,0
998,China,2021,0,0.16837381804156965,0
999,China,2022,0,0.14624087608796765,0
1000,China,2023,0,0.2021728727638179,0
1001,Mongolia,2017,0,0.04803344676264163,0
1002,Mongolia,2018,0,0.050127985075955374,0
1003,Mongolia,2019,0,0.07167748079993715,0
1004,Mongolia,2020,0,0.07017919609063286,0
1005,Mongolia,2021,0,0.08408225491763012,0
1006,Mongolia,2022,0,0.11493302383929277,0
1007,Mongolia,2023,0,0.10520975388207349,0
1008,South Korea,2017,0,0.016563258189889032,0
1009,South Korea,2018,0,0.040234224990882556,0
1010,South Korea,2019,0,0.024648445308932693,0
1011,South Korea,2020,0,0.029991658939773132,0
1012,South Korea,2021,0,0.017086370277699936,0
1013,South Korea,2022,0,0.0143348291074572,0
1014,South Korea,2023,0,0.014430436428888737,0
1015,Japan,2017,0,0.0017945672383385756,0
1016,Japan,2018,0,0.0017945672383385756,0
1017,Japan,2019,0,0.0022452040546621518,0
1018,Japan,2020,0,0.005899922282286395,0
1019,Japan,2021,0,0.011110882229100108,0
1020,Japan,2022,0,0.05054156093050601,0
1021,Japan,2023,0,0.05054156093050601,0
1022,India,2017,1,0.8607539853068057,1
1023,India,2018,1,0.9012217490710812,1
1024,India,2019,1,0.8139071406146361,1
1025,India,2020,1,0.8472024347092815,1
1026,India,2021,1,0.7668469616940882,1
1027,India,2022,1,0.8025808936236747,1
1028,India,2023,1,0.7766764608609198,1
1029,Bhutan,2017,0,0.027971947914279115,0
1030,Bhutan,2018,0,0.03700360719771642,0
1031,Bhutan,2019,0,0.04597896883856367,0
1032,Bhutan,2020,0,0.0366521563217803,0
1033,Bhutan,2021,0,0.03744009794468469,0
1034,Bhutan,2022,0,0.03097976709696288,0
1035,Bhutan,2023,0,0.039498263895965474,0
1036,Pakistan,2017,1,0.90906681617416,1
1037,Pakistan,2018,1,0.8662350354323893,1
1038,Pakistan,2019,1,0.8989685415050759,1
1039,Pakistan,2020,1,0.8981490421345848,1
1040,Pakistan,2021,1,0.8976495086610843,1
1041,Pakistan,2022,1,0.9073911169677715,1
1042,Pakistan,2023,1,0.901921371494379,1
1043,Bangladesh,2017,1,0.4621092250212243,0
1044,Bangladesh,2018,0,0.3944453226453033,0
1045,Bangladesh,2019,0,0.1945798383576123,0
1046,Bangladesh,2020,0,0.22180688967907863,0
1047,Bangladesh,2021,0,0.31690374961473466,0
1048,Bangladesh,2022,0,0.30757345901423266,0
1049,Bangladesh,2023,0,0.2652362577226564,0
1050,Myanmar (Burma),2017,1,0.8577617171695416,1
1051,Myanmar (Burma),2018,1,0.8578123084646179,1
1052,Myanmar (Burma),2019,1,0.7905829761919578,1
1053,Myanmar (Burma),2020,1,0.8172407371453662,1
1054,Myanmar (Burma),2021,1,0.889107959000742,1
1055,Myanmar (Burma),2022,1,0.8975231710719955,1
1056,Myanmar (Burma),2023,1,0.9009540539350382,1
1057,Sri Lanka,2017,0,0.08291231694992862,0
1058,Sri Lanka,2018,0,0.11510198487060758,0
1059,Sri Lanka,2019,0,0.11652900972291717,0
1060,Sri Lanka,2020,0,0.12827776432325372,0
1061,Sri Lanka,2021,0,0.14304018472485014,0
1062,Sri Lanka,2022,0,0.29024113157977344,0
1063,Sri Lanka,2023,0,0.21233686141471927,0
1064,Maldives,2017,0,0.002875809886225766,0
1065,Maldives,2018,0,0.004815135160319513,0
1066,Maldives,2019,0,0.004341824503659667,0
1067,Maldives,2020,0,0.015112180678928576,0
1068,Maldives,2021,0,0.012067974655369136,0
1069,Maldives,2022,0,0.057952485600234284,0
1070,Maldives,2023,0,0.0519986333369974,0
1071,Nepal,2017,0,0.09412555564749998,0
1072,Nepal,2018,0,0.10579768501668835,0
1073,Nepal,2019,0,0.11241001187662021,0
1074,Nepal,2020,0,0.10998964683944908,0
1075,Nepal,2021,0,0.11171514056001498,0
1076,Nepal,2022,0,0.15395552687531924,0
1077,Nepal,2023,0,0.15503693364146964,0
1078,Thailand,2017,1,0.7676681258201099,1
1079,Thailand,2018,1,0.7940045379682888,1
1080,Thailand,2019,1,0.7300875399304463,1
1081,Thailand,2020,1,0.7201485207713261,1
1082,Thailand,2021,1,0.704619231948499,1
1083,Thailand,2022,1,0.6116108810966817,1
1084,Thailand,2023,1,0.603581140423691,1
1085,Cambodia (Kampuchea),2017,0,0.022696452271624014,0
1086,Cambodia (Kampuchea),2018,0,0.04808746291331875,0
1087,Cambodia (Kampuchea),2019,0,0.05001177986852545,0
1088,Cambodia (Kampuchea),2020,0,0.1467665360638671,0
1089,Cambodia (Kampuchea),2021,0,0.17379516927214245,0
1090,Cambodia (Kampuchea),2022,0,0.195983569290646,0
1091,Cambodia (Kampuchea),2023,0,0.16501693483687754,0
1092,Laos,2017,0,0.02269098736991828,0
1093,Laos,2018,0,0.029122848902019896,0
1094,Laos,2019,0,0.03503393135533308,0
1095,Laos,2020,0,0.03173263925221517,0
1096,Laos,2021,0,0.034305688580465094,0
1097,Laos,2022,0,0.055182297099878604,0
1098,Laos,2023,0,0.06473938087429404,0
1099,Vietnam,2017,0,0.007643130173316846,0
1100,Vietnam,2018,0,0.014644639916345494,0
1101,Vietnam,2019,0,0.024864092116949243,0
1102,Vietnam,2020,0,0.017390283760915157,0
1103,Vietnam,2021,0,0.03291621909750196,0
1104,Vietnam,2022,0,0.04051605267999632,0
1105,Vietnam,2023,0,0.05040550495994987,0
1106,Malaysia,2017,0,0.09865530741045685,0
1107,Malaysia,2018,0,0.12360583863442709,0
1108,Malaysia,2019,0,0.13671005710797177,0
1109,Malaysia,2020,0,0.11517509114376198,0
1110,Malaysia,2021,0,0.10455218522136311,0
1111,Malaysia,2022,0,0.09619024908553189,0
1112,Malaysia,2023,0,0.11732871012393677,0
1113,Singapore,2017,0,0.035269440333554614,0
1114,Singapore,2018,0,0.0363396642678712,0
1115,Singapore,2019,0,0.03866456793186454,0
1116,Singapore,2020,0,0.03837813254336738,0
1117,Singapore,2021,0,0.03865998211825217,0
1118,Singapore,2022,0,0.06621921000770598,0
1119,Singapore,2023,0,0.06524235493475211,0
1120,Philippines,2017,1,0.88983600267883,1
1121,Philippines,2018,1,0.876945834878998,1
1122,Philippines,2019,1,0.8209524879827044,1
1123,Philippines,2020,1,0.7428357085804167,1
1124,Philippines,2021,1,0.84568499634247,1
1125,Philippines,2022,1,0.7081771281673231,1
1126,Philippines,2023,1,0.6798166621464996,1
1127,Indonesia,2017,0,0.12111272420179309,0
1128,Indonesia,2018,0,0.1127406083193659,0
1129,Indonesia,2019,0,0.11230926940179341,0
1130,Indonesia,2020,0,0.08493338292301732,0
1131,Indonesia,2021,1,0.1878484068229977,0
1132,Indonesia,2022,1,0.33070347287443524,0
1133,Indonesia,2023,1,0.25787487175454815,0
1134,East Timor,2017,0,0.07742898317342838,0
1135,East Timor,2018,0,0.10491675889736059,0
1136,East Timor,2019,0,0.15656630002106592,0
1137,East Timor,2020,0,0.1517368972966236,0
1138,East Timor,2021,0,0.1511272807386203,0
1139,East Timor,2022,0,0.17203481634210432,0
1140,East Timor,2023,0,0.15494520477023585,0
1141,Australia,2017,0,0.0,0
1142,Australia,2018,0,0.0,0
1143,Australia,2019,0,0.0,0
1144,Australia,2020,0,0.0,0
1145,Australia,2021,0,0.0,0
1146,Australia,2022,0,0.043178471329921385,0
1147,Australia,2023,0,0.06480097006399375,0
1148,Papua New Guinea,2017,0,0.045170598167016816,0
1149,Papua New Guinea,2018,0,0.0429561784658541,0
1150,Papua New Guinea,2019,0,0.0571910883860038,0
1151,Papua New Guinea,2020,0,0.04805744249356362,0
1152,Papua New Guinea,2021,0,0.050083454678835286,0
1153,Papua New Guinea,2022,0,0.08115177246033357,0
1154,Papua New Guinea,2023,0,0.10300855154799479,0
1155,New Zealand,2017,0,0.08426782624952113,0
1156,New Zealand,2018,0,0.08065921743125776,0
1157,New Zealand,2019,0,0.0015772288571325168,0
1158,New Zealand,2020,0,0.0015772288571325168,0
1159,New Zealand,2021,0,0.0015772288571325168,0
1160,New Zealand,2022,0,0.009463364597413697,0
1161,New Zealand,2023,0,0.039794655906187464,0
1162,Solomon Islands,2017,0,0.007156012901797983,0
1163,Solomon Islands,2018,0,0.005254616942151418,0
1164,Solomon Islands,2019,0,0.014361024604467448,0
1165,Solomon Islands,2020,0,0.012980986142030184,0
1166,Solomon Islands,2021,0,0.011372661421316956,0
1167,Solomon Islands,2022,0,0.012189119697541002,0
1168,Solomon Islands,2023,0,0.03270728392248502,0
1169,Fiji,2017,0,0.001903218414437521,0
1170,Fiji,2018,0,0.004678940736177481,0
1171,Fiji,2019,0,0.003969643424758581,0
1172,Fiji,2020,0,0.0039456831874231345,0
1173,Fiji,2021,0,0.0025781160616946104,0
1174,Fiji,2022,0,0.037243764544099625,0
1175,Fiji,2023,0,0.05628474576564141,0
