,country,year,d_protest,preds_proba,preds
0,Afghanistan,2017,1,0.5111896608475733,1
1,Afghanistan,2018,1,0.5403046870136067,1
2,Afghanistan,2019,1,0.566759042429679,1
3,Afghanistan,2020,1,0.554207159235333,1
4,Afghanistan,2021,1,0.599768446754732,1
5,Afghanistan,2022,1,0.6514634150772091,1
6,Afghanistan,2023,1,0.6491230654974004,1
7,Albania,2018,1,0.6407499733125621,1
8,Albania,2019,1,0.6494072453039257,1
9,Albania,2020,1,0.6442956846343604,1
10,Albania,2021,1,0.6476085475543398,1
11,Albania,2022,1,0.6474940260801972,1
12,Albania,2023,1,0.6309557715348169,1
13,Algeria,2017,1,0.8927909939317801,1
14,Algeria,2018,1,0.8435255687760296,1
15,Algeria,2019,1,0.8185554760161351,1
16,Algeria,2020,1,0.8142174592018623,1
17,Algeria,2021,1,0.791810455322372,1
18,Algeria,2022,1,0.7781121641851356,1
19,Algeria,2023,1,0.7192195821962323,1
20,Angola,2017,1,0.14740534330261834,0
21,Angola,2018,1,0.15329337078252725,0
22,Angola,2019,1,0.18373666986481707,0
23,Angola,2020,1,0.21069388948597306,0
24,Angola,2021,1,0.22988591708246775,0
25,Angola,2022,1,0.24459747912202237,0
26,Angola,2023,1,0.23929110335983178,0
27,Argentina,2018,1,0.6888445809471732,1
28,Argentina,2019,1,0.7024308567428007,1
29,Argentina,2020,1,0.6971536728859113,1
30,Argentina,2021,1,0.7013479334722358,1
31,Argentina,2022,1,0.6944007117800964,1
32,Argentina,2023,1,0.6744387586761439,1
33,Armenia,2018,1,0.7316038872419803,1
34,Armenia,2019,1,0.7422046008277333,1
35,Armenia,2020,1,0.7779009672543569,1
36,Armenia,2021,1,0.7627253009445549,1
37,Armenia,2022,1,0.7403161827457765,1
38,Armenia,2023,1,0.7354629921667248,1
39,Australia,2021,1,0.6460135553092924,1
40,Australia,2022,1,0.634811019501702,1
41,Australia,2023,1,0.6151454092457916,1
42,Austria,2020,1,0.6403155811865143,1
43,Austria,2021,1,0.6457133906206607,1
44,Austria,2022,1,0.6421312643585793,1
45,Austria,2023,1,0.6162610118359394,1
46,Azerbaijan,2018,1,0.7371780153796259,1
47,Azerbaijan,2019,1,0.7419702427433978,1
48,Azerbaijan,2020,1,0.7669979657676467,1
49,Azerbaijan,2021,1,0.7491831498778805,1
50,Azerbaijan,2022,1,0.7505694446586707,1
51,Azerbaijan,2023,1,0.7217292759945282,1
52,Bahrain,2017,1,0.7115610577198108,1
53,Bahrain,2018,1,0.69173231446482,1
54,Bahrain,2019,1,0.6684217121059952,1
55,Bahrain,2020,1,0.6479654283450194,1
56,Bahrain,2021,1,0.5723856390257571,1
57,Bahrain,2022,1,0.5878672646652819,1
58,Bahrain,2023,1,0.5741303313952463,1
59,Bangladesh,2017,1,0.9330309877454769,1
60,Bangladesh,2018,1,0.9042197932641496,1
61,Bangladesh,2019,1,0.8919139657631464,1
62,Bangladesh,2020,1,0.8877594211520978,1
63,Bangladesh,2021,1,0.8876252208962064,1
64,Bangladesh,2022,1,0.8591697068757737,1
65,Bangladesh,2023,1,0.8193266373628731,1
66,Barbados,2018,0,0.6498529472280204,1
67,Barbados,2019,0,0.647288778349344,1
68,Barbados,2020,0,0.6546721485265682,1
69,Barbados,2021,0,0.6531182448074961,1
70,Barbados,2022,0,0.6476504151040775,1
71,Barbados,2023,0,0.6333106327570149,1
72,Belarus,2018,1,0.648043946992412,1
73,Belarus,2019,1,0.6384459317937713,1
74,Belarus,2020,1,0.6657232005856621,1
75,Belarus,2021,1,0.647178188667415,1
76,Belarus,2022,1,0.6543040880629143,1
77,Belarus,2023,0,0.6324261361525325,1
78,Belgium,2020,1,0.6757211636921081,1
79,Belgium,2021,1,0.669652935158721,1
80,Belgium,2022,1,0.6689078445638282,1
81,Belgium,2023,1,0.6434096981512676,1
82,Benin,2017,1,0.1007572944960109,0
83,Benin,2018,0,0.13210430840824672,0
84,Benin,2019,0,0.15758780536893174,0
85,Benin,2020,0,0.21959980490504472,0
86,Benin,2021,0,0.19005079287679166,0
87,Benin,2022,0,0.21325465066670263,0
88,Benin,2023,0,0.21158135250319426,0
89,Bhutan,2020,0,0.5119757267043306,1
90,Bhutan,2021,0,0.5181476706811547,1
91,Bhutan,2022,0,0.48325227280360444,0
92,Bhutan,2023,0,0.4945009611380317,0
93,Bolivia,2018,1,0.5003577185547291,1
94,Bolivia,2019,1,0.5879050291612022,1
95,Bolivia,2020,1,0.5846276658938901,1
96,Bolivia,2021,1,0.5795971858892686,1
97,Bolivia,2022,1,0.5760679152669961,1
98,Bolivia,2023,1,0.581170749308937,1
99,Bosnia-Herzegovina,2018,1,0.6183263228931458,1
100,Bosnia-Herzegovina,2019,1,0.6266089114274411,1
101,Bosnia-Herzegovina,2020,1,0.61641076386874,1
102,Bosnia-Herzegovina,2021,1,0.6126389674027205,1
103,Bosnia-Herzegovina,2022,1,0.6139490933693611,1
104,Bosnia-Herzegovina,2023,1,0.5956463542715787,1
105,Botswana,2017,0,0.12731525726477963,0
106,Botswana,2018,0,0.16368147845067224,0
107,Botswana,2019,0,0.22519710317178532,0
108,Botswana,2020,0,0.23392371644263887,0
109,Botswana,2021,0,0.22288444280753988,0
110,Botswana,2022,0,0.24793713531414993,0
111,Botswana,2023,0,0.284364914384564,0
112,Brazil,2018,1,0.7606610820043269,1
113,Brazil,2019,1,0.7899067302090984,1
114,Brazil,2020,1,0.7580348521994855,1
115,Brazil,2021,1,0.7608243309456275,1
116,Brazil,2022,1,0.753384327800342,1
117,Brazil,2023,1,0.7128314634172397,1
118,Bulgaria,2018,1,0.682348547811696,1
119,Bulgaria,2019,1,0.6798214276682705,1
120,Bulgaria,2020,1,0.6811443113279665,1
121,Bulgaria,2021,1,0.6769363844133783,1
122,Bulgaria,2022,1,0.6866311533272229,1
123,Bulgaria,2023,1,0.6433430755328302,1
124,Burkina Faso,2017,1,0.7300502662106702,1
125,Burkina Faso,2018,1,0.6662080310487704,1
126,Burkina Faso,2019,1,0.6263947524089877,1
127,Burkina Faso,2020,1,0.5923378039888931,1
128,Burkina Faso,2021,1,0.5841681813211452,1
129,Burkina Faso,2022,1,0.5553579076198091,1
130,Burkina Faso,2023,1,0.5216073850681334,1
131,Burundi,2017,1,0.6858741848433939,1
132,Burundi,2018,1,0.5783832354792559,1
133,Burundi,2019,1,0.5401031879042847,1
134,Burundi,2020,0,0.5433631102765469,1
135,Burundi,2021,0,0.5358910403369512,1
136,Burundi,2022,1,0.46963413068424975,0
137,Burundi,2023,0,0.45308206074549895,0
138,Cambodia (Kampuchea),2017,1,0.8169141596360322,1
139,Cambodia (Kampuchea),2018,1,0.79341100326463,1
140,Cambodia (Kampuchea),2019,1,0.7826963395359507,1
141,Cambodia (Kampuchea),2020,1,0.7366796704039036,1
142,Cambodia (Kampuchea),2021,1,0.7321675606491427,1
143,Cambodia (Kampuchea),2022,1,0.7145317523952802,1
144,Cambodia (Kampuchea),2023,1,0.7012893671731687,1
145,Cameroon,2017,1,0.15124343641351182,0
146,Cameroon,2018,1,0.23945500135858408,0
147,Cameroon,2019,1,0.2716416116378596,0
148,Cameroon,2020,1,0.3050714512630073,0
149,Cameroon,2021,1,0.28443199181375395,0
150,Cameroon,2022,1,0.2861370752677917,0
151,Cameroon,2023,1,0.30270586588895115,0
152,Canada,2021,1,0.6298306164470286,1
153,Canada,2022,1,0.641567154614501,1
154,Canada,2023,1,0.6193346352488311,1
155,Cabo Verde,2020,1,0.5451262362927528,1
156,Cabo Verde,2021,1,0.536198560031754,1
157,Cabo Verde,2022,1,0.507549921130297,1
158,Cabo Verde,2023,1,0.48680482472953035,0
159,Central African Republic,2017,1,0.6458827204029213,1
160,Central African Republic,2018,0,0.5455286379877266,1
161,Central African Republic,2019,1,0.5508019942765702,1
162,Central African Republic,2020,1,0.5210118186014356,1
163,Central African Republic,2021,1,0.5094298263736883,1
164,Central African Republic,2022,1,0.5294280818804991,1
165,Central African Republic,2023,0,0.47547689176024277,0
166,Chad,2017,0,0.04779965126549761,0
167,Chad,2018,0,0.08816703196196643,0
168,Chad,2019,1,0.11366645778559215,0
169,Chad,2020,0,0.10491912058069146,0
170,Chad,2021,1,0.14488973014284895,0
171,Chad,2022,1,0.18163352006463407,0
172,Chad,2023,1,0.18671737496234178,0
173,Chile,2018,1,0.6539032400256171,1
174,Chile,2019,1,0.6876234844439932,1
175,Chile,2020,1,0.6737205148164145,1
176,Chile,2021,1,0.6632657389365569,1
177,Chile,2022,1,0.6434251323099813,1
178,Chile,2023,1,0.6378093846528826,1
179,China,2018,1,0.766488807844521,1
180,China,2019,1,0.7566069810297849,1
181,China,2020,1,0.7518277868039702,1
182,China,2021,1,0.7448939695333213,1
183,China,2022,1,0.7228580623423468,1
184,China,2023,1,0.7118633625991134,1
185,Colombia,2018,1,0.7341787160449966,1
186,Colombia,2019,1,0.7712650794279938,1
187,Colombia,2020,1,0.7744194943571117,1
188,Colombia,2021,1,0.7670796649569371,1
189,Colombia,2022,1,0.7522891920029493,1
190,Colombia,2023,1,0.7412773671270663,1
191,Comoros,2020,0,0.33907365957918284,0
192,Comoros,2021,0,0.34115558491815307,0
193,Comoros,2022,0,0.3275107815855601,0
194,Comoros,2023,0,0.3196251743201518,0
195,Costa Rica,2018,1,0.6678152064014251,1
196,Costa Rica,2019,1,0.648290312822662,1
197,Costa Rica,2020,1,0.6416545935961158,1
198,Costa Rica,2021,1,0.6510145615887822,1
199,Costa Rica,2022,1,0.6422441962369775,1
200,Costa Rica,2023,1,0.6201124054261968,1
201,Croatia,2018,1,0.6461109331287956,1
202,Croatia,2019,1,0.6579592575273217,1
203,Croatia,2020,1,0.6868706107443647,1
204,Croatia,2021,1,0.654926004968057,1
205,Croatia,2022,1,0.6396003984090486,1
206,Croatia,2023,1,0.618640135347603,1
207,Cuba,2018,0,0.6466779126147463,1
208,Cuba,2019,0,0.6476755093505056,1
209,Cuba,2020,1,0.6358024834573014,1
210,Cuba,2021,1,0.6112145674533088,1
211,Cuba,2022,1,0.613042530349623,1
212,Cuba,2023,1,0.6066649242692382,1
213,Cyprus,2018,1,0.6733627141783408,1
214,Cyprus,2019,1,0.672639399828596,1
215,Cyprus,2020,1,0.6832472851196572,1
216,Cyprus,2021,1,0.6802976893650299,1
217,Cyprus,2022,1,0.6678704694264359,1
218,Cyprus,2023,1,0.6559607686452775,1
219,Czechia,2020,1,0.6770953505109211,1
220,Czechia,2021,1,0.6710313342971815,1
221,Czechia,2022,1,0.6669025540431026,1
222,Czechia,2023,1,0.6591139568601894,1
223,DR Congo (Zaire),2017,1,0.6855788069327471,1
224,DR Congo (Zaire),2018,1,0.6709244921904797,1
225,DR Congo (Zaire),2019,1,0.6621578462978727,1
226,DR Congo (Zaire),2020,1,0.6655936403447705,1
227,DR Congo (Zaire),2021,1,0.6592207299621503,1
228,DR Congo (Zaire),2022,1,0.639677096368414,1
229,DR Congo (Zaire),2023,1,0.6082889163259524,1
230,Denmark,2020,1,0.6641259640057813,1
231,Denmark,2021,1,0.6647528916286534,1
232,Denmark,2022,1,0.6573988179731595,1
233,Denmark,2023,1,0.6350984395759967,1
234,Djibouti,2017,0,0.08606078063300901,0
235,Djibouti,2018,0,0.08866044716043515,0
236,Djibouti,2019,0,0.09908735170509442,0
237,Djibouti,2020,1,0.09667802650072238,0
238,Djibouti,2021,0,0.12667847929220633,0
239,Djibouti,2022,0,0.1584243526813642,0
240,Djibouti,2023,0,0.17048940280765712,0
241,Dominican Republic,2018,1,0.7097001842753922,1
242,Dominican Republic,2019,0,0.7399559578542931,1
243,Dominican Republic,2020,1,0.7369247125380242,1
244,Dominican Republic,2021,1,0.7441021740492675,1
245,Dominican Republic,2022,1,0.7405185954053712,1
246,Dominican Republic,2023,1,0.7184194432980231,1
247,East Timor,2020,0,0.40675506962580776,0
248,East Timor,2021,0,0.40353091419377046,0
249,East Timor,2022,0,0.39732018920268075,0
250,East Timor,2023,0,0.4051167829415841,0
251,Ecuador,2018,1,0.6928540475380564,1
252,Ecuador,2019,1,0.7071587201867838,1
253,Ecuador,2020,1,0.7389624287283209,1
254,Ecuador,2021,1,0.7320717758768351,1
255,Ecuador,2022,1,0.7276280686020222,1
256,Ecuador,2023,1,0.7272953459272693,1
257,Egypt,2017,1,0.8833267407800061,1
258,Egypt,2018,1,0.877674642274649,1
259,Egypt,2019,1,0.8241159044320108,1
260,Egypt,2020,1,0.807901795027584,1
261,Egypt,2021,1,0.8202983089102923,1
262,Egypt,2022,1,0.7673718542047607,1
263,Egypt,2023,1,0.7283771283987451,1
264,El Salvador,2018,1,0.5884697072581317,1
265,El Salvador,2019,1,0.6057234795889697,1
266,El Salvador,2020,1,0.5912169597512735,1
267,El Salvador,2021,1,0.5850501092822877,1
268,El Salvador,2022,1,0.5951821405376366,1
269,El Salvador,2023,1,0.5951130156676349,1
270,Equatorial Guinea,2017,0,0.06752265173519119,0
271,Equatorial Guinea,2018,0,0.06979174263667302,0
272,Equatorial Guinea,2019,0,0.10561813421402515,0
273,Equatorial Guinea,2020,0,0.13217253754049338,0
274,Equatorial Guinea,2021,0,0.15373329137681271,0
275,Equatorial Guinea,2022,0,0.16344983958563306,0
276,Equatorial Guinea,2023,0,0.1851292137193644,0
277,Eritrea,2017,0,0.06932439056569054,0
278,Eritrea,2018,0,0.09316873447062778,0
279,Eritrea,2019,0,0.12414364728365401,0
280,Eritrea,2020,0,0.1498956296150751,0
281,Eritrea,2021,0,0.1394823215625448,0
282,Eritrea,2022,0,0.15665495671576504,0
283,Eritrea,2023,0,0.16881055240143394,0
284,Estonia,2020,1,0.6276503116626317,1
285,Estonia,2021,1,0.6329693410015118,1
286,Estonia,2022,1,0.6234526663665304,1
287,Estonia,2023,1,0.5986733306858721,1
288,Ethiopia,2017,1,0.6795189561756356,1
289,Ethiopia,2018,1,0.6282516420783268,1
290,Ethiopia,2019,1,0.6277946461312001,1
291,Ethiopia,2020,1,0.5816230435800529,1
292,Ethiopia,2021,1,0.6485937574656389,1
293,Ethiopia,2022,1,0.6560530509574678,1
294,Ethiopia,2023,1,0.5974770763501758,1
295,Fiji,2021,0,0.5733730766488805,1
296,Fiji,2022,0,0.5444693589404548,1
297,Fiji,2023,0,0.5325102127269603,1
298,Finland,2020,1,0.5485863420577677,1
299,Finland,2021,1,0.5461409690770278,1
300,Finland,2022,1,0.5451155841375548,1
301,Finland,2023,1,0.5280176798249451,1
302,France,2020,1,0.7118578777954119,1
303,France,2021,1,0.7069416039805778,1
304,France,2022,1,0.7009160754356765,1
305,France,2023,1,0.6827388762848927,1
306,Gabon,2017,0,0.08399005936662055,0
307,Gabon,2018,0,0.13218308669623133,0
308,Gabon,2019,1,0.19995453466455737,0
309,Gabon,2020,0,0.21651951141466624,0
310,Gabon,2021,1,0.2262195117561655,0
311,Gabon,2022,1,0.2311607098934026,0
312,Gabon,2023,1,0.24741373542427392,0
313,Gambia,2017,0,0.12106633992997912,0
314,Gambia,2018,0,0.13410692574872476,0
315,Gambia,2019,0,0.1564273996152587,0
316,Gambia,2020,0,0.15961284902860376,0
317,Gambia,2021,0,0.19307227991637335,0
318,Gambia,2022,0,0.20257551343942332,0
319,Gambia,2023,0,0.20376382625003917,0
320,Georgia,2018,1,0.6752268624649145,1
321,Georgia,2019,1,0.6735453795487409,1
322,Georgia,2020,1,0.6882140469193971,1
323,Georgia,2021,1,0.6695383968862618,1
324,Georgia,2022,1,0.6616087996005531,1
325,Georgia,2023,1,0.6462906453150631,1
326,Germany,2020,1,0.7122263081039991,1
327,Germany,2021,1,0.7069969143960518,1
328,Germany,2022,1,0.7035892510017799,1
329,Germany,2023,1,0.6837643161840511,1
330,Ghana,2017,1,0.6039867195847164,1
331,Ghana,2018,1,0.5827997485802282,1
332,Ghana,2019,1,0.5852419446021575,1
333,Ghana,2020,1,0.6088674840824706,1
334,Ghana,2021,1,0.5611962409136383,1
335,Ghana,2022,1,0.5187446679278848,1
336,Ghana,2023,1,0.4926067819830602,0
337,Greece,2018,1,0.7260594990023796,1
338,Greece,2019,1,0.7253437382622256,1
339,Greece,2020,1,0.699346946000908,1
340,Greece,2021,1,0.7067207263162657,1
341,Greece,2022,1,0.7063471039175426,1
342,Greece,2023,1,0.6764709198791093,1
343,Guatemala,2018,1,0.6056041743937336,1
344,Guatemala,2019,1,0.6206218081815894,1
345,Guatemala,2020,1,0.6440616864885556,1
346,Guatemala,2021,1,0.64890855947086,1
347,Guatemala,2022,1,0.648334655229038,1
348,Guatemala,2023,1,0.6292563989307871,1
349,Guinea,2017,0,0.1506496086776884,0
350,Guinea,2018,1,0.1769306387745186,0
351,Guinea,2019,1,0.2050612303854834,0
352,Guinea,2020,1,0.22208190318110688,0
353,Guinea,2021,1,0.23522684772151586,0
354,Guinea,2022,1,0.24859592356479127,0
355,Guinea,2023,1,0.23234428423645798,0
356,Guinea-Bissau,2017,0,0.08547341863989663,0
357,Guinea-Bissau,2018,0,0.11420530411071465,0
358,Guinea-Bissau,2019,0,0.11604812152032337,0
359,Guinea-Bissau,2020,0,0.165156701775612,0
360,Guinea-Bissau,2021,0,0.14074547534216922,0
361,Guinea-Bissau,2022,0,0.19062724230736994,0
362,Guinea-Bissau,2023,0,0.19832551910232296,0
363,Guyana,2018,1,0.43682395533399365,0
364,Guyana,2019,1,0.47641834903098434,0
365,Guyana,2020,1,0.4781329694215092,0
366,Guyana,2021,1,0.4751655560749391,0
367,Guyana,2022,1,0.4706594156607684,0
368,Guyana,2023,1,0.4694570795340235,0
369,Haiti,2018,1,0.4327973612832521,0
370,Haiti,2019,1,0.42610513850618625,0
371,Haiti,2020,1,0.4367019158445618,0
372,Haiti,2021,1,0.44059463112706576,0
373,Haiti,2022,1,0.4534961218576734,0
374,Haiti,2023,1,0.45283318961387636,0
375,Honduras,2018,1,0.5437120947743536,1
376,Honduras,2019,1,0.580558753070358,1
377,Honduras,2020,1,0.5547559255205204,1
378,Honduras,2021,1,0.5891105967747139,1
379,Honduras,2022,1,0.5569043491160812,1
380,Honduras,2023,1,0.5274062392384553,1
381,Hungary,2020,1,0.6700336544071399,1
382,Hungary,2021,1,0.6742793054900336,1
383,Hungary,2022,1,0.6604206171809506,1
384,Hungary,2023,1,0.6489735561517207,1
385,Iceland,2020,1,0.5395938571853469,1
386,Iceland,2021,1,0.5402826645658508,1
387,Iceland,2022,1,0.5371710114830442,1
388,Iceland,2023,1,0.5198524858768707,1
389,India,2017,1,0.9198122220823721,1
390,India,2018,1,0.90673514686279,1
391,India,2019,1,0.8825115570749441,1
392,India,2020,1,0.875685456339787,1
393,India,2021,1,0.863250986338233,1
394,India,2022,1,0.8540187427035921,1
395,India,2023,1,0.8104192401833431,1
396,Indonesia,2017,1,0.9427859513849797,1
397,Indonesia,2018,1,0.9329617899609958,1
398,Indonesia,2019,1,0.9314570452461375,1
399,Indonesia,2020,1,0.9182004340286678,1
400,Indonesia,2021,1,0.8973705741180511,1
401,Indonesia,2022,1,0.8896755707880089,1
402,Indonesia,2023,1,0.8507183581175333,1
403,Iran,2017,1,0.8797725354348118,1
404,Iran,2018,1,0.8538293417853877,1
405,Iran,2019,1,0.836954756242194,1
406,Iran,2020,1,0.8163715643547744,1
407,Iran,2021,1,0.8088696814518571,1
408,Iran,2022,1,0.7899382078807982,1
409,Iran,2023,1,0.7766251967440362,1
410,Iraq,2017,1,0.7806631109371254,1
411,Iraq,2018,1,0.7376169326072785,1
412,Iraq,2019,1,0.7289642887523616,1
413,Iraq,2020,1,0.7283645448900641,1
414,Iraq,2021,1,0.7315897093170352,1
415,Iraq,2022,1,0.7034299129740902,1
416,Iraq,2023,1,0.6943702424500882,1
417,Ireland,2020,1,0.6304542938132793,1
418,Ireland,2021,1,0.636049762641141,1
419,Ireland,2022,1,0.6262911762488597,1
420,Ireland,2023,1,0.6084654993231199,1
421,Israel,2017,1,0.879688090934464,1
422,Israel,2018,1,0.8590616481687552,1
423,Israel,2019,1,0.8400897351078104,1
424,Israel,2020,1,0.8500254781275521,1
425,Israel,2021,1,0.8502350035581688,1
426,Israel,2022,1,0.8101895869343754,1
427,Israel,2023,1,0.7910371212297362,1
428,Italy,2020,1,0.6900923274110994,1
429,Italy,2021,1,0.6886166115465007,1
430,Italy,2022,1,0.6757493906191938,1
431,Italy,2023,1,0.6658771064391238,1
432,Ivory Coast,2017,0,0.423582883803159,0
433,Ivory Coast,2018,0,0.48689516018115675,0
434,Ivory Coast,2019,1,0.4866504716739469,0
435,Ivory Coast,2020,1,0.5044326136580712,1
436,Ivory Coast,2021,1,0.5122831583426026,1
437,Ivory Coast,2022,1,0.49086307084114855,0
438,Ivory Coast,2023,0,0.4729809366424198,0
439,Jamaica,2018,0,0.581915858943008,1
440,Jamaica,2019,0,0.5870682901429933,1
441,Jamaica,2020,0,0.59011750684296,1
442,Jamaica,2021,1,0.6047309195859338,1
443,Jamaica,2022,1,0.6042285552852115,1
444,Jamaica,2023,1,0.6021685109397604,1
445,Japan,2018,1,0.6793057675361545,1
446,Japan,2019,1,0.6735319971749067,1
447,Japan,2020,1,0.6904463766250745,1
448,Japan,2021,1,0.6871244424709086,1
449,Japan,2022,1,0.6824174579636165,1
450,Japan,2023,1,0.6667287764493488,1
451,Jordan,2017,1,0.775757310145559,1
452,Jordan,2018,1,0.7608026778951973,1
453,Jordan,2019,1,0.7467039477245867,1
454,Jordan,2020,1,0.7509229650507705,1
455,Jordan,2021,1,0.7458718532686441,1
456,Jordan,2022,1,0.7155265183257093,1
457,Jordan,2023,1,0.6761992993499668,1
458,Kazakhstan,2018,1,0.6661940838183613,1
459,Kazakhstan,2019,1,0.7017338921921913,1
460,Kazakhstan,2020,1,0.7297124837192681,1
461,Kazakhstan,2021,1,0.720859821291321,1
462,Kazakhstan,2022,1,0.7221705819878237,1
463,Kazakhstan,2023,1,0.7120920285192591,1
464,Kenya,2017,1,0.8788219676724076,1
465,Kenya,2018,1,0.8364534678469728,1
466,Kenya,2019,1,0.8399896230162358,1
467,Kenya,2020,1,0.816750730094067,1
468,Kenya,2021,1,0.7971347516422851,1
469,Kenya,2022,1,0.7717764910272706,1
470,Kenya,2023,1,0.7286284576806905,1
471,Kuwait,2017,0,0.322004506394191,0
472,Kuwait,2018,0,0.33244070245210133,0
473,Kuwait,2019,0,0.35007110014070963,0
474,Kuwait,2020,0,0.3962917485871702,0
475,Kuwait,2021,0,0.40082496202421886,0
476,Kuwait,2022,0,0.37978975794738523,0
477,Kuwait,2023,0,0.3874783874947848,0
478,Kyrgyzstan,2018,1,0.6773736753806682,1
479,Kyrgyzstan,2019,1,0.6791008142364798,1
480,Kyrgyzstan,2020,1,0.7091672133782346,1
481,Kyrgyzstan,2021,1,0.7234716140234829,1
482,Kyrgyzstan,2022,1,0.6944366359101973,1
483,Kyrgyzstan,2023,1,0.670772294353255,1
484,Laos,2017,0,0.1750876246468547,0
485,Laos,2018,0,0.19210798329493836,0
486,Laos,2019,0,0.22763620303063553,0
487,Laos,2020,0,0.26766621089043485,0
488,Laos,2021,0,0.28251159373384843,0
489,Laos,2022,0,0.31356527772015136,0
490,Laos,2023,0,0.30799317922008657,0
491,Latvia,2020,1,0.6093384371637622,1
492,Latvia,2021,1,0.613763582424883,1
493,Latvia,2022,1,0.613404171547819,1
494,Latvia,2023,1,0.6089717441378749,1
495,Lebanon,2017,1,0.8531138723480753,1
496,Lebanon,2018,1,0.8549467878410927,1
497,Lebanon,2019,1,0.8320415791555287,1
498,Lebanon,2020,1,0.8166182419419482,1
499,Lebanon,2021,1,0.7730005474887135,1
500,Lebanon,2022,1,0.7567143658511684,1
501,Lebanon,2023,1,0.7301333750824959,1
502,Lesotho,2017,0,0.11858210132234168,0
503,Lesotho,2018,0,0.117775819407582,0
504,Lesotho,2019,0,0.15609815266138852,0
505,Lesotho,2020,0,0.15686926620226382,0
506,Lesotho,2021,0,0.18101899956525308,0
507,Lesotho,2022,0,0.1796969935035872,0
508,Lesotho,2023,0,0.18450322637109293,0
509,Liberia,2017,0,0.3314359447140536,0
510,Liberia,2018,0,0.3348903740259519,0
511,Liberia,2019,1,0.3247691501401261,0
512,Liberia,2020,1,0.3304688981817698,0
513,Liberia,2021,0,0.3134291159316866,0
514,Liberia,2022,0,0.3115178710316716,0
515,Liberia,2023,1,0.30244129266790953,0
516,Libya,2017,1,0.853028854424494,1
517,Libya,2018,1,0.8005901900691875,1
518,Libya,2019,1,0.8200711344590638,1
519,Libya,2020,1,0.8285612446912995,1
520,Libya,2021,1,0.7703630500695009,1
521,Libya,2022,1,0.7513076637489,1
522,Libya,2023,1,0.6930128622309056,1
523,Lithuania,2020,1,0.6399047934648914,1
524,Lithuania,2021,1,0.6401757725679428,1
525,Lithuania,2022,1,0.6321353521319899,1
526,Lithuania,2023,1,0.6113470079290108,1
527,Luxembourg,2020,1,0.6074034004359875,1
528,Luxembourg,2021,1,0.6039965445415894,1
529,Luxembourg,2022,1,0.5886542890861254,1
530,Luxembourg,2023,1,0.5680971941803824,1
531,Madagascar,2017,0,0.4215151997435258,0
532,Madagascar,2018,0,0.4064687264517168,0
533,Madagascar,2019,1,0.37226184484389047,0
534,Madagascar,2020,1,0.4032669367611291,0
535,Madagascar,2021,1,0.39507448692102176,0
536,Madagascar,2022,1,0.3844959591633407,0
537,Madagascar,2023,1,0.3824575279030011,0
538,Malawi,2017,0,0.11952631259777607,0
539,Malawi,2018,0,0.13753342286882997,0
540,Malawi,2019,1,0.16077435903578352,0
541,Malawi,2020,1,0.18988715789095134,0
542,Malawi,2021,1,0.21102475361275355,0
543,Malawi,2022,1,0.2370246233869459,0
544,Malawi,2023,1,0.2392478292142537,0
545,Malaysia,2018,1,0.6989539086662916,1
546,Malaysia,2019,1,0.7184116672567832,1
547,Malaysia,2020,1,0.7300528596217598,1
548,Malaysia,2021,1,0.7091288215636284,1
549,Malaysia,2022,1,0.7120919249474664,1
550,Malaysia,2023,1,0.6858790421322676,1
551,Maldives,2020,1,0.5864815200197357,1
552,Maldives,2021,1,0.5975342829031876,1
553,Maldives,2022,1,0.627371361495288,1
554,Maldives,2023,1,0.6477136232603595,1
555,Mali,2017,0,0.1627628844314381,0
556,Mali,2018,1,0.22467576165571654,0
557,Mali,2019,1,0.24747572772288634,0
558,Mali,2020,1,0.3050515557288847,0
559,Mali,2021,1,0.3026219642238029,0
560,Mali,2022,1,0.30574977849007356,0
561,Mali,2023,1,0.2964162374821947,0
562,Malta,2020,1,0.6133209709498175,1
563,Malta,2021,1,0.6021011976979664,1
564,Malta,2022,1,0.5863354833768419,1
565,Malta,2023,1,0.5601987066740689,1
566,Mauritania,2017,1,0.44234490889362826,0
567,Mauritania,2018,1,0.4921989750181494,0
568,Mauritania,2019,1,0.47556797528455097,0
569,Mauritania,2020,1,0.4412502726898625,0
570,Mauritania,2021,1,0.44856725496588096,0
571,Mauritania,2022,1,0.4354507543998092,0
572,Mauritania,2023,1,0.40494469965370244,0
573,Mauritius,2020,1,0.6230639325612352,1
574,Mauritius,2021,1,0.6145036576902038,1
575,Mauritius,2022,1,0.6003821139747663,1
576,Mauritius,2023,1,0.5893464060370797,1
577,Mexico,2018,1,0.785528232148653,1
578,Mexico,2019,1,0.7980520517580356,1
579,Mexico,2020,1,0.8101008839075106,1
580,Mexico,2021,1,0.7957937879415125,1
581,Mexico,2022,1,0.7813289419962532,1
582,Mexico,2023,1,0.7672382128268468,1
583,Moldova,2018,1,0.6922079128646188,1
584,Moldova,2019,1,0.6824530961397668,1
585,Moldova,2020,1,0.6733443612030371,1
586,Moldova,2021,1,0.7144731696897316,1
587,Moldova,2022,1,0.6934115445906801,1
588,Moldova,2023,1,0.697372370567699,1
589,Mongolia,2018,1,0.6348063192761495,1
590,Mongolia,2019,1,0.6376018322921466,1
591,Mongolia,2020,1,0.6642983929008474,1
592,Mongolia,2021,1,0.6690833627170967,1
593,Mongolia,2022,1,0.6671811945760527,1
594,Mongolia,2023,1,0.6806889060006232,1
595,Montenegro,2018,1,0.5988839209732745,1
596,Montenegro,2019,1,0.6213704209500581,1
597,Montenegro,2020,1,0.6209438803860627,1
598,Montenegro,2021,1,0.5855135295350646,1
599,Montenegro,2022,1,0.5920093861403575,1
600,Montenegro,2023,1,0.5904423449246026,1
601,Morocco,2017,1,0.8242547260759608,1
602,Morocco,2018,1,0.8354391752187625,1
603,Morocco,2019,1,0.8003133362401145,1
604,Morocco,2020,1,0.7958353470308195,1
605,Morocco,2021,1,0.8126168142960375,1
606,Morocco,2022,1,0.7958489836082253,1
607,Morocco,2023,1,0.7589085747614397,1
608,Mozambique,2017,0,0.11329356534495569,0
609,Mozambique,2018,0,0.14204886907167238,0
610,Mozambique,2019,0,0.14239478552160162,0
611,Mozambique,2020,0,0.16778999778448817,0
612,Mozambique,2021,0,0.17584829829867282,0
613,Mozambique,2022,1,0.1939649551136769,0
614,Mozambique,2023,1,0.23146051494159256,0
615,Myanmar (Burma),2017,1,0.8801958483474714,1
616,Myanmar (Burma),2018,1,0.8683150755176089,1
617,Myanmar (Burma),2019,1,0.8597273803665958,1
618,Myanmar (Burma),2020,1,0.8482772061752231,1
619,Myanmar (Burma),2021,1,0.8247564817120248,1
620,Myanmar (Burma),2022,1,0.8181154617416841,1
621,Myanmar (Burma),2023,1,0.7917125541624545,1
622,Namibia,2017,0,0.7927581348913746,1
623,Namibia,2018,1,0.7066029310815098,1
624,Namibia,2019,1,0.6227205189086685,1
625,Namibia,2020,1,0.623127401267136,1
626,Namibia,2021,1,0.6071105646700957,1
627,Namibia,2022,1,0.5965993310443238,1
628,Namibia,2023,1,0.5570835086638841,1
629,Nepal,2017,1,0.892937292626471,1
630,Nepal,2018,1,0.8732691500464443,1
631,Nepal,2019,1,0.8400416421638657,1
632,Nepal,2020,1,0.8234631944989675,1
633,Nepal,2021,1,0.801066476797557,1
634,Nepal,2022,1,0.7930943902613491,1
635,Nepal,2023,1,0.7547810707053542,1
636,Netherlands,2020,1,0.7001804858246224,1
637,Netherlands,2021,1,0.6935747766304087,1
638,Netherlands,2022,1,0.6906737429663252,1
639,Netherlands,2023,1,0.6720671979254945,1
640,New Zealand,2021,1,0.6458275753296433,1
641,New Zealand,2022,1,0.6460849403441027,1
642,New Zealand,2023,1,0.6185110618778614,1
643,Nicaragua,2018,1,0.5305596456956008,1
644,Nicaragua,2019,1,0.5311331937315742,1
645,Nicaragua,2020,1,0.4909400845232195,0
646,Nicaragua,2021,0,0.4696122884507823,0
647,Nicaragua,2022,0,0.4689432208659548,0
648,Nicaragua,2023,0,0.4911024603560002,0
649,Niger,2017,0,0.11481802858647804,0
650,Niger,2018,0,0.14225249980830285,0
651,Niger,2019,1,0.1940946942798004,0
652,Niger,2020,0,0.19814753364982718,0
653,Niger,2021,0,0.206008271847297,0
654,Niger,2022,0,0.21666512596037701,0
655,Niger,2023,1,0.23904310907064324,0
656,Nigeria,2017,1,0.8509971688837474,1
657,Nigeria,2018,1,0.8242214523675553,1
658,Nigeria,2019,1,0.7899696455191713,1
659,Nigeria,2020,1,0.7663494606645378,1
660,Nigeria,2021,1,0.7276744385211428,1
661,Nigeria,2022,1,0.7056877970407598,1
662,Nigeria,2023,1,0.6735972488152817,1
663,North Macedonia,2018,1,0.7033395457433009,1
664,North Macedonia,2019,1,0.6970148098847232,1
665,North Macedonia,2020,1,0.6854389720430287,1
666,North Macedonia,2021,1,0.6848868423743503,1
667,North Macedonia,2022,1,0.6970528314281725,1
668,North Macedonia,2023,1,0.6682385266105784,1
669,Norway,2020,1,0.5559749818908721,1
670,Norway,2021,1,0.5433576643734499,1
671,Norway,2022,1,0.5278449232050264,1
672,Norway,2023,1,0.5165257753614073,1
673,Oman,2017,0,0.2160376067418802,0
674,Oman,2018,0,0.2597383061333117,0
675,Oman,2019,0,0.28141879964023764,0
676,Oman,2020,0,0.3103736557825052,0
677,Oman,2021,0,0.31829069462224824,0
678,Oman,2022,0,0.29573750447051533,0
679,Oman,2023,0,0.28148015277617955,0
680,Pakistan,2017,1,0.9471577604819015,1
681,Pakistan,2018,1,0.9344673171722752,1
682,Pakistan,2019,1,0.9241131332599002,1
683,Pakistan,2020,1,0.9109054070957157,1
684,Pakistan,2021,1,0.9145889601023183,1
685,Pakistan,2022,1,0.9011256707032678,1
686,Pakistan,2023,1,0.8470145221370001,1
687,Panama,2018,1,0.6369574502102079,1
688,Panama,2019,1,0.6403763208284428,1
689,Panama,2020,1,0.649726497568781,1
690,Panama,2021,1,0.6411251930503323,1
691,Panama,2022,1,0.6100303409181335,1
692,Panama,2023,1,0.6000439675613816,1
693,Papua New Guinea,2021,1,0.35985124887953807,0
694,Papua New Guinea,2022,1,0.3864581812537385,0
695,Papua New Guinea,2023,1,0.3551758209134265,0
696,Paraguay,2018,1,0.5545708221666101,1
697,Paraguay,2019,1,0.5803866205303553,1
698,Paraguay,2020,1,0.607330938569155,1
699,Paraguay,2021,1,0.6188602379757643,1
700,Paraguay,2022,1,0.610143868170048,1
701,Paraguay,2023,1,0.5986571269770499,1
702,Peru,2018,1,0.6933188994691354,1
703,Peru,2019,1,0.7035024203995636,1
704,Peru,2020,1,0.714608834103695,1
705,Peru,2021,1,0.7040418755037956,1
706,Peru,2022,1,0.6972909757590415,1
707,Peru,2023,1,0.6428346285965096,1
708,Philippines,2017,1,0.8996355406473341,1
709,Philippines,2018,1,0.8895342216238258,1
710,Philippines,2019,1,0.8830802456357076,1
711,Philippines,2020,1,0.8881719166519937,1
712,Philippines,2021,1,0.8717649433241432,1
713,Philippines,2022,1,0.8501369532090627,1
714,Philippines,2023,1,0.8101032663306382,1
715,Poland,2020,1,0.7067600631088674,1
716,Poland,2021,1,0.7049711972442351,1
717,Poland,2022,1,0.6797583333294588,1
718,Poland,2023,1,0.641901490639434,1
719,Portugal,2020,1,0.6472225185570724,1
720,Portugal,2021,1,0.6465944717617439,1
721,Portugal,2022,1,0.6437966552860342,1
722,Portugal,2023,1,0.6351694831120687,1
723,Qatar,2017,0,0.17480470466520093,0
724,Qatar,2018,0,0.1975334742350971,0
725,Qatar,2019,0,0.20732516496482226,0
726,Qatar,2020,0,0.23725535539902068,0
727,Qatar,2021,0,0.29076081928721786,0
728,Qatar,2022,0,0.2755828176735241,0
729,Qatar,2023,0,0.3171926297887182,0
730,Congo,2017,0,0.08852524857240027,0
731,Congo,2018,0,0.12822004269618958,0
732,Congo,2019,0,0.15244671692399608,0
733,Congo,2020,0,0.17055412683549304,0
734,Congo,2021,0,0.17093672327237663,0
735,Congo,2022,0,0.18531965473679685,0
736,Congo,2023,0,0.2000711974631717,0
737,Romania,2018,1,0.682104293741527,1
738,Romania,2019,1,0.7106660302926657,1
739,Romania,2020,1,0.7378815219714265,1
740,Romania,2021,1,0.717090678197832,1
741,Romania,2022,1,0.7007062016609577,1
742,Romania,2023,1,0.6636454425970595,1
743,Russia (Soviet Union),2018,1,0.6834001179375719,1
744,Russia (Soviet Union),2019,1,0.6867485305586579,1
745,Russia (Soviet Union),2020,1,0.706368630431589,1
746,Russia (Soviet Union),2021,1,0.6778883905602343,1
747,Russia (Soviet Union),2022,1,0.6908081590351473,1
748,Russia (Soviet Union),2023,1,0.6635278325481375,1
749,Rwanda,2017,0,0.12950996472060713,0
750,Rwanda,2018,0,0.15861689160796824,0
751,Rwanda,2019,0,0.20409994863221131,0
752,Rwanda,2020,0,0.2344580937023726,0
753,Rwanda,2021,0,0.24220516554673743,0
754,Rwanda,2022,0,0.24889154485777876,0
755,Rwanda,2023,0,0.2529022649892164,0
756,Saudi Arabia,2017,0,0.2700483994597786,0
757,Saudi Arabia,2018,0,0.2922322994664625,0
758,Saudi Arabia,2019,0,0.29302051350475655,0
759,Saudi Arabia,2020,0,0.3076369434427637,0
760,Saudi Arabia,2021,0,0.3183585054095276,0
761,Saudi Arabia,2022,0,0.2792865076703397,0
762,Saudi Arabia,2023,0,0.2885773775314381,0
763,Senegal,2017,1,0.6071522275618036,1
764,Senegal,2018,1,0.552808104301058,1
765,Senegal,2019,1,0.6058259582365134,1
766,Senegal,2020,1,0.5850619377877876,1
767,Senegal,2021,1,0.5640795062221537,1
768,Senegal,2022,1,0.5434528544891504,1
769,Senegal,2023,1,0.5234038947108604,1
770,Serbia,2018,1,0.6509595675326882,1
771,Serbia,2019,1,0.6409019541065495,1
772,Serbia,2020,1,0.6433121879461297,1
773,Serbia,2021,1,0.6484255916768935,1
774,Serbia,2022,1,0.6510807494330308,1
775,Serbia,2023,1,0.6574822524983565,1
776,Sierra Leone,2017,0,0.07086189166809753,0
777,Sierra Leone,2018,1,0.10378741931734199,0
778,Sierra Leone,2019,0,0.1344340166989613,0
779,Sierra Leone,2020,0,0.14981817034121644,0
780,Sierra Leone,2021,0,0.14782327131116416,0
781,Sierra Leone,2022,0,0.1756369640503705,0
782,Sierra Leone,2023,0,0.17860818107032944,0
783,Singapore,2020,0,0.5811868932628523,1
784,Singapore,2021,0,0.5808952657289165,1
785,Singapore,2022,0,0.5654281384640317,1
786,Singapore,2023,0,0.5604114825956438,1
787,Slovakia,2020,1,0.6490819695107739,1
788,Slovakia,2021,1,0.6643737302624059,1
789,Slovakia,2022,1,0.6614340515020546,1
790,Slovakia,2023,1,0.6371936149515217,1
791,Slovenia,2020,1,0.6102910377602138,1
792,Slovenia,2021,1,0.589425752266294,1
793,Slovenia,2022,1,0.5901507431404253,1
794,Slovenia,2023,1,0.5899128106114563,1
795,Solomon Islands,2021,0,0.31174640613373267,0
796,Solomon Islands,2022,0,0.3095180426080331,0
797,Solomon Islands,2023,0,0.3046202405520501,0
798,Somalia,2017,1,0.8226582716439732,1
799,Somalia,2018,1,0.7621545138522952,1
800,Somalia,2019,1,0.7576461672071853,1
801,Somalia,2020,1,0.7761114392565693,1
802,Somalia,2021,1,0.7923283827733891,1
803,Somalia,2022,1,0.6432971701511874,1
804,Somalia,2023,1,0.5979405275207703,1
805,South Africa,2017,1,0.9404563974140939,1
806,South Africa,2018,1,0.9266476498470116,1
807,South Africa,2019,1,0.8945640322173749,1
808,South Africa,2020,1,0.8831565031707831,1
809,South Africa,2021,1,0.8786543608880645,1
810,South Africa,2022,1,0.8503371217879141,1
811,South Africa,2023,1,0.8147621207646647,1
812,South Korea,2018,1,0.720781482568461,1
813,South Korea,2019,1,0.7291831201559169,1
814,South Korea,2020,1,0.7313868541759072,1
815,South Korea,2021,1,0.720757972462195,1
816,South Korea,2022,1,0.7293280734944277,1
817,South Korea,2023,1,0.6921482100616208,1
818,South Sudan,2017,1,0.6997917279485035,1
819,South Sudan,2018,0,0.6414689817149262,1
820,South Sudan,2019,0,0.6101953085259318,1
821,South Sudan,2020,1,0.5491744534725063,1
822,South Sudan,2021,1,0.5798142119613369,1
823,South Sudan,2022,1,0.5586807815434465,1
824,South Sudan,2023,1,0.4801381425789677,0
825,Spain,2020,1,0.71863133451155,1
826,Spain,2021,1,0.7180752548314735,1
827,Spain,2022,1,0.7118591416547084,1
828,Spain,2023,1,0.6956979786636525,1
829,Sri Lanka,2017,1,0.9622431461479826,1
830,Sri Lanka,2018,1,0.9334293609150813,1
831,Sri Lanka,2019,1,0.9486393642322567,1
832,Sri Lanka,2020,1,0.934683901432106,1
833,Sri Lanka,2021,1,0.9338843751127688,1
834,Sri Lanka,2022,1,0.9271065760945303,1
835,Sri Lanka,2023,1,0.891427426445539,1
836,Sudan,2017,1,0.838579906907519,1
837,Sudan,2018,1,0.7979472597341036,1
838,Sudan,2019,1,0.7628984056061905,1
839,Sudan,2020,1,0.7336972643284396,1
840,Sudan,2021,1,0.7226671554515004,1
841,Sudan,2022,1,0.6589047794269806,1
842,Sudan,2023,1,0.5749382611928472,1
843,Suriname,2018,1,0.4919220143630813,0
844,Suriname,2019,0,0.49101788830377957,0
845,Suriname,2020,1,0.4880809683431814,0
846,Suriname,2021,1,0.4654203628425162,0
847,Suriname,2022,1,0.4780363238167552,0
848,Suriname,2023,1,0.46670882096332705,0
849,Sweden,2020,1,0.5688954811996828,1
850,Sweden,2021,1,0.5707746459924747,1
851,Sweden,2022,1,0.5675886401888498,1
852,Sweden,2023,1,0.5540457120474843,1
853,Switzerland,2020,1,0.6361371654941652,1
854,Switzerland,2021,1,0.6304291407969915,1
855,Switzerland,2022,1,0.631998051893146,1
856,Switzerland,2023,1,0.6086740777316052,1
857,Syria,2017,1,0.6712852632179929,1
858,Syria,2018,1,0.6674514120153652,1
859,Syria,2019,1,0.6594438975136646,1
860,Syria,2020,1,0.6222676480349025,1
861,Syria,2021,1,0.6336070139109368,1
862,Syria,2022,1,0.6294342900835117,1
863,Syria,2023,1,0.610387706021834,1
864,Tajikistan,2018,0,0.5571337498511945,1
865,Tajikistan,2019,0,0.5564857223131316,1
866,Tajikistan,2020,0,0.5840069902902992,1
867,Tajikistan,2021,0,0.6022285606631628,1
868,Tajikistan,2022,0,0.6369086653842583,1
869,Tajikistan,2023,0,0.578798304518663,1
870,Tanzania,2017,0,0.1807596262775711,0
871,Tanzania,2018,0,0.24894466809891036,0
872,Tanzania,2019,0,0.26702749411416205,0
873,Tanzania,2020,0,0.32013360308747296,0
874,Tanzania,2021,0,0.31708077222587683,0
875,Tanzania,2022,0,0.33212315772465234,0
876,Tanzania,2023,0,0.3457223628483025,0
877,Thailand,2017,1,0.9324277802554077,1
878,Thailand,2018,1,0.9295363048113515,1
879,Thailand,2019,1,0.8862804918537609,1
880,Thailand,2020,1,0.8855146048179697,1
881,Thailand,2021,1,0.88535180838982,1
882,Thailand,2022,1,0.8649204919059515,1
883,Thailand,2023,1,0.8330635348073803,1
884,Togo,2017,1,0.233512810127312,0
885,Togo,2018,0,0.25576430993749655,0
886,Togo,2019,0,0.27912393164396665,0
887,Togo,2020,0,0.28137554599657466,0
888,Togo,2021,0,0.29318331933584796,0
889,Togo,2022,0,0.32169274437545453,0
890,Togo,2023,0,0.3367384345772262,0
891,Trinidad and Tobago,2018,1,0.6448767600646019,1
892,Trinidad and Tobago,2019,1,0.6490550158118478,1
893,Trinidad and Tobago,2020,1,0.6553470664896502,1
894,Trinidad and Tobago,2021,1,0.6522960292962238,1
895,Trinidad and Tobago,2022,1,0.6444817998868125,1
896,Trinidad and Tobago,2023,1,0.6249465588692147,1
897,Tunisia,2017,1,0.9277833821400747,1
898,Tunisia,2018,1,0.9188777766665676,1
899,Tunisia,2019,1,0.9059417207335916,1
900,Tunisia,2020,1,0.8602681893909981,1
901,Tunisia,2021,1,0.8487286846092966,1
902,Tunisia,2022,1,0.8224033476753388,1
903,Tunisia,2023,1,0.7910533636868016,1
904,Turkey,2017,1,0.9097202215089178,1
905,Turkey,2018,1,0.8985367916793293,1
906,Turkey,2019,1,0.8769098059960477,1
907,Turkey,2020,1,0.8754408336126553,1
908,Turkey,2021,1,0.8616319642890236,1
909,Turkey,2022,1,0.8295377204777307,1
910,Turkey,2023,1,0.8126587764835291,1
911,Turkmenistan,2018,0,0.5140645814131505,1
912,Turkmenistan,2019,0,0.540671524586132,1
913,Turkmenistan,2020,0,0.563699562949258,1
914,Turkmenistan,2021,0,0.5822037442408668,1
915,Turkmenistan,2022,0,0.5852226547692789,1
916,Turkmenistan,2023,0,0.582421893898139,1
917,Uganda,2017,1,0.6403530329937347,1
918,Uganda,2018,1,0.6163407816094417,1
919,Uganda,2019,1,0.6163225887906082,1
920,Uganda,2020,1,0.6360755767087752,1
921,Uganda,2021,1,0.6302073086823369,1
922,Uganda,2022,1,0.6464359119748474,1
923,Uganda,2023,1,0.6168668959913589,1
924,Ukraine,2018,1,0.8002759182932249,1
925,Ukraine,2019,1,0.7948124213335933,1
926,Ukraine,2020,1,0.8054680974703587,1
927,Ukraine,2021,1,0.761783367564014,1
928,Ukraine,2022,1,0.7710707666688408,1
929,Ukraine,2023,1,0.7636455319938968,1
930,United Arab Emirates,2017,0,0.3456048894062739,0
931,United Arab Emirates,2018,0,0.35576049507332774,0
932,United Arab Emirates,2019,0,0.36701073196029316,0
933,United Arab Emirates,2020,0,0.4004509827076595,0
934,United Arab Emirates,2021,0,0.37086260650308533,0
935,United Arab Emirates,2022,0,0.3505319882483778,0
936,United Arab Emirates,2023,0,0.3578793462553666,0
937,United Kingdom,2020,1,0.7263246390482208,1
938,United Kingdom,2021,1,0.730449773418811,1
939,United Kingdom,2022,1,0.7138208525799417,1
940,United Kingdom,2023,1,0.6931222614196111,1
941,United States of America,2020,1,0.7383182034513456,1
942,United States of America,2021,1,0.7360037952937205,1
943,United States of America,2022,1,0.7245281097016351,1
944,United States of America,2023,1,0.7016166987219259,1
945,Uruguay,2018,1,0.6517077243841394,1
946,Uruguay,2019,1,0.6639679637454614,1
947,Uruguay,2020,1,0.6607179547562096,1
948,Uruguay,2021,1,0.6666654940505674,1
949,Uruguay,2022,1,0.6619293045632031,1
950,Uruguay,2023,1,0.6356940482531336,1
951,Uzbekistan,2018,0,0.6760045760557085,1
952,Uzbekistan,2019,1,0.6927950625003871,1
953,Uzbekistan,2020,1,0.7240386436308868,1
954,Uzbekistan,2021,1,0.7157296191437249,1
955,Uzbekistan,2022,1,0.7117482116517015,1
956,Uzbekistan,2023,1,0.6854408851039242,1
957,Venezuela,2018,1,0.641711945039127,1
958,Venezuela,2019,1,0.6465519681888214,1
959,Venezuela,2020,1,0.6406161839584024,1
960,Venezuela,2021,1,0.6336708987837341,1
961,Venezuela,2022,1,0.5862285155850571,1
962,Venezuela,2023,1,0.5654805215240072,1
963,Vietnam,2017,1,0.7096336685454033,1
964,Vietnam,2018,1,0.6954251597357135,1
965,Vietnam,2019,0,0.7515802841120436,1
966,Vietnam,2020,0,0.7059158643981198,1
967,Vietnam,2021,0,0.7010176413348346,1
968,Vietnam,2022,0,0.6690915731623729,1
969,Vietnam,2023,0,0.6619048452925065,1
970,Yemen (North Yemen),2017,1,0.7416874426242088,1
971,Yemen (North Yemen),2018,1,0.7140552247575666,1
972,Yemen (North Yemen),2019,1,0.7044827055469962,1
973,Yemen (North Yemen),2020,1,0.6912308789842503,1
974,Yemen (North Yemen),2021,1,0.6853731640124197,1
975,Yemen (North Yemen),2022,1,0.6882243598288764,1
976,Yemen (North Yemen),2023,1,0.6377126551948779,1
977,Zambia,2017,0,0.3509684002830377,0
978,Zambia,2018,0,0.35932411665854,0
979,Zambia,2019,0,0.3698073409906055,0
980,Zambia,2020,0,0.35148830938201864,0
981,Zambia,2021,1,0.3326316522901806,0
982,Zambia,2022,1,0.32974623178277734,0
983,Zambia,2023,0,0.30058385682214783,0
984,Zimbabwe,2017,1,0.7491904614342562,1
985,Zimbabwe,2018,1,0.743539109160684,1
986,Zimbabwe,2019,1,0.6588275621183993,1
987,Zimbabwe,2020,1,0.6145078421627939,1
988,Zimbabwe,2021,1,0.6157474037603586,1
989,Zimbabwe,2022,1,0.5687366152417971,1
990,Zimbabwe,2023,1,0.5336070171307077,1
991,eSwatini,2017,0,0.11628701216294328,0
992,eSwatini,2018,0,0.13775895022874987,0
993,eSwatini,2019,0,0.15218901437263785,0
994,eSwatini,2020,0,0.16433861997047033,0
995,eSwatini,2021,1,0.19392964023717518,0
996,eSwatini,2022,1,0.21716655660378054,0
997,eSwatini,2023,1,0.23242943301186242,0
