,country,year,d_riot,preds,preds_proba
0,Afghanistan,2017,0,0,0.43616606073567155
1,Afghanistan,2018,1,0,0.43169910179640725
2,Afghanistan,2019,0,1,0.5709322426575422
3,Afghanistan,2020,1,1,0.5941358354719133
4,Afghanistan,2021,1,0,0.4281062874251497
5,Afghanistan,2022,1,0,0.420808383233533
6,Afghanistan,2023,1,0,0.38707317507841427
7,Albania,2018,1,0,0.1833556102081551
8,Albania,2019,1,0,0.1800621970345024
9,Albania,2020,1,0,0.13840444111776448
10,Albania,2021,1,0,0.16142447248360423
11,Albania,2022,0,0,0.1399157043056744
12,Albania,2023,0,0,0.1391672013116624
13,Algeria,2017,1,1,0.9779628243512973
14,Algeria,2018,1,1,0.9935192115768463
15,Algeria,2019,1,1,0.9937687125748502
16,Algeria,2020,1,1,0.9939558383233532
17,Algeria,2021,1,1,0.9875935628742515
18,Algeria,2022,1,1,0.9609869546621044
19,Algeria,2023,1,1,0.8872442614770456
20,Angola,2017,1,0,0.1512225548902196
21,Angola,2018,0,0,0.16525698602794414
22,Angola,2019,1,0,0.19588323353293413
23,Angola,2020,1,0,0.16744011976047907
24,Angola,2021,1,0,0.1666916167664671
25,Angola,2022,1,0,0.16364324921585405
26,Angola,2023,1,0,0.1551973434084213
27,Argentina,2018,1,1,0.945625847871357
28,Argentina,2019,1,1,0.9575329859761
29,Argentina,2020,1,1,0.9637954610259999
30,Argentina,2021,1,1,0.9637954610259999
31,Argentina,2022,1,1,0.9359060018491155
32,Argentina,2023,1,1,0.878014047662251
33,Armenia,2018,1,0,0.2705009083564472
34,Armenia,2019,1,0,0.2679559981768065
35,Armenia,2020,1,0,0.3370677746239123
36,Armenia,2021,1,0,0.4922547221574167
37,Armenia,2022,0,0,0.4976100828645738
38,Armenia,2023,0,0,0.49118726832050175
39,Australia,2021,1,0,0.4652801539777586
40,Australia,2022,1,0,0.45472982606216145
41,Australia,2023,1,0,0.4260948341412416
42,Austria,2020,1,1,0.8735846488840507
43,Austria,2021,1,1,0.8725153588926051
44,Austria,2022,1,1,0.8739589003810567
45,Austria,2023,1,1,0.8746450281255675
46,Azerbaijan,2018,0,1,0.9035999429712004
47,Azerbaijan,2019,0,1,0.8940565297975477
48,Azerbaijan,2020,1,1,0.9035999429712004
49,Azerbaijan,2021,0,1,0.8933080268035357
50,Azerbaijan,2022,0,1,0.8742179331812565
51,Azerbaijan,2023,0,1,0.8438584141241324
52,Bahrain,2017,1,1,0.8544613154643097
53,Bahrain,2018,1,1,0.8440758364223935
54,Bahrain,2019,1,1,0.8440758364223935
55,Bahrain,2020,1,1,0.8433273334283815
56,Bahrain,2021,1,1,0.8182302062541583
57,Bahrain,2022,1,1,0.7845333143237337
58,Bahrain,2023,1,1,0.7227443921680453
59,Bangladesh,2017,1,1,0.99847626176219
60,Bangladesh,2018,1,1,0.9978346877673225
61,Bangladesh,2019,1,1,0.9978346877673225
62,Bangladesh,2020,1,1,0.99847626176219
63,Bangladesh,2021,1,1,0.9970861847733106
64,Bangladesh,2022,1,1,0.9620520863035833
65,Bangladesh,2023,1,1,0.8973944967208437
66,Barbados,2018,0,0,0.19015688860374486
67,Barbados,2019,0,0,0.19913892453188858
68,Barbados,2020,0,0,0.1924023975857808
69,Barbados,2021,0,0,0.19614491255584068
70,Barbados,2022,0,0,0.1953964095618287
71,Barbados,2023,0,0,0.19726766704685864
72,Belarus,2018,0,0,0.45023761999809886
73,Belarus,2019,0,0,0.4498633685010929
74,Belarus,2020,1,0,0.44778003516775966
75,Belarus,2021,0,0,0.446994107024047
76,Belarus,2022,0,0,0.4411061804961504
77,Belarus,2023,0,0,0.42559672322022624
78,Belgium,2020,1,1,0.9642625463358997
79,Belgium,2021,1,1,0.9642625463358997
80,Belgium,2022,1,1,0.9427710056078319
81,Belgium,2023,1,1,0.9082982843836137
82,Benin,2017,0,0,0.23916595920712694
83,Benin,2018,1,0,0.44126449481988406
84,Benin,2019,1,0,0.48080025014905275
85,Benin,2020,1,0,0.4200173516603159
86,Benin,2021,1,0,0.25622232267067613
87,Benin,2022,1,0,0.26887380541946426
88,Benin,2023,1,0,0.2688060837200061
89,Bhutan,2020,0,0,0.088830374964357
90,Bhutan,2021,0,0,0.08859513116623895
91,Bhutan,2022,0,0,0.09054302110065583
92,Bhutan,2023,0,0,0.09238932848588537
93,Bolivia,2018,1,0,0.36314157399486746
94,Bolivia,2019,1,0,0.3635782007413745
95,Bolivia,2020,1,0,0.35690404904476764
96,Bolivia,2021,1,0,0.36432670373538645
97,Bolivia,2022,1,0,0.3639177003136585
98,Bolivia,2023,1,0,0.3531639102746888
99,Bosnia-Herzegovina,2018,1,0,0.39185020111292546
100,Bosnia-Herzegovina,2019,1,0,0.39185020111292546
101,Bosnia-Herzegovina,2020,0,0,0.39185020111292546
102,Bosnia-Herzegovina,2021,0,0,0.39185020111292546
103,Bosnia-Herzegovina,2022,0,0,0.3911016981189135
104,Bosnia-Herzegovina,2023,0,0,0.3891769761343112
105,Botswana,2017,0,0,0.11400561971295507
106,Botswana,2018,0,0,0.3427312042581504
107,Botswana,2019,0,0,0.11273316462313472
108,Botswana,2020,1,0,0.12619582264043347
109,Botswana,2021,0,0,0.045339677787282595
110,Botswana,2022,1,0,0.10848630120710959
111,Botswana,2023,1,0,0.12925013069099894
112,Brazil,2018,1,0,0.3759380049424961
113,Brazil,2019,1,0,0.3759380049424961
114,Brazil,2020,1,0,0.37743501093052
115,Brazil,2021,1,0,0.377684511928524
116,Brazil,2022,1,0,0.3394395732344835
117,Brazil,2023,1,0,0.32541048854671617
118,Bulgaria,2018,1,1,0.8967333190761334
119,Bulgaria,2019,1,1,0.8967333190761334
120,Bulgaria,2020,1,1,0.8963590675791274
121,Bulgaria,2021,1,1,0.8963590675791274
122,Bulgaria,2022,0,1,0.8774828319551373
123,Bulgaria,2023,0,1,0.8508658278680732
124,Burkina Faso,2017,1,1,0.9663586517441308
125,Burkina Faso,2018,1,1,0.9446104814181163
126,Burkina Faso,2019,1,1,0.9297277468871781
127,Burkina Faso,2020,1,1,0.9277495604030036
128,Burkina Faso,2021,1,1,0.9211876841554985
129,Burkina Faso,2022,1,1,0.8907372754491016
130,Burkina Faso,2023,1,1,0.9086971889554226
131,Burundi,2017,1,1,0.7553627053252797
132,Burundi,2018,1,1,0.678122542793201
133,Burundi,2019,1,1,0.734816298139651
134,Burundi,2020,1,1,0.738731681658328
135,Burundi,2021,1,1,0.7298013280797707
136,Burundi,2022,1,1,0.7315104099160982
137,Burundi,2023,1,1,0.7315104099160982
138,Cambodia (Kampuchea),2017,1,1,0.7118569408801444
139,Cambodia (Kampuchea),2018,1,1,0.7181497124798023
140,Cambodia (Kampuchea),2019,0,1,0.8499402439709327
141,Cambodia (Kampuchea),2020,0,1,0.7328432420872538
142,Cambodia (Kampuchea),2021,0,1,0.705920599277635
143,Cambodia (Kampuchea),2022,0,1,0.676504728637962
144,Cambodia (Kampuchea),2023,0,1,0.652276993631784
145,Cameroon,2017,1,1,0.5873847543009215
146,Cameroon,2018,1,1,0.573497944587016
147,Cameroon,2019,1,1,0.5948822592909415
148,Cameroon,2020,1,1,0.6023527350061777
149,Cameroon,2021,1,1,0.5877215806482269
150,Cameroon,2022,1,1,0.5417055769413549
151,Cameroon,2023,1,1,0.5252919755726639
152,Canada,2021,1,0,0.4159484602224124
153,Canada,2022,1,0,0.410165383518677
154,Canada,2023,1,0,0.39445721651934235
155,Cabo Verde,2020,0,0,0.14988148702594808
156,Cabo Verde,2021,0,0,0.14089945109780438
157,Cabo Verde,2022,0,0,0.11219792557741658
158,Cabo Verde,2023,0,0,0.11027320359281437
159,Central African Republic,2017,1,1,0.8865707126373287
160,Central African Republic,2018,1,0,0.26626653245290965
161,Central African Republic,2019,1,0,0.3045209759468741
162,Central African Republic,2020,1,0,0.30349178433010765
163,Central African Republic,2021,1,0,0.3049887903181316
164,Central African Republic,2022,1,0,0.3110709711944742
165,Central African Republic,2023,1,0,0.3103224682004622
166,Chad,2017,0,0,0.19011292890409662
167,Chad,2018,0,0,0.20040959747172324
168,Chad,2019,1,0,0.21278276779773786
169,Chad,2020,1,0,0.14679331812565347
170,Chad,2021,1,0,0.16310503992015968
171,Chad,2022,1,0,0.23017358140861138
172,Chad,2023,1,0,0.23737376437600993
173,Chile,2018,1,1,0.6133260265183917
174,Chile,2019,1,1,0.6123903977758768
175,Chile,2020,1,1,0.6121408967778729
176,Chile,2021,1,1,0.6133260265183917
177,Chile,2022,1,1,0.604718242087254
178,Chile,2023,1,1,0.5994463454044291
179,China,2018,1,1,0.9890219560878245
180,China,2019,1,1,0.9890219560878245
181,China,2020,1,1,0.9890219560878245
182,China,2021,1,1,0.9890219560878245
183,China,2022,1,1,0.960446369166429
184,China,2023,1,1,0.8999545551753635
185,Colombia,2018,1,0,0.2578759148369927
186,Colombia,2019,1,0,0.26024617431803054
187,Colombia,2020,1,0,0.2609946773120425
188,Colombia,2021,1,0,0.2508649367930804
189,Colombia,2022,1,0,0.25025900579792787
190,Colombia,2023,1,0,0.2434081242277349
191,Comoros,2020,0,0,0.1461434274308525
192,Comoros,2021,0,0,0.14464642144282855
193,Comoros,2022,1,0,0.18914171116641165
194,Comoros,2023,0,0,0.18914171116641165
195,Costa Rica,2018,1,0,0.2981400294648798
196,Costa Rica,2019,1,0,0.3009201834426385
197,Costa Rica,2020,1,0,0.36270108592339134
198,Costa Rica,2021,1,0,0.37566295979469616
199,Costa Rica,2022,1,0,0.3683311947533503
200,Costa Rica,2023,1,0,0.36681458511548315
201,Croatia,2018,0,1,0.5552840747077272
202,Croatia,2019,0,1,0.5552840747077272
203,Croatia,2020,0,1,0.5539367693185057
204,Croatia,2021,1,1,0.5551842743085257
205,Croatia,2022,0,1,0.5488971461838227
206,Croatia,2023,0,1,0.5399691688052466
207,Cuba,2018,0,1,0.9754811804961505
208,Cuba,2019,0,1,0.9769781864841744
209,Cuba,2020,1,1,0.9769781864841744
210,Cuba,2021,1,1,0.9769781864841744
211,Cuba,2022,1,1,0.9391434393118524
212,Cuba,2023,1,1,0.8677404120330768
213,Cyprus,2018,1,0,0.4862723416802759
214,Cyprus,2019,1,0,0.4787463222904839
215,Cyprus,2020,1,0,0.25425215586143723
216,Cyprus,2021,1,0,0.2696998319378558
217,Cyprus,2022,1,0,0.42697694437963896
218,Cyprus,2023,1,0,0.4258898328883359
219,Czechia,2020,0,1,0.962535642999715
220,Czechia,2021,0,1,0.962535642999715
221,Czechia,2022,0,1,0.9448757247409941
222,Czechia,2023,1,1,0.9163250879193993
223,DR Congo (Zaire),2017,1,1,0.9386527540157779
224,DR Congo (Zaire),2018,1,1,0.93074000807908
225,DR Congo (Zaire),2019,1,1,0.9288785524189717
226,DR Congo (Zaire),2020,1,1,0.9300013069099896
227,DR Congo (Zaire),2021,1,1,0.9260092909419257
228,DR Congo (Zaire),2022,1,1,0.9184627768272977
229,DR Congo (Zaire),2023,1,1,0.8989310070335516
230,Denmark,2020,1,1,0.931198317650413
231,Denmark,2021,0,1,0.9329947248360418
232,Denmark,2022,0,1,0.9130064276209483
233,Denmark,2023,0,1,0.8767301706111584
234,Djibouti,2017,0,0,0.0007485029940119761
235,Djibouti,2018,0,0,0.0
236,Djibouti,2019,0,0,0.0
237,Djibouti,2020,0,0,0.0
238,Djibouti,2021,0,0,0.0
239,Djibouti,2022,0,0,0.0
240,Djibouti,2023,1,0,0.0
241,Dominican Republic,2018,1,1,0.8678607071571144
242,Dominican Republic,2019,1,1,0.8923866552609068
243,Dominican Republic,2020,0,1,0.8956052181351583
244,Dominican Republic,2021,1,1,0.8765183917878528
245,Dominican Republic,2022,1,1,0.8456144259100845
246,Dominican Republic,2023,1,1,0.7940244510978044
247,East Timor,2020,0,0,0.11698299828913604
248,East Timor,2021,0,0,0.11748200028514401
249,East Timor,2022,0,0,0.11748200028514401
250,East Timor,2023,0,0,0.11748200028514401
251,Ecuador,2018,1,1,0.8153333214523332
252,Ecuador,2019,1,1,0.8094700479992393
253,Ecuador,2020,1,1,0.8077235410132114
254,Ecuador,2021,1,1,0.8168303274403572
255,Ecuador,2022,1,1,0.8105455755156351
256,Ecuador,2023,1,1,0.7942089036213286
257,Egypt,2017,1,1,0.8321321642429425
258,Egypt,2018,1,1,0.8854276565915788
259,Egypt,2019,1,1,0.8590907470772743
260,Egypt,2020,1,1,0.8291844881665241
261,Egypt,2021,1,1,0.9014331456135352
262,Egypt,2022,1,1,0.7591658944016731
263,Egypt,2023,0,1,0.7406829198745369
264,El Salvador,2018,1,1,0.5270868436287597
265,El Salvador,2019,1,1,0.7858491350632069
266,El Salvador,2020,1,0,0.3710489194770633
267,El Salvador,2021,1,1,0.5919336381349856
268,El Salvador,2022,0,1,0.749147241231822
269,El Salvador,2023,0,1,0.7285752898963975
270,Equatorial Guinea,2017,0,0,0.0009356287425149701
271,Equatorial Guinea,2018,0,0,0.001590568862275449
272,Equatorial Guinea,2019,0,0,0.0008420658682634731
273,Equatorial Guinea,2020,0,0,0.001590568862275449
274,Equatorial Guinea,2021,0,0,0.0008420658682634731
275,Equatorial Guinea,2022,0,0,0.0027133233532934133
276,Equatorial Guinea,2023,0,0,0.0027133233532934133
277,Eritrea,2017,0,0,0.0
278,Eritrea,2018,0,0,0.0007485029940119761
279,Eritrea,2019,0,0,0.0037425149700598802
280,Eritrea,2020,0,0,0.0037425149700598802
281,Eritrea,2021,0,0,0.008982035928143712
282,Eritrea,2022,0,0,0.012100798403193612
283,Eritrea,2023,0,0,0.013223552894211576
284,Estonia,2020,0,1,0.5958149177834806
285,Estonia,2021,0,1,0.5865566486075467
286,Estonia,2022,0,1,0.662450099800399
287,Estonia,2023,0,1,0.5736841792605266
288,Ethiopia,2017,1,1,0.9272897657066812
289,Ethiopia,2018,1,1,0.8667637938408893
290,Ethiopia,2019,1,1,0.9225949885942395
291,Ethiopia,2020,1,1,0.9181039706301676
292,Ethiopia,2021,1,1,0.913425826917593
293,Ethiopia,2022,1,1,0.8992268439311847
294,Ethiopia,2023,1,1,0.8251847495485214
295,Fiji,2021,0,0,0.4434191141526472
296,Fiji,2022,0,0,0.4437755441497957
297,Fiji,2023,0,0,0.43704347257865234
298,Finland,2020,1,1,0.5597355883471152
299,Finland,2021,0,1,0.5597355883471152
300,Finland,2022,0,1,0.5473751900959986
301,Finland,2023,0,1,0.537052383328581
302,France,2020,1,1,0.9875249500998003
303,France,2021,1,1,0.9875249500998003
304,France,2022,1,1,0.9619879289040966
305,France,2023,1,1,0.907975715236194
306,Gabon,2017,0,0,0.22792562768236438
307,Gabon,2018,1,0,0.20869979363617103
308,Gabon,2019,1,0,0.2317008154021629
309,Gabon,2020,1,0,0.25350720262771176
310,Gabon,2021,1,0,0.209448296630183
311,Gabon,2022,1,0,0.19558227866611108
312,Gabon,2023,1,0,0.1939427006792277
313,Gambia,2017,1,0,0.06166951810664387
314,Gambia,2018,0,0,0.06291702309666383
315,Gambia,2019,0,0,0.0636655260906758
316,Gambia,2020,1,0,0.06316652409466783
317,Gambia,2021,1,0,0.06391502708867981
318,Gambia,2022,0,0,0.07862489307100089
319,Gambia,2023,0,0,0.07937339606501287
320,Georgia,2018,1,0,0.40101282823962453
321,Georgia,2019,1,0,0.4280320041734711
322,Georgia,2020,1,0,0.44079219807138953
323,Georgia,2021,1,0,0.42503799219742316
324,Georgia,2022,1,0,0.4365441465553739
325,Georgia,2023,1,0,0.43534654176495463
326,Germany,2020,1,1,0.9355102295409182
327,Germany,2021,1,1,0.9355102295409182
328,Germany,2022,1,1,0.9157651957988785
329,Germany,2023,1,1,0.8837839202547284
330,Ghana,2017,1,1,0.920645613534835
331,Ghana,2018,1,1,0.9253154405474765
332,Ghana,2019,1,1,0.9224919209200644
333,Ghana,2020,1,1,0.9235148750118807
334,Ghana,2021,1,1,0.9008690951430469
335,Ghana,2022,1,1,0.898367847638057
336,Ghana,2023,1,1,0.8620235719038112
337,Greece,2018,1,1,0.963283821966457
338,Greece,2019,1,1,0.963283821966457
339,Greece,2020,1,1,0.9004862029188379
340,Greece,2021,1,1,0.9409410075951996
341,Greece,2022,1,1,0.94222593773492
342,Greece,2023,1,1,0.8919782188869019
343,Guatemala,2018,1,1,0.9617265469061878
344,Guatemala,2019,1,1,0.97311626746507
345,Guatemala,2020,1,1,0.9737400199600799
346,Guatemala,2021,1,1,0.9678143712574852
347,Guatemala,2022,1,1,0.9356005251401959
348,Guatemala,2023,1,1,0.8912532078699744
349,Guinea,2017,1,1,0.945435616861515
350,Guinea,2018,1,1,0.9407423248740614
351,Guinea,2019,1,1,0.9415576584925386
352,Guinea,2020,1,1,0.8875282173747746
353,Guinea,2021,1,1,0.893225156829199
354,Guinea,2022,1,1,0.9186683181256535
355,Guinea,2023,1,1,0.9083306601083547
356,Guinea-Bissau,2017,0,0,0.00489616006083072
357,Guinea-Bissau,2018,0,0,0.006355740899154074
358,Guinea-Bissau,2019,0,0,0.008303036783575704
359,Guinea-Bissau,2020,0,0,0.009064014827487882
360,Guinea-Bissau,2021,0,0,0.009687767322497863
361,Guinea-Bissau,2022,0,0,0.005159324208725407
362,Guinea-Bissau,2023,0,0,0.005159324208725407
363,Guyana,2018,0,0,0.3660326221516341
364,Guyana,2019,0,0,0.37878212314963816
365,Guyana,2020,1,0,0.37613028397085285
366,Guyana,2021,1,0,0.36284435582714025
367,Guyana,2022,1,0,0.3516191871169416
368,Guyana,2023,1,0,0.3521181891129496
369,Haiti,2018,1,1,0.5323038446915693
370,Haiti,2019,1,0,0.3170438884136488
371,Haiti,2020,1,0,0.3198382995912935
372,Haiti,2021,1,0,0.3184535690523714
373,Haiti,2022,1,0,0.3167934963406519
374,Haiti,2023,1,0,0.31286385562208907
375,Honduras,2018,1,0,0.210924876437601
376,Honduras,2019,1,0,0.23682010978043908
377,Honduras,2020,1,0,0.21449511690903908
378,Honduras,2021,1,0,0.23432509980039917
379,Honduras,2022,1,0,0.249727628077179
380,Honduras,2023,1,0,0.2548049733865602
381,Hungary,2020,0,1,0.9315369261477044
382,Hungary,2021,0,1,0.9315369261477044
383,Hungary,2022,0,1,0.9113508102841933
384,Hungary,2023,1,1,0.8805671395304628
385,Iceland,2020,0,0,0.28826483936888114
386,Iceland,2021,0,0,0.3006026637201785
387,Iceland,2022,0,0,0.29999138627506877
388,Iceland,2023,0,0,0.28690505892975937
389,India,2017,1,1,0.9845842406096897
390,India,2018,1,1,0.9667698693522048
391,India,2019,1,1,0.9667698693522048
392,India,2020,1,1,0.9673520383475475
393,India,2021,1,1,0.9681005413415594
394,India,2022,1,1,0.9310211287381946
395,India,2023,1,1,0.855908556264095
396,Indonesia,2017,1,1,0.9278298921637245
397,Indonesia,2018,1,1,0.9278298921637245
398,Indonesia,2019,1,1,0.9278298921637245
399,Indonesia,2020,1,1,0.9285783951577365
400,Indonesia,2021,1,1,0.9261190281774114
401,Indonesia,2022,1,1,0.8919053127511211
402,Indonesia,2023,1,1,0.8340092002142899
403,Iran,2017,1,1,0.8888728495390171
404,Iran,2018,1,1,0.8911183585210531
405,Iran,2019,1,1,0.8917795361657638
406,Iran,2020,1,1,0.883171751734626
407,Iran,2021,1,1,0.8911183585210531
408,Iran,2022,1,1,0.8748758435509933
409,Iran,2023,1,1,0.8411103388461174
410,Iraq,2017,1,1,0.6496646587776826
411,Iraq,2018,1,1,0.7150250095047999
412,Iraq,2019,1,1,0.6734126984126981
413,Iraq,2020,1,1,0.6494258506795931
414,Iraq,2021,1,1,0.647434001045528
415,Iraq,2022,1,1,0.6366374394069005
416,Iraq,2023,1,1,0.6096384611728923
417,Ireland,2020,1,1,0.8293760692899914
418,Ireland,2021,0,1,0.8255088038209298
419,Ireland,2022,0,1,0.8133007793935937
420,Ireland,2023,1,1,0.7849485552704113
421,Israel,2017,1,1,0.9467466852010266
422,Israel,2018,1,1,0.9411121209961031
423,Israel,2019,1,1,0.947083511548332
424,Israel,2020,1,1,0.9404022312517822
425,Israel,2021,1,1,0.9364173438836614
426,Israel,2022,1,1,0.8958285809333716
427,Israel,2023,1,1,0.8958285809333716
428,Italy,2020,1,1,0.8158752030570889
429,Italy,2021,1,1,0.8038792544780569
430,Italy,2022,1,1,0.852860755761205
431,Italy,2023,1,1,0.8467230312103068
432,Ivory Coast,2017,1,1,0.9101196416690427
433,Ivory Coast,2018,1,1,0.9086226356810186
434,Ivory Coast,2019,1,1,0.9352818173177452
435,Ivory Coast,2020,1,1,0.9352818173177452
436,Ivory Coast,2021,1,1,0.9335041227069668
437,Ivory Coast,2022,1,1,0.9079875962360988
438,Ivory Coast,2023,1,1,0.8480384469156914
439,Jamaica,2018,1,0,0.47792450812660403
440,Jamaica,2019,1,0,0.48446767179925865
441,Jamaica,2020,1,0,0.19254615768463074
442,Jamaica,2021,1,0,0.19284763805721888
443,Jamaica,2022,1,0,0.192250617811995
444,Jamaica,2023,1,0,0.1934589155023287
445,Japan,2018,0,1,0.6099443969204448
446,Japan,2019,0,1,0.6099443969204448
447,Japan,2020,0,1,0.6099443969204448
448,Japan,2021,0,1,0.6099443969204448
449,Japan,2022,0,1,0.6095701454234388
450,Japan,2023,0,1,0.6088840176789279
451,Jordan,2017,1,0,0.49479671609162634
452,Jordan,2018,1,0,0.49841448056268417
453,Jordan,2019,1,0,0.4912288518201692
454,Jordan,2020,1,0,0.49946238475430094
455,Jordan,2021,1,1,0.5002108877483129
456,Jordan,2022,1,0,0.48953224503374215
457,Jordan,2023,1,0,0.4697732511168142
458,Kazakhstan,2018,0,1,0.7351041963691665
459,Kazakhstan,2019,1,1,0.7348546953711624
460,Kazakhstan,2020,1,1,0.7351041963691665
461,Kazakhstan,2021,1,1,0.7358526993631784
462,Kazakhstan,2022,1,1,0.7196354315179166
463,Kazakhstan,2023,1,1,0.6833300660583594
464,Kenya,2017,1,1,0.9981037924151697
465,Kenya,2018,1,1,0.9997504990019959
466,Kenya,2019,1,1,0.9990019960079839
467,Kenya,2020,1,1,0.9997504990019959
468,Kenya,2021,1,1,0.9922654690618762
469,Kenya,2022,1,1,0.9444720677692231
470,Kenya,2023,1,1,0.8412826133447387
471,Kuwait,2017,0,0,0.21523846246900155
472,Kuwait,2018,0,0,0.21694487108035027
473,Kuwait,2019,0,0,0.21561271396600754
474,Kuwait,2020,0,0,0.21561271396600754
475,Kuwait,2021,0,0,0.21729514455936624
476,Kuwait,2022,0,0,0.21387600880490112
477,Kuwait,2023,0,0,0.21290295491268557
478,Kyrgyzstan,2018,1,1,0.6842998256733289
479,Kyrgyzstan,2019,1,1,0.630040784232401
480,Kyrgyzstan,2020,1,1,0.6170242847638057
481,Kyrgyzstan,2021,1,1,0.6482320802118707
482,Kyrgyzstan,2022,1,1,0.6300568235822728
483,Kyrgyzstan,2023,1,1,0.6330980625329429
484,Laos,2017,0,0,0.09941010835471907
485,Laos,2018,0,0,0.11113665526090676
486,Laos,2019,0,0,0.10493714951050277
487,Laos,2020,0,0,0.10642702689858377
488,Laos,2021,0,0,0.10881629597946961
489,Laos,2022,0,0,0.10744404049044765
490,Laos,2023,0,0,0.10588465925292269
491,Latvia,2020,0,0,0.24729647847162817
492,Latvia,2021,0,0,0.2630640504704876
493,Latvia,2022,0,0,0.16386601796407185
494,Latvia,2023,0,0,0.16536302395209582
495,Lebanon,2017,1,1,0.9014396531612102
496,Lebanon,2018,1,1,0.9014396531612102
497,Lebanon,2019,1,1,0.9014396531612102
498,Lebanon,2020,1,1,0.9006412499675974
499,Lebanon,2021,1,1,0.9008907509656018
500,Lebanon,2022,1,1,0.8994311701272784
501,Lebanon,2023,1,1,0.8927516719807144
502,Lesotho,2017,0,0,0.005913173652694611
503,Lesotho,2018,0,0,0.005913173652694611
504,Lesotho,2019,0,0,0.0
505,Lesotho,2020,1,0,0.005239520958083832
506,Lesotho,2021,1,0,0.0029940119760479044
507,Lesotho,2022,1,0,0.0014970059880239522
508,Lesotho,2023,0,0,0.004303892215568862
509,Liberia,2017,1,1,0.8880295955707627
510,Liberia,2018,1,1,0.9012828509647366
511,Liberia,2019,1,1,0.8722133114722931
512,Liberia,2020,1,1,0.8594156924246739
513,Liberia,2021,1,1,0.8717062898013491
514,Liberia,2022,1,1,0.8708330363083352
515,Liberia,2023,1,1,0.8708330363083352
516,Libya,2017,1,1,0.9341099456930291
517,Libya,2018,1,1,0.7750836530402397
518,Libya,2019,1,1,0.9295523941294894
519,Libya,2020,1,1,0.9201274939298887
520,Libya,2021,0,1,0.874026838098694
521,Libya,2022,1,1,0.9297020947282918
522,Libya,2023,1,1,0.9386021517570912
523,Lithuania,2020,0,0,0.42537751877197993
524,Lithuania,2021,0,0,0.42537751877197993
525,Lithuania,2022,0,0,0.41667023096663824
526,Lithuania,2023,0,0,0.40686187149510505
527,Luxembourg,2020,0,0,0.45466715378766265
528,Luxembourg,2021,0,0,0.4854181517916548
529,Luxembourg,2022,0,0,0.2981421086398633
530,Luxembourg,2023,0,0,0.3063275235243799
531,Madagascar,2017,1,1,0.9023498187607469
532,Madagascar,2018,1,1,0.9731780486645757
533,Madagascar,2019,1,1,0.9099382134000399
534,Madagascar,2020,1,1,0.8897562558864953
535,Madagascar,2021,1,1,0.9156393112044311
536,Madagascar,2022,1,1,0.8683689169280485
537,Madagascar,2023,1,1,0.8619608996293124
538,Malawi,2017,1,1,0.8984865226257438
539,Malawi,2018,1,1,0.8923238479750453
540,Malawi,2019,1,1,0.8933378913169329
541,Malawi,2020,1,1,0.8930693807190813
542,Malawi,2021,1,1,0.8693670829336995
543,Malawi,2022,1,1,0.7097651558355148
544,Malawi,2023,1,1,0.701593998150884
545,Malaysia,2018,1,0,0.23747950527516407
546,Malaysia,2019,1,0,0.23747950527516407
547,Malaysia,2020,0,0,0.23747950527516407
548,Malaysia,2021,0,0,0.2361696250356431
549,Malaysia,2022,0,0,0.2320029583689764
550,Malaysia,2023,0,0,0.22710026375819795
551,Maldives,2020,1,0,0.305360113107119
552,Maldives,2021,0,0,0.3093120307005037
553,Maldives,2022,0,0,0.31149516443303865
554,Maldives,2023,1,0,0.3103724099420207
555,Mali,2017,1,0,0.17019629572024791
556,Mali,2018,1,0,0.17094479871425988
557,Mali,2019,1,0,0.30063512045173707
558,Mali,2020,1,0,0.24429957725242157
559,Mali,2021,1,0,0.2487709915666502
560,Mali,2022,1,0,0.28365360728758915
561,Mali,2023,1,0,0.28407775898419596
562,Malta,2020,1,0,0.20801700171086399
563,Malta,2021,0,0,0.20726849871685202
564,Malta,2022,0,0,0.214370366410037
565,Malta,2023,0,0,0.208453628457371
566,Mauritania,2017,0,0,0.3373114971355991
567,Mauritania,2018,0,1,0.6351752933526884
568,Mauritania,2019,1,1,0.6398587835152204
569,Mauritania,2020,1,0,0.3444400970785703
570,Mauritania,2021,1,0,0.3414460851025224
571,Mauritania,2022,0,0,0.3519435425685427
572,Mauritania,2023,1,0,0.35150691582203575
573,Mauritius,2020,1,0,0.3836983770554131
574,Mauritius,2021,1,0,0.38444688004942507
575,Mauritius,2022,1,0,0.3836128338560974
576,Mauritius,2023,1,0,0.3843613368501094
577,Mexico,2018,1,1,0.9903601887134822
578,Mexico,2019,1,1,0.9896116857194702
579,Mexico,2020,1,1,0.9896116857194702
580,Mexico,2021,1,1,0.9896116857194702
581,Mexico,2022,1,1,0.9617846017920869
582,Mexico,2023,1,1,0.9005442848070092
583,Moldova,2018,0,1,0.6832962052086307
584,Moldova,2019,1,1,0.6770337301587305
585,Moldova,2020,1,1,0.6832962052086307
586,Moldova,2021,1,1,0.6878495984222036
587,Moldova,2022,0,1,0.6752307884231541
588,Moldova,2023,0,1,0.655938420777493
589,Mongolia,2018,0,0,0.4396831337325349
590,Mongolia,2019,0,0,0.438685129740519
591,Mongolia,2020,0,0,0.43818612774451093
592,Mongolia,2021,0,0,0.4349426147704591
593,Mongolia,2022,0,0,0.4293021100655831
594,Mongolia,2023,0,0,0.4108654714380763
595,Montenegro,2018,0,1,0.6361544767607642
596,Montenegro,2019,0,1,0.6361544767607642
597,Montenegro,2020,1,1,0.6361544767607642
598,Montenegro,2021,1,1,0.6354059737667522
599,Montenegro,2022,0,1,0.6346574707727403
600,Montenegro,2023,0,0,0.23925690286094486
601,Morocco,2017,1,1,0.9051171466590626
602,Morocco,2018,1,1,0.9620203046288375
603,Morocco,2019,1,1,0.9735597257865223
604,Morocco,2020,1,1,0.9769155142096758
605,Morocco,2021,1,1,0.9782877696986976
606,Morocco,2022,1,1,0.9731373562399012
607,Morocco,2023,1,1,0.9701433442638532
608,Mozambique,2017,1,1,0.6641692804866457
609,Mozambique,2018,1,1,0.6629716756962265
610,Mozambique,2019,1,1,0.5288544933941641
611,Mozambique,2020,1,1,0.6305017940309856
612,Mozambique,2021,1,0,0.48356649795646806
613,Mozambique,2022,1,0,0.4849895447200839
614,Mozambique,2023,1,0,0.4415731037924154
615,Myanmar (Burma),2017,1,1,0.9496745146071494
616,Myanmar (Burma),2018,1,1,0.9116024444617258
617,Myanmar (Burma),2019,1,1,0.9234029505923216
618,Myanmar (Burma),2020,1,1,0.916111283925655
619,Myanmar (Burma),2021,1,1,0.8771932865869989
620,Myanmar (Burma),2022,0,1,0.9136412240454151
621,Myanmar (Burma),2023,0,1,0.8587649646594254
622,Namibia,2017,0,1,0.9508655308430756
623,Namibia,2018,0,1,0.9589529274783762
624,Namibia,2019,0,1,0.9480016158159867
625,Namibia,2020,0,1,0.9478340937173269
626,Namibia,2021,1,1,0.9039335020435318
627,Namibia,2022,1,1,0.9237489307100085
628,Namibia,2023,0,1,0.9191705873966352
629,Nepal,2017,1,1,0.9108998993355284
630,Nepal,2018,1,1,0.9018430131079835
631,Nepal,2019,1,1,0.9010945101139716
632,Nepal,2020,1,1,0.8972272446449097
633,Nepal,2021,1,1,0.8972272446449097
634,Nepal,2022,1,1,0.8935221548245503
635,Nepal,2023,1,1,0.8912980316423436
636,Netherlands,2020,1,1,0.9000864342743086
637,Netherlands,2021,1,1,0.9000864342743086
638,Netherlands,2022,1,1,0.8776904524284763
639,Netherlands,2023,1,1,0.8458339273833282
640,New Zealand,2021,0,1,0.6743248621804013
641,New Zealand,2022,1,1,0.672047274498622
642,New Zealand,2023,0,1,0.6704047262617624
643,Nicaragua,2018,1,1,0.601423343788613
644,Nicaragua,2019,1,1,0.5830802680353576
645,Nicaragua,2020,1,1,0.58793246839654
646,Nicaragua,2021,0,1,0.6055195615262979
647,Nicaragua,2022,0,1,0.6109028425832316
648,Nicaragua,2023,0,1,0.6147077328027925
649,Niger,2017,0,1,0.6048589509293099
650,Niger,2018,1,1,0.6756887199626714
651,Niger,2019,1,1,0.6755551397205585
652,Niger,2020,1,1,0.669162567721699
653,Niger,2021,1,1,0.6649531294553743
654,Niger,2022,1,1,0.7033358877483123
655,Niger,2023,1,1,0.7149056054557545
656,Nigeria,2017,1,1,1.0
657,Nigeria,2018,1,1,1.0
658,Nigeria,2019,1,1,1.0
659,Nigeria,2020,1,1,1.0
660,Nigeria,2021,1,1,0.999812874251497
661,Nigeria,2022,1,1,0.9592362893261094
662,Nigeria,2023,1,1,0.8693042486455659
663,North Macedonia,2018,1,1,0.5198763187909895
664,North Macedonia,2019,0,1,0.7240156591578748
665,North Macedonia,2020,0,1,0.5271243227830054
666,North Macedonia,2021,0,1,0.5322390932420873
667,North Macedonia,2022,0,1,0.7263484934892122
668,North Macedonia,2023,0,1,0.7216988641764093
669,Norway,2020,1,0,0.425447616671419
670,Norway,2021,0,0,0.425447616671419
671,Norway,2022,0,0,0.42494861467541095
672,Norway,2023,0,0,0.423451608687387
673,Oman,2017,0,0,0.13102939143358305
674,Oman,2018,0,0,0.1358946608946609
675,Oman,2019,0,0,0.1366431638886729
676,Oman,2020,0,0,0.15156867001926885
677,Oman,2021,1,0,0.13589466089466093
678,Oman,2022,0,0,0.1305785074871901
679,Oman,2023,0,0,0.1272414316388867
680,Pakistan,2017,1,1,0.9976921157684632
681,Pakistan,2018,1,1,0.9984406187624751
682,Pakistan,2019,1,1,0.9993762475049901
683,Pakistan,2020,1,1,0.9976921157684632
684,Pakistan,2021,1,1,0.9976921157684632
685,Pakistan,2022,1,1,0.9710323400817411
686,Pakistan,2023,1,1,0.91423997243608
687,Panama,2018,1,0,0.4385336469917307
688,Panama,2019,1,0,0.4442941497956466
689,Panama,2020,1,0,0.43485885372112904
690,Panama,2021,1,0,0.44353257770173915
691,Panama,2022,1,0,0.40735671514114635
692,Panama,2023,1,0,0.40504170230966635
693,Papua New Guinea,2021,1,0,0.30751567751942
694,Papua New Guinea,2022,1,0,0.3606430537194009
695,Papua New Guinea,2023,1,0,0.35278377228227525
696,Paraguay,2018,1,0,0.23321422630928607
697,Paraguay,2019,1,0,0.3598650912460792
698,Paraguay,2020,1,0,0.3769071975097424
699,Paraguay,2021,1,0,0.2349411296454709
700,Paraguay,2022,1,0,0.4038937006938501
701,Paraguay,2023,1,0,0.38215681731774526
702,Peru,2018,1,1,0.505993370402053
703,Peru,2019,1,1,0.501230871590153
704,Peru,2020,1,0,0.48447569147419445
705,Peru,2021,1,1,0.5359620045623039
706,Peru,2022,1,1,0.5131959295694324
707,Peru,2023,1,1,0.5162980586446153
708,Philippines,2017,1,1,0.865641903422592
709,Philippines,2018,0,1,0.8629775891939064
710,Philippines,2019,1,1,0.8584865712298346
711,Philippines,2020,1,1,0.87597718523991
712,Philippines,2021,0,1,0.8693030335433031
713,Philippines,2022,1,1,0.8502322465458692
714,Philippines,2023,1,1,0.7817920436183908
715,Poland,2020,1,1,0.9334536284573711
716,Poland,2021,1,1,0.9342021314513831
717,Poland,2022,1,1,0.9134590937173271
718,Poland,2023,1,1,0.8807293151791653
719,Portugal,2020,1,1,0.9372754491017964
720,Portugal,2021,0,1,0.9372754491017964
721,Portugal,2022,0,1,0.9154657946012736
722,Portugal,2023,0,1,0.8844825230491399
723,Qatar,2017,0,0,0.10216123488952829
724,Qatar,2018,0,0,0.10355131187840767
725,Qatar,2019,0,0,0.10515524686557619
726,Qatar,2020,0,0,0.10590374985958817
727,Qatar,2021,0,0,0.11013813822571306
728,Qatar,2022,0,0,0.10404140312448694
729,Qatar,2023,0,0,0.10155797711935437
730,Congo,2017,0,0,0.08439341554985268
731,Congo,2018,0,0,0.44335436270316536
732,Congo,2019,0,0,0.3459215497576277
733,Congo,2020,0,0,0.3023560022811521
734,Congo,2021,1,0,0.39926486313088133
735,Congo,2022,1,0,0.2864770459081836
736,Congo,2023,0,0,0.29915436983176513
737,Romania,2018,0,1,0.964258982035928
738,Romania,2019,1,1,0.963510479041916
739,Romania,2020,1,1,0.9638597804391216
740,Romania,2021,1,1,0.9646082834331335
741,Romania,2022,0,1,0.9462934250546524
742,Romania,2023,0,1,0.9180546644805625
743,Russia (Soviet Union),2018,1,0,0.4304498146564015
744,Russia (Soviet Union),2019,1,0,0.4304498146564015
745,Russia (Soviet Union),2020,1,0,0.4304498146564015
746,Russia (Soviet Union),2021,1,0,0.4304498146564015
747,Russia (Soviet Union),2022,1,0,0.4242924864556601
748,Russia (Soviet Union),2023,1,0,0.4068868215949054
749,Rwanda,2017,0,0,0.17441189050470488
750,Rwanda,2018,0,0,0.10667771599657827
751,Rwanda,2019,0,0,0.10715592624275257
752,Rwanda,2020,0,0,0.10667771599657827
753,Rwanda,2021,0,0,0.1167908231156734
754,Rwanda,2022,0,0,0.11030379716756959
755,Rwanda,2023,0,0,0.11585519437315843
756,Saudi Arabia,2017,0,0,0.12932012058134812
757,Saudi Arabia,2018,0,0,0.12932012058134812
758,Saudi Arabia,2019,0,0,0.12932012058134812
759,Saudi Arabia,2020,0,0,0.13970559962326431
760,Saudi Arabia,2021,0,0,0.12804142796657766
761,Saudi Arabia,2022,0,0,0.12808152634125688
762,Saudi Arabia,2023,0,0,0.12451989959474992
763,Senegal,2017,1,1,0.8464178785286568
764,Senegal,2018,1,1,0.924359614105123
765,Senegal,2019,1,1,0.8486084378861323
766,Senegal,2020,1,1,0.8318989996198078
767,Senegal,2021,1,1,0.7915983509172131
768,Senegal,2022,1,1,0.8605892381902861
769,Senegal,2023,1,1,0.8293353768653168
770,Serbia,2018,0,0,0.16730319123657444
771,Serbia,2019,1,0,0.16730319123657444
772,Serbia,2020,1,0,0.24217487643760105
773,Serbia,2021,0,0,0.24841240138770082
774,Serbia,2022,0,0,0.24018362085353112
775,Serbia,2023,0,1,0.6334750142572
776,Sierra Leone,2017,1,1,0.7920694055611719
777,Sierra Leone,2018,1,1,0.7742666182785939
778,Sierra Leone,2019,1,1,0.6883346132410506
779,Sierra Leone,2020,1,1,0.7899361720282377
780,Sierra Leone,2021,1,1,0.7985938566589763
781,Sierra Leone,2022,1,1,0.7911284303686996
782,Sierra Leone,2023,1,1,0.7946392658406131
783,Singapore,2020,0,0,0.460167759718658
784,Singapore,2021,0,0,0.46109091341127284
785,Singapore,2022,0,0,0.4589380762284955
786,Singapore,2023,0,0,0.45049157637106757
787,Slovakia,2020,1,0,0.42097204400722366
788,Slovakia,2021,0,0,0.4214835210531319
789,Slovakia,2022,0,0,0.418265255203878
790,Slovakia,2023,0,0,0.4116006083071952
791,Slovenia,2020,0,1,0.6386432492158541
792,Slovenia,2021,0,1,0.6386432492158541
793,Slovenia,2022,0,1,0.6326926504134588
794,Slovenia,2023,0,1,0.5921879455374965
795,Solomon Islands,2021,1,0,0.23589368881285053
796,Solomon Islands,2022,0,0,0.2359756677121947
797,Solomon Islands,2023,0,0,0.23447866172417073
798,Somalia,2017,1,1,0.9930139720558881
799,Somalia,2018,1,1,0.9625588109495294
800,Somalia,2019,1,1,0.9882734530938123
801,Somalia,2020,1,1,0.9792914171656686
802,Somalia,2021,1,1,0.9897704590818363
803,Somalia,2022,1,1,0.98313373253493
804,Somalia,2023,1,1,0.9773467945062256
805,South Africa,2017,1,1,0.9985029940119761
806,South Africa,2018,1,1,0.9985029940119761
807,South Africa,2019,1,1,0.9985029940119761
808,South Africa,2020,1,1,0.9985029940119761
809,South Africa,2021,1,1,0.999251497005988
810,South Africa,2022,1,1,0.9722352913221177
811,South Africa,2023,1,1,0.9120179284288568
812,South Korea,2018,1,1,0.6386990899154074
813,South Korea,2019,1,1,0.6381377126698984
814,South Korea,2020,1,1,0.6351437006938505
815,South Korea,2021,1,1,0.635293401292653
816,South Korea,2022,1,1,0.6261973077654218
817,South Korea,2023,1,1,0.615626782149986
818,South Sudan,2017,1,1,0.8510475531620741
819,South Sudan,2018,1,1,0.825519145691301
820,South Sudan,2019,1,1,0.8169113612601633
821,South Sudan,2020,1,1,0.6413954288392907
822,South Sudan,2021,1,1,0.8499247986710562
823,South Sudan,2022,1,1,0.7902628725233513
824,South Sudan,2023,1,1,0.664250017281454
825,Spain,2020,1,1,0.9702719560878243
826,Spain,2021,1,1,0.9695234530938124
827,Spain,2022,1,1,0.9445745413934035
828,Spain,2023,1,1,0.8943048426955611
829,Sri Lanka,2017,1,1,1.0
830,Sri Lanka,2018,1,1,1.0
831,Sri Lanka,2019,1,1,1.0
832,Sri Lanka,2020,1,1,1.0
833,Sri Lanka,2021,1,1,1.0
834,Sri Lanka,2022,1,1,0.9597949933466399
835,Sri Lanka,2023,1,1,0.8855743869404049
836,Sudan,2017,1,1,0.9921274334447986
837,Sudan,2018,1,1,0.9906304274567747
838,Sudan,2019,1,1,0.9927466495580268
839,Sudan,2020,1,1,0.9778460935272312
840,Sudan,2021,1,1,0.9884930355738736
841,Sudan,2022,1,1,0.9277653027278773
842,Sudan,2023,1,1,0.8407972744986215
843,Suriname,2018,0,1,0.5532308447540484
844,Suriname,2019,0,1,0.5583206651133298
845,Suriname,2020,1,1,0.5585452160115334
846,Suriname,2021,1,1,0.5419026083696742
847,Suriname,2022,1,1,0.5426511113636862
848,Suriname,2023,0,1,0.5439235664535065
849,Sweden,2020,1,0,0.15606554747647564
850,Sweden,2021,0,0,0.15606554747647564
851,Sweden,2022,1,0,0.15216263900769886
852,Sweden,2023,0,0,0.14767162104362702
853,Switzerland,2020,0,1,0.8845929893459836
854,Switzerland,2021,1,1,0.8845929893459836
855,Switzerland,2022,0,1,0.8827217318609536
856,Switzerland,2023,1,1,0.8802267218809138
857,Syria,2017,1,1,0.7644936317840508
858,Syria,2018,1,1,0.7676747695086016
859,Syria,2019,1,1,0.7644936317840508
860,Syria,2020,1,1,0.7644936317840508
861,Syria,2021,1,1,0.7419886417640907
862,Syria,2022,1,1,0.7286450907708392
863,Syria,2023,1,1,0.725821868168425
864,Tajikistan,2018,0,1,0.5831669993346642
865,Tajikistan,2019,1,1,0.5771852129075186
866,Tajikistan,2020,0,1,0.5733666595380669
867,Tajikistan,2021,1,1,0.5733666595380669
868,Tajikistan,2022,0,1,0.5746973315274215
869,Tajikistan,2023,0,1,0.5639337396635302
870,Tanzania,2017,1,1,0.984880239520958
871,Tanzania,2018,1,1,0.9851422155688622
872,Tanzania,2019,1,1,0.9845059880239521
873,Tanzania,2020,1,1,0.98813622754491
874,Tanzania,2021,1,1,0.9852919161676646
875,Tanzania,2022,1,1,0.9555505061305956
876,Tanzania,2023,1,1,0.8935343598517248
877,Thailand,2017,1,1,0.999812874251497
878,Thailand,2018,0,1,0.999438622754491
879,Thailand,2019,1,1,0.999812874251497
880,Thailand,2020,1,1,0.999812874251497
881,Thailand,2021,1,1,0.999438622754491
882,Thailand,2022,1,1,0.9573650318410795
883,Thailand,2023,0,1,0.8711505560307954
884,Togo,2017,1,0,0.03659347970725219
885,Togo,2018,1,0,0.043668615150651104
886,Togo,2019,0,0,0.04348148940214811
887,Togo,2020,1,0,0.17977111253683092
888,Togo,2021,1,0,0.16371988166524082
889,Togo,2022,1,0,0.17288904334188748
890,Togo,2023,0,0,0.17154173795266595
891,Trinidad and Tobago,2018,1,1,0.7534490542724078
892,Trinidad and Tobago,2019,1,1,0.7527005512783959
893,Trinidad and Tobago,2020,1,1,0.7556945632544437
894,Trinidad and Tobago,2021,1,1,0.7556945632544437
895,Trinidad and Tobago,2022,1,1,0.7296517084877866
896,Trinidad and Tobago,2023,1,1,0.685739532839084
897,Tunisia,2017,1,1,0.9611526946107786
898,Tunisia,2018,1,1,0.9686377245508984
899,Tunisia,2019,1,1,0.9551646706586827
900,Tunisia,2020,1,1,0.942881498906948
901,Tunisia,2021,1,1,0.9271005607831956
902,Tunisia,2022,1,1,0.9131971176694229
903,Tunisia,2023,1,1,0.8639141360136867
904,Turkey,2017,1,1,0.9148451473676025
905,Turkey,2018,1,1,0.9148451473676025
906,Turkey,2019,1,1,0.9148451473676025
907,Turkey,2020,1,1,0.9148451473676025
908,Turkey,2021,1,1,0.9148451473676025
909,Turkey,2022,1,1,0.9077432796744175
910,Turkey,2023,1,1,0.8793750162013635
911,Turkmenistan,2018,0,1,0.8138131475144946
912,Turkmenistan,2019,0,1,0.8145616505085066
913,Turkmenistan,2020,0,1,0.8145616505085066
914,Turkmenistan,2021,0,1,0.8145616505085066
915,Turkmenistan,2022,0,1,0.7917055769413552
916,Turkmenistan,2023,0,1,0.7541025092671798
917,Uganda,2017,1,1,0.9832754134587967
918,Uganda,2018,1,1,0.9497264399771884
919,Uganda,2019,1,1,0.9523961006558312
920,Uganda,2020,1,1,0.9573362204163102
921,Uganda,2021,1,1,0.8698641407660868
922,Uganda,2022,1,1,0.8921668567626652
923,Uganda,2023,1,1,0.8730877530652981
924,Ukraine,2018,1,1,0.9883964214428287
925,Ukraine,2019,1,1,0.9876479184488167
926,Ukraine,2020,1,1,0.9886958226404333
927,Ukraine,2021,1,1,0.9886958226404333
928,Ukraine,2022,1,1,0.9604784478661721
929,Ukraine,2023,0,1,0.9066159347970723
930,United Arab Emirates,2017,0,0,0.3295165351115951
931,United Arab Emirates,2018,0,0,0.3276515151515153
932,United Arab Emirates,2019,0,0,0.32644767283614606
933,United Arab Emirates,2020,0,0,0.32869318181818197
934,United Arab Emirates,2021,0,0,0.32632292233714405
935,United Arab Emirates,2022,0,0,0.3249872009228298
936,United Arab Emirates,2023,0,0,0.3182283971019002
937,United Kingdom,2020,1,1,0.9415731037924151
938,United Kingdom,2021,1,1,0.9415731037924151
939,United Kingdom,2022,1,1,0.9214538185533695
940,United Kingdom,2023,1,1,0.889622243608022
941,United States of America,2020,1,1,0.9873412266376339
942,United States of America,2021,1,1,0.9880897296316459
943,United States of America,2022,1,1,0.9585785139677355
944,United States of America,2023,1,1,0.8973381969826579
945,Uruguay,2018,1,1,0.6109046787377624
946,Uruguay,2019,1,1,0.6964288684535691
947,Uruguay,2020,0,1,0.6150879788042959
948,Uruguay,2021,0,1,0.7085635277064922
949,Uruguay,2022,1,1,0.6900057028799546
950,Uruguay,2023,0,1,0.6744460483794319
951,Uzbekistan,2018,0,1,0.866499144568007
952,Uzbekistan,2019,1,1,0.8691313800969491
953,Uzbekistan,2020,1,1,0.8681957513544342
954,Uzbekistan,2021,1,1,0.8691313800969491
955,Uzbekistan,2022,1,1,0.8415535001425721
956,Uzbekistan,2023,1,1,0.8008471152932232
957,Venezuela,2018,1,1,0.8235240827868071
958,Venezuela,2019,1,1,0.8182845618287232
959,Venezuela,2020,1,1,0.8187194064252447
960,Venezuela,2021,1,1,0.8152263924531885
961,Venezuela,2022,1,1,0.7868394164052845
962,Venezuela,2023,1,1,0.7359551729873587
963,Vietnam,2017,1,0,0.17095584264371685
964,Vietnam,2018,1,0,0.17120534364172088
965,Vietnam,2019,1,0,0.22372322454657767
966,Vietnam,2020,0,0,0.18441434231104883
967,Vietnam,2021,0,0,0.22704990451996424
968,Vietnam,2022,0,0,0.3588494007655682
969,Vietnam,2023,0,0,0.3573731865273778
970,Yemen (North Yemen),2017,1,1,0.8690125700978992
971,Yemen (North Yemen),2018,1,1,0.8679646659062826
972,Yemen (North Yemen),2019,1,1,0.8704804676361564
973,Yemen (North Yemen),2020,1,1,0.8712580790799352
974,Yemen (North Yemen),2021,1,1,0.8712580790799352
975,Yemen (North Yemen),2022,1,1,0.8488742752590059
976,Yemen (North Yemen),2023,1,1,0.8095255916737955
977,Zambia,2017,1,1,0.7136159229160728
978,Zambia,2018,1,0,0.3114399177834807
979,Zambia,2019,1,1,0.7354621114913032
980,Zambia,2020,1,1,0.5305427834806579
981,Zambia,2021,1,0,0.4950067127649464
982,Zambia,2022,1,0,0.38626081170991355
983,Zambia,2023,1,0,0.29023767940309864
984,Zimbabwe,2017,1,1,0.5685103008269178
985,Zimbabwe,2018,1,1,0.8150576822545386
986,Zimbabwe,2019,1,1,0.7736556648607549
987,Zimbabwe,2020,1,0,0.3503353412223169
988,Zimbabwe,2021,1,0,0.46943850394449227
989,Zimbabwe,2022,1,1,0.5231724051896209
990,Zimbabwe,2023,1,1,0.760970915312233
991,eSwatini,2017,0,0,0.0016467065868263474
992,eSwatini,2018,0,0,0.0016467065868263474
993,eSwatini,2019,1,0,0.004058549567531604
994,eSwatini,2020,1,0,0.0016467065868263474
995,eSwatini,2021,1,0,0.007670967588632258
996,eSwatini,2022,1,0,0.007603245889174032
997,eSwatini,2023,1,0,0.009100251877197985
